zone_id,canonical_location,years,core_year_overlap_n,source_ids,evidence_grades,impact_types,road_statuses,notes,severe_triggers,final_class,classification_rationale,d09_used
F01,Kampung Kangkar Tebrau,2015;2023;2025,2,SRC_2023_MDJ_MAIN;SRC_2025_MAYOR;SRC_2025_PPS;SRC_DUN2015,A2,EVACUATION/FLOOD;FLASH_FLOOD_INUNDATION;FLOODED;RECURRENT_FLASH_FLOOD,NOT_APPLICABLE,described as often affected,EVACUATION_OR_TRAPPED_VEHICLE,SEVERE,High-consequence historical evidence: EVACUATION_OR_TRAPPED_VEHICLE,False
F02,Kampung Laut Skudai,2020;2022;2025,2,SRC_2022_JPS_ANNUAL;SRC_2025_PPS;SRC_DUN2020,A1;A2,EVACUATION/FLOOD;OBSERVED_FLOOD;RECURRENT_FLASH_FLOOD,NOT_APPLICABLE,at least four times that year,EVACUATION_OR_TRAPPED_VEHICLE,SEVERE,High-consequence historical evidence: EVACUATION_OR_TRAPPED_VEHICLE,False
F03,Kampung Pasir Tebrau,2022;2023;2025,3,SRC_2022_JPS_ANNUAL;SRC_2023_PAULTAN;SRC_2025_PPS,A1;A2;B2,EVACUATION/FLOOD;FLOOD_AFFECTED_OR_MONITORED;OBSERVED_FLOOD,NOT_APPLICABLE,,EVACUATION_OR_TRAPPED_VEHICLE,SEVERE,High-consequence historical evidence: EVACUATION_OR_TRAPPED_VEHICLE,False
F04,Kampung Paya Kenangan,2022;2023;2025,3,SRC_2022_JPS_ANNUAL;SRC_2023_PAULTAN;SRC_2025_PPS,A1;A2;B2,EVACUATION/FLOOD;FLOOD_AFFECTED_OR_MONITORED;OBSERVED_FLOOD,NOT_APPLICABLE,,EVACUATION_OR_TRAPPED_VEHICLE,SEVERE,High-consequence historical evidence: EVACUATION_OR_TRAPPED_VEHICLE,False
F05,Jalan Ayer Molek,2022;2023,2,SRC_2022_BERNAMA;SRC_2022_MALAYMAIL;SRC_2022_MBJB;SRC_2023_FMT;SRC_2023_MDJ_MAIN;SRC_2023_MDJ_RESP;SRC_2023_MKINI;SRC_2023_UTUSAN,A2;B1,FLASH_FLOOD_AFFECTED;FLASH_FLOOD_INUNDATION;FLOOD_INUNDATION_DIRECT_OBSERVATION;ROAD_INUNDATED;VEHICLE_TRAPPED_IN_FLOOD,IMPASSABILITY_INDICATOR_NOT_FORMAL_CLOSURE;INUNDATED;INUNDATED/TRAFFIC_CONGESTION;INUNDATED; CLOSURE_NOT_CONFIRMED;INUNDATED_STATUS_NOT_SPECIFIED;NOT_APPLICABLE,,EVACUATION_OR_TRAPPED_VEHICLE,SEVERE,High-consequence historical evidence: EVACUATION_OR_TRAPPED_VEHICLE,False
F06,Kampung Mohd Amin,2022;2023,2,SRC_2022_BERNAMA;SRC_2022_MALAYMAIL;SRC_2022_MBJB;SRC_2023_MDJ_MAIN;SRC_2023_MDJ_RESP,A2;B1,FLASH_FLOOD_AFFECTED;FLASH_FLOOD_INUNDATION;FLOODED,NOT_APPLICABLE,,,RECURRENT,"Observed in at least two of the 2022/2023/2025 core years, without a Step 3B severe trigger.",False
F07,Jalan Kolam Ayer,2022;2023,2,SRC_2022_BERNAMA;SRC_2022_MBJB;SRC_2023_FMT;SRC_2023_MDJ_MAIN,A2;B1,FLASH_FLOOD_AFFECTED;FLASH_FLOOD_INUNDATION;ROAD_INUNDATED,INUNDATED;INUNDATED; CLOSURE_NOT_CONFIRMED;INUNDATED_STATUS_NOT_SPECIFIED,,MANUALLY_VERIFIED_HIGH_CONSEQUENCE,SEVERE,Explicit 6 Dec 2023 road-closure evidence for part of Jalan Kolam Ayer.,False
F08,Kampung Belantik,2012;2022;2025,2,SRC_2025_BELANTIK;SRC_2025_MAYOR;SRC_DUN2022,A2,FLOODED;RECURRENT_FLASH_FLOOD;RECURRENT_FLOOD,NOT_APPLICABLE,reported since 2012; ~2h heavy rain affects ~70 of >100 houses,MANUALLY_VERIFIED_HIGH_CONSEQUENCE,SEVERE,Long-term recurrent flooding; reported ~1 m water depth and ~70 of >100 houses affected.,False
F09,Jalan Stulang Darat,2022;2023,2,SRC_2022_MBJB;SRC_2023_FMT;SRC_2023_MDJ_MAIN;SRC_2023_MDJ_RESP,A2;B1,FLASH_FLOOD_AFFECTED;FLASH_FLOOD_INUNDATION,INUNDATED;INUNDATED_STATUS_NOT_SPECIFIED;NOT_APPLICABLE,,,RECURRENT,"Observed in at least two of the 2022/2023/2025 core years, without a Step 3B severe trigger.",False
F10,Jalan Tun Abdul Razak,2022;2023,2,SRC_2022_BERNAMA;SRC_2022_MBJB;SRC_2023_FMT;SRC_2023_MDJ_MAIN,A2;B1,FLASH_FLOOD_AFFECTED;FLASH_FLOOD_INUNDATION;ROAD_INUNDATED,INUNDATED;INUNDATED; CLOSURE_NOT_CONFIRMED;INUNDATED_STATUS_NOT_SPECIFIED,,,RECURRENT,"Observed in at least two of the 2022/2023/2025 core years, without a Step 3B severe trigger.",False
F11,Jalan Yahya Awal,2022;2023,2,SRC_2022_BERNAMA;SRC_2022_MALAYMAIL;SRC_2023_FMT;SRC_2023_MDJ_MAIN,A2;B1,FLASH_FLOOD_AFFECTED;FLASH_FLOOD_INUNDATION;ROAD_INUNDATED,INUNDATED/TRAFFIC_CONGESTION;INUNDATED; CLOSURE_NOT_CONFIRMED;INUNDATED_STATUS_NOT_SPECIFIED,,,RECURRENT,"Observed in at least two of the 2022/2023/2025 core years, without a Step 3B severe trigger.",False
F12,Jalan Mahmoodiah,2022;2023,2,SRC_2022_MALAYMAIL;SRC_2023_FMT;SRC_2023_MDJ_MAIN,A2;B1,FLASH_FLOOD_AFFECTED;FLASH_FLOOD_INUNDATION,INUNDATED/TRAFFIC_CONGESTION;INUNDATED_STATUS_NOT_SPECIFIED,,,RECURRENT,"Observed in at least two of the 2022/2023/2025 core years, without a Step 3B severe trigger.",False
F13,Jalan Tebrau,2022;2023,2,SRC_2022_MBJB;SRC_2023_FMT;SRC_2023_MDJ_MAIN,A2;B1,FLASH_FLOOD_AFFECTED;FLASH_FLOOD_INUNDATION,INUNDATED;INUNDATED_STATUS_NOT_SPECIFIED,,,RECURRENT,"Observed in at least two of the 2022/2023/2025 core years, without a Step 3B severe trigger.",False
F14,Jalan Sungai Chat,2022;2023,2,SRC_2022_MBJB;SRC_2023_UTUSAN,B1,FLASH_FLOOD_AFFECTED;FLOOD_INUNDATION_DIRECT_OBSERVATION,INUNDATED,,,RECURRENT,"Observed in at least two of the 2022/2023/2025 core years, without a Step 3B severe trigger.",False
F15,Kampung Bunga Ros,2022;2025,2,SRC_2022_JPS_ANNUAL;SRC_2025_PPS,A1;A2,EVACUATION/FLOOD;OBSERVED_FLOOD,NOT_APPLICABLE,,EVACUATION_OR_TRAPPED_VEHICLE,SEVERE,High-consequence historical evidence: EVACUATION_OR_TRAPPED_VEHICLE,False
F16,Kampung Tengah Tebrau,2022;2023,2,SRC_2022_JPS_ANNUAL;SRC_2023_PAULTAN,A1;B2,FLOOD_AFFECTED_OR_MONITORED;OBSERVED_FLOOD,NOT_APPLICABLE,,,RECURRENT,"Observed in at least two of the 2022/2023/2025 core years, without a Step 3B severe trigger.",False
