facility_id,facility_name,facility_group,facility_class,address,phone,latitude,longitude,coordinate_quality,coordinate_source,emergency_destination,primary_destination_role,inventory_authority,inventory_status,source_checked_date,network_snap_status,official_inventory_source,inside_jb_district,easting_rso_m,northing_rso_m,dist_to_district_boundary_m,review_flag,review_reason
KD_001,Klinik Desa Bakar Batu,KLINIK_DESA,H4_COMMUNITY_PRIMARY,"JKR 3302, Jln Sekolah, Kg Bakar Batu, 80150 Johor Bahru",07-3315572,1.498257,103.7859305,A_OFFICIAL_MAP_POI,Official PKD Johor Bahru facility map link,False,COMMUNITY_PRIMARY_CARE,Pejabat Kesihatan Daerah Johor Bahru (PKDJB),CURRENT_PKD_BASELINE,2026-10-04,NOT_YET_SNAPPED,https://jknjohor.moh.gov.my/pkdjb/index.php/elementor-497/,True,643285.9407240436,165684.68358252745,3015.9074798609345,False,
KD_002,Klinik Desa Antoi,KLINIK_DESA,H4_COMMUNITY_PRIMARY,"Jln Bunga Antoi, Kg Dato Sulaiman Menteri, 81100 Johor Bahru",07-3355125,1.5074153,103.7667647,A_OFFICIAL_MAP_POI,Official PKD Johor Bahru facility map link,False,COMMUNITY_PRIMARY_CARE,Pejabat Kesihatan Daerah Johor Bahru (PKDJB),CURRENT_PKD_BASELINE,2026-10-04,NOT_YET_SNAPPED,https://jknjohor.moh.gov.my/pkdjb/index.php/elementor-497/,True,641153.8856019282,166698.10904054207,5162.848729899343,False,
KD_003,Klinik Desa Kangkar Tebrau,KLINIK_DESA,H4_COMMUNITY_PRIMARY,"JKR 5496, Jln Kangkar Tebrau, 81100 Johor Bahru",07-3548543,1.535958,103.7580512,A_OFFICIAL_MAP_POI,Official PKD Johor Bahru facility map link,False,COMMUNITY_PRIMARY_CARE,Pejabat Kesihatan Daerah Johor Bahru (PKDJB),CURRENT_PKD_BASELINE,2026-10-04,NOT_YET_SNAPPED,https://jknjohor.moh.gov.my/pkdjb/index.php/elementor-497/,True,640185.7405742945,169854.16605747913,8211.591928607964,False,
KD_004,Klinik Desa Plentong,KLINIK_DESA,H4_COMMUNITY_PRIMARY,"JKR 6124, Jln Bunga Matahari, Plentong 81750 Johor Bahru",07-3884072,1.522478,103.8203888,A_OFFICIAL_MAP_POI,Official PKD Johor Bahru facility map link,False,COMMUNITY_PRIMARY_CARE,Pejabat Kesihatan Daerah Johor Bahru (PKDJB),CURRENT_PKD_BASELINE,2026-10-04,NOT_YET_SNAPPED,https://jknjohor.moh.gov.my/pkdjb/index.php/elementor-497/,True,647121.0100619768,168360.9561132959,5004.119971301225,False,
KD_005,Klinik Desa Permas Jaya,KLINIK_DESA,H4_COMMUNITY_PRIMARY,"JKR 5942, Jalan Permas 1/27, 81750 Johor Bahru",07-3868190,1.5099392,103.8201046,A_OFFICIAL_MAP_POI,Official PKD Johor Bahru facility map link,False,COMMUNITY_PRIMARY_CARE,Pejabat Kesihatan Daerah Johor Bahru (PKDJB),CURRENT_PKD_BASELINE,2026-10-04,NOT_YET_SNAPPED,https://jknjohor.moh.gov.my/pkdjb/index.php/elementor-497/,True,647088.8356123792,166974.7010579721,3635.4357097610105,False,
KD_006,Klinik Desa Pasir Putih,KLINIK_DESA,H4_COMMUNITY_PRIMARY,"Jalan Muafakat, Kampung Pasir Putih, 81700 Pasir Gudang, Johor",07-2711902,1.4349193,103.9310097,A_OFFICIAL_MAP_POI,Official PKD Johor Bahru facility map link,False,COMMUNITY_PRIMARY_CARE,Pejabat Kesihatan Daerah Johor Bahru (PKDJB),CURRENT_PKD_BASELINE,2026-10-04,NOT_YET_SNAPPED,https://jknjohor.moh.gov.my/pkdjb/index.php/elementor-497/,True,659425.7287825613,158676.0860512425,531.7015017303552,False,
KD_007,Klinik Desa Tanjung Langsat,KLINIK_DESA,H4_COMMUNITY_PRIMARY,"Jalan Kg Tanjung Langsat, 81700 Pasir Gudang, Johor",07-2167657,1.468075,104.0069469,A_OFFICIAL_MAP_POI,Official PKD Johor Bahru facility map link,False,COMMUNITY_PRIMARY_CARE,Pejabat Kesihatan Daerah Johor Bahru (PKDJB),CURRENT_PKD_BASELINE,2026-10-04,NOT_YET_SNAPPED,https://jknjohor.moh.gov.my/pkdjb/index.php/elementor-497/,True,667876.1883665231,162338.9678380733,2032.3385506459117,False,
KD_008,Klinik Desa Sungai Tiram,KLINIK_DESA,H4_COMMUNITY_PRIMARY,"JKR 2114, Jln Sg. Tiram, 81800 Ulu Tiram Johor",07-8616449,1.585244,103.880646,A_OFFICIAL_MAP_POI,Official PKD Johor Bahru facility map link,False,COMMUNITY_PRIMARY_CARE,Pejabat Kesihatan Daerah Johor Bahru (PKDJB),CURRENT_PKD_BASELINE,2026-10-04,NOT_YET_SNAPPED,https://jknjohor.moh.gov.my/pkdjb/index.php/elementor-497/,True,653827.9978634785,175297.652076425,1738.2499312871926,False,
KD_009,Klinik Desa Felda Ulu Tebrau,KLINIK_DESA,H4_COMMUNITY_PRIMARY,"Jalan Teratai, Felda Ulu Tebrau, 81800 Ulu Tiram Johor",07-8601210,1.6332745,103.7598831,A_OFFICIAL_MAP_POI,Official PKD Johor Bahru facility map link,False,COMMUNITY_PRIMARY_CARE,Pejabat Kesihatan Daerah Johor Bahru (PKDJB),CURRENT_PKD_BASELINE,2026-10-04,NOT_YET_SNAPPED,https://jknjohor.moh.gov.my/pkdjb/index.php/elementor-497/,True,640394.2330898377,180613.23218772473,1758.4805922969324,False,
KD_010,Klinik Desa Kempas Baru,KLINIK_DESA,H4_COMMUNITY_PRIMARY,"JKR 5853, Jalan Lurah 2, Kempas Baru, 81200 Johor Bahru",07-2356414,1.5325566,103.7147882,A_OFFICIAL_MAP_POI,Official PKD Johor Bahru facility map link,False,COMMUNITY_PRIMARY_CARE,Pejabat Kesihatan Daerah Johor Bahru (PKDJB),CURRENT_PKD_BASELINE,2026-10-04,NOT_YET_SNAPPED,https://jknjohor.moh.gov.my/pkdjb/index.php/elementor-497/,True,635371.9844705386,169480.2446539825,6276.934214718969,False,
KD_011,Klinik Desa Maju Jaya,KLINIK_DESA,H4_COMMUNITY_PRIMARY,"Jalan Bunga Melor, Kg Maju Jaya 81300 Johor Bahru",07-5542850,1.5814596,103.7180064,A_OFFICIAL_MAP_POI,Official PKD Johor Bahru facility map link,False,COMMUNITY_PRIMARY_CARE,Pejabat Kesihatan Daerah Johor Bahru (PKDJB),CURRENT_PKD_BASELINE,2026-10-04,NOT_YET_SNAPPED,https://jknjohor.moh.gov.my/pkdjb/index.php/elementor-497/,True,635732.5097113012,174886.73845456596,3764.3091322566447,False,
KD_012,Klinik Desa Sungai Melayu,KLINIK_DESA,H4_COMMUNITY_PRIMARY,"Kampung Sungai Melayu, 79100 Iskandar Puteri, Johor",07-2711902,1.4547789,103.6909027,A_OFFICIAL_MAP_POI,Official PKD Johor Bahru facility map link,False,COMMUNITY_PRIMARY_CARE,Pejabat Kesihatan Daerah Johor Bahru (PKDJB),CURRENT_PKD_BASELINE,2026-10-04,NOT_YET_SNAPPED,https://jknjohor.moh.gov.my/pkdjb/index.php/elementor-497/,True,632710.4065090141,160882.41619001087,1292.595935806962,False,
KD_013,Klinik Desa Skudai,KLINIK_DESA,H4_COMMUNITY_PRIMARY,"117, Jalan Pendekar 2, Taman Ungku Tun Aminah, 81300 Skudai",07-5587939,1.5174333,103.6529997,B_OFFICIAL_ADDRESS_POINT,"Official PKD map link resolves to Jalan Pendekar 2 address/Street View rather than a clinic POI; retain for inventory, review entrance during D04-C",False,COMMUNITY_PRIMARY_CARE,Pejabat Kesihatan Daerah Johor Bahru (PKDJB),CURRENT_PKD_BASELINE,2026-10-04,NOT_YET_SNAPPED,https://jknjohor.moh.gov.my/pkdjb/index.php/elementor-497/,True,628496.338305238,167811.45465111165,2992.368310734268,True,Official map target is an address/Street View point rather than a facility POI; verify access entrance in D04-C.
KD_014,Klinik Desa Kangkar Pulai,KLINIK_DESA,H4_COMMUNITY_PRIMARY,"Jalan Kangar Pulai, 81110 Kangkar Pulai Johor",07-5273099,1.55727,103.59274,A_OFFICIAL_MAP_POI,Official PKD Johor Bahru facility map link,False,COMMUNITY_PRIMARY_CARE,Pejabat Kesihatan Daerah Johor Bahru (PKDJB),CURRENT_PKD_BASELINE,2026-10-04,NOT_YET_SNAPPED,https://jknjohor.moh.gov.my/pkdjb/index.php/elementor-497/,True,621793.8049560176,172219.16534551207,31.941005138270036,False,
KD_015,Klinik Desa Lima Kedai,KLINIK_DESA,H4_COMMUNITY_PRIMARY,"Blok C, Taman Perumahan Lima Kedai, 81300 Johor Bahru",07-5104505,1.502177,103.6199671,A_OFFICIAL_MAP_POI,Official PKD Johor Bahru facility map link,False,COMMUNITY_PRIMARY_CARE,Pejabat Kesihatan Daerah Johor Bahru (PKDJB),CURRENT_PKD_BASELINE,2026-10-04,NOT_YET_SNAPPED,https://jknjohor.moh.gov.my/pkdjb/index.php/elementor-497/,True,624820.1089334362,166126.53556046245,4688.894352043107,False,
KD_016,Klinik Desa Kampung Pulai,KLINIK_DESA,H4_COMMUNITY_PRIMARY,"Jalan Pulai, Kampung Pulai, 81550 Gelang Patah, Johor",07-5103605,1.4771498,103.5660913,A_OFFICIAL_MAP_POI,Official PKD Johor Bahru facility map link,False,COMMUNITY_PRIMARY_CARE,Pejabat Kesihatan Daerah Johor Bahru (PKDJB),CURRENT_PKD_BASELINE,2026-10-04,NOT_YET_SNAPPED,https://jknjohor.moh.gov.my/pkdjb/index.php/elementor-497/,True,618824.0643394436,163362.6035423638,163.34518196392835,False,
KD_017,Klinik Desa Tiram Duku,KLINIK_DESA,H4_COMMUNITY_PRIMARY,"Kampung Tiram Duku, 81550 Gelang Patah, Johor",07-5073480,1.3823552,103.5684982,A_OFFICIAL_MAP_POI,Official PKD Johor Bahru facility map link,False,COMMUNITY_PRIMARY_CARE,Pejabat Kesihatan Daerah Johor Bahru (PKDJB),CURRENT_PKD_BASELINE,2026-10-04,NOT_YET_SNAPPED,https://jknjohor.moh.gov.my/pkdjb/index.php/elementor-497/,True,619086.4162347119,152881.85789195405,3431.100806855694,False,
KKOM_001,Klinik Komuniti Sri Stulang,KLINIK_KOMUNITI,H4_COMMUNITY_PRIMARY,"Jalan Sri Stulang 1, Projek Perumahan Rakyat, 81750 Johor Bahru, Johor",07-2166001,1.4957758,103.7908798,A_OFFICIAL_MAP_POI,Official PKD Johor Bahru facility map link,False,COMMUNITY_PRIMARY_CARE,Pejabat Kesihatan Daerah Johor Bahru (PKDJB),CURRENT_PKD_BASELINE,2026-10-04,NOT_YET_SNAPPED,https://jknjohor.moh.gov.my/pkdjb/index.php/klinik-komuniti/,True,643836.511717854,165410.13776966487,2485.5248957005037,False,
KKOM_002,Klinik Komuniti Laman Tasek,KLINIK_KOMUNITI,H4_COMMUNITY_PRIMARY,"Blok B, Rumah Pangsa Laman Tasik, Taman Redang, 81100 Johor Bahru",07-3538101,1.5143115,103.7947624,A_OFFICIAL_MAP_POI,Official PKD map point; older MOH/JKN sources use alias 'Laman Tasek Harmoni' and a slightly different address description,False,COMMUNITY_PRIMARY_CARE,Pejabat Kesihatan Daerah Johor Bahru (PKDJB),CURRENT_PKD_BASELINE,2026-10-04,NOT_YET_SNAPPED,https://jknjohor.moh.gov.my/pkdjb/index.php/klinik-komuniti/,True,644269.3527765312,167459.23820319213,4282.665630180632,False,
KKOM_003,Klinik Komuniti Bandar Seri Alam,KLINIK_KOMUNITI,H4_COMMUNITY_PRIMARY,"Blok A, Rumah Pangsa Sri Alam, Jalan Tasek 64, Bandar Sri Alam, 81750 Johor Bahru",07-2523001,1.5057765816,103.8743737337,B_REVIEW_OFFICIAL_MAP_LINK_ERROR,Current PKD Peta link incorrectly redirects to a Kuala Lumpur facility; coordinate cross-validated from independent map directory at the correct Seri Alam address,False,COMMUNITY_PRIMARY_CARE,Pejabat Kesihatan Daerah Johor Bahru (PKDJB),CURRENT_PKD_BASELINE,2026-10-04,NOT_YET_SNAPPED,https://jknjohor.moh.gov.my/pkdjb/index.php/klinik-komuniti/,True,653126.8679577449,166512.16421561592,5135.24701089171,True,Current PKD map shortcut resolves to the wrong Kuala Lumpur facility; coordinate replaced by cross-validated Seri Alam address point.
KKOM_004,Klinik Komuniti Taman Kota Masai,KLINIK_KOMUNITI,H4_COMMUNITY_PRIMARY,"No 22, Jalan Tembikai 5, Taman Kota Masai, 81750 Masai, Johor",07-2526101,1.4829807,103.9537235,A_OFFICIAL_MAP_POI,Official PKD Johor Bahru facility map link,False,COMMUNITY_PRIMARY_CARE,Pejabat Kesihatan Daerah Johor Bahru (PKDJB),CURRENT_PKD_BASELINE,2026-10-04,NOT_YET_SNAPPED,https://jknjohor.moh.gov.my/pkdjb/index.php/klinik-komuniti/,True,661954.797664613,163988.7964439773,6160.299358070898,False,
KKOM_005,Klinik Komuniti Taman Cempaka,KLINIK_KOMUNITI,H4_COMMUNITY_PRIMARY,"Blok 17, Taman Cempaka, 81200 Johor Bahru",07-2344001,1.516257,103.6997629,A_OFFICIAL_MAP_POI,Official PKD Johor Bahru facility map link,False,COMMUNITY_PRIMARY_CARE,Pejabat Kesihatan Daerah Johor Bahru (PKDJB),CURRENT_PKD_BASELINE,2026-10-04,NOT_YET_SNAPPED,https://jknjohor.moh.gov.my/pkdjb/index.php/klinik-komuniti/,True,633699.3814761402,167678.94163339667,5492.314208643599,False,
KKOM_006,Klinik Komuniti Nusa Bestari,KLINIK_KOMUNITI,H4_COMMUNITY_PRIMARY,"No.5, Jalan Bestari 5/1, Taman Nusa Bestari, 81300 Johor Bahru",07-5113001,1.4901587,103.6621894,A_OFFICIAL_MAP_POI,Official PKD Johor Bahru facility map link,False,COMMUNITY_PRIMARY_CARE,Pejabat Kesihatan Daerah Johor Bahru (PKDJB),CURRENT_PKD_BASELINE,2026-10-04,NOT_YET_SNAPPED,https://jknjohor.moh.gov.my/pkdjb/index.php/klinik-komuniti/,True,629517.3851381647,164795.4927432661,6124.011649349151,False,
KKOM_007,Klinik Komuniti Bandar Baru Kangkar Pulai,KLINIK_KOMUNITI,H4_COMMUNITY_PRIMARY,"Pangsapuri Kenari B1, Jln Pulai Harmoni, Bandar Baru Kangkar Pulai, 81300 Johor Bahru",07-5540086,1.5530262,103.5880393,A_OFFICIAL_MAP_POI,Official PKD Johor Bahru facility map link,False,COMMUNITY_PRIMARY_CARE,Pejabat Kesihatan Daerah Johor Bahru (PKDJB),CURRENT_PKD_BASELINE,2026-10-04,NOT_YET_SNAPPED,https://jknjohor.moh.gov.my/pkdjb/index.php/klinik-komuniti/,True,621270.5432739309,171750.2443402902,685.8486666952696,False,
KKIA_001,Klinik Kesihatan Ibu & Anak Jalan Abd Samad,KKIA,H4_MATERNAL_CHILD,"Jalan Abdul Samad, 80100 Johor Bahru, Johor",07-2224711,1.4795819,103.7421403,A_OFFICIAL_MAP_POI,Official PKD Johor Bahru facility map link; retained as the one independent KKIA consistent with PKD current facility-count statement,False,MATERNAL_CHILD_PRIMARY_CARE,Pejabat Kesihatan Daerah Johor Bahru (PKDJB),CURRENT_PKD_BASELINE,2026-10-04,NOT_YET_SNAPPED,https://jknjohor.moh.gov.my/pkdjb/index.php/klinik-kesihatan/,True,638412.7108190416,163622.06237650354,2711.224440034303,False,
