baseline_nearest_hospital_id,baseline_nearest_hospital_name,origin_count,population,population_pct_total,weighted_mean_time_min,weighted_p50_time_min,weighted_p90_time_min
HOSP_001,Hospital Sultanah Aminah Johor Bahru,1013.0,43299.74213703722,2.2720476134214342,4.235583666878946,4.461446518712088,5.733979851200264
HOSP_002,Hospital Sultan Ismail Johor Bahru,13419.0,333878.55697978084,17.519457186550575,8.298779695935789,7.183336020139657,12.906007592007088
HOSP_003,Hospital Pasir Gudang,2574.0,50177.108819675166,2.6329205375247375,5.554521843216327,5.823012447780658,8.094621433360057
PRIV_001,Columbia Asia Hospital Tebrau,3909.0,160099.22855612822,8.400813773909778,5.009395594320339,4.7053923973728935,7.563195279131665
PRIV_002,Columbia Asia Hospital Iskandar Puteri,6649.0,199876.66158558102,10.488036868601009,8.41680874741835,7.553910224430761,15.604693213476628
PRIV_003,Gleneagles Hospital Johor,8655.0,85070.84178440273,4.463883466933509,10.63185933029974,12.042568748981594,16.971867058645984
PRIV_004,KPJ Johor Specialist Hospital,440.0,20336.495532461442,1.0671076514416926,2.5196641934155553,2.5383341982103578,3.6958266401495194
PRIV_005,Hospital Penawar,6870.0,138617.18109007296,7.273596098520718,7.616924235525288,6.816567591451966,13.357187591956347
PRIV_006,Kempas Medical Centre,6972.0,263596.5703261979,13.831582567403554,7.483432880407431,7.0507142395606515,11.90870093648908
PRIV_007,Kensington Hospital Johor,6455.0,181888.94316024845,9.54417552665977,8.428750734972777,8.130428991426971,13.117272439564077
PRIV_008,KPJ Bandar Dato' Onn Specialist Hospital,6526.0,128515.22576005757,6.743520805559125,7.325532217288994,6.486293022411653,11.948367340088016
PRIV_009,KPJ Puteri Specialist Hospital,2992.0,127986.30861777719,6.715767177673477,4.619437153269588,4.498607934890461,7.219903422511104
PRIV_010,KPJ Pasir Gudang Specialist Hospital,5589.0,96306.62920165312,5.053453813691725,6.861598750300794,6.597738332117434,10.349114450020378
PRIV_011,Regency Specialist Hospital,2112.0,71151.12136001512,3.733480328050348,4.0802611050299245,3.725000460126553,5.930999086194276
