weak_component,node_count,origin_count,population,hospital_count,node_pct,population_pct
0,383917,74199.0,1900987.696647335,14.0,98.41754466917891,99.74966007053048
46,72,50.0,439.8958382755518,0.0,0.018457279089440896,0.0230824536170408
92,98,132.0,388.81031648349017,0.0,0.025122407649516777,0.02040186634008423
67,20,5.0,306.6954460144043,0.0,0.005127021969289138,0.016093090207301864
47,36,8.0,220.93834972381592,0.0,0.009228639544720448,0.01159319722077251
57,94,17.0,217.98478442430496,0.0,0.02409700325565895,0.011438216136390988
69,2,7.0,191.13739395141602,0.0,0.0005127021969289139,0.01002946526537034
31,36,36.0,191.08343877643347,0.0,0.009228639544720448,0.010026634100090812
70,17,10.0,185.38167932629585,0.0,0.004357968673895768,0.00972744827792151
27,126,71.0,184.12262466736138,0.0,0.032300238406521575,0.009661382477253557
34,70,31.0,180.3619030378759,0.0,0.017944576892511985,0.00946404784703861
55,36,4.0,150.56471633911133,0.0,0.009228639544720448,0.007900513664517647
75,11,19.0,109.25510701537132,0.0,0.002819862083109026,0.005732893382199784
79,75,40.0,102.18307226896286,0.0,0.01922633238483427,0.00536180572960458
87,39,30.0,93.73230358213186,0.0,0.00999769284011382,0.004918372400008203
102,57,49.0,90.57052430137992,0.0,0.014612012612474044,0.004752465798387749
91,19,39.0,87.38454750645906,0.0,0.004870670870824682,0.0045852894916465535
84,14,18.0,87.06254078261554,0.0,0.0035889153785023968,0.004568392979743576
89,85,38.0,85.19279596209526,0.0,0.02178984336947884,0.004470282712857334
59,21,23.0,83.36652168631554,0.0,0.005383373067753595,0.004374453456031597
73,22,15.0,78.5617116689682,0.0,0.005639724166218052,0.0041223328522111986
29,28,23.0,78.27310481667519,0.0,0.0071778307570047935,0.0041071889165292235
63,5,5.0,73.02702808380127,0.0,0.0012817554923222846,0.0038319139256752597
23,2,2.0,70.07482719421387,0.0,0.0005127021969289139,0.0036770044353531387
83,8,6.0,69.96961975097656,0.0,0.0020508087877156556,0.003671483933185597
78,6,16.0,67.63676506280899,0.0,0.0015381065907867414,0.003549073113510614
61,4,4.0,65.97706317901611,0.0,0.0010254043938578278,0.003461984333810073
33,19,29.0,62.700159680098295,0.0,0.004870670870824682,0.0032900368716158325
82,7,6.0,59.7701473236084,0.0,0.0017944576892511984,0.0031362916700673022
90,10,8.0,58.618213176727295,0.0,0.002563510984644569,0.0030758467551540297
36,2,8.0,52.743486166000366,0.0,0.0005127021969289139,0.002767584885095284
74,12,1.0,51.59959030151367,0.0,0.0030762131815734828,0.002707561759306584
98,11,6.0,49.57609349489212,0.0,0.002819862083109026,0.002601383734603803
65,6,10.0,41.66283857822418,0.0,0.0015381065907867414,0.002186155119825705
51,18,4.0,40.51534652709961,0.0,0.004614319772360224,0.002125943292976335
94,24,17.0,37.76142171770334,0.0,0.0061524263631469655,0.001981437852945578
77,3,13.0,35.4531312584877,0.0,0.0007690532953933707,0.0018603159808488305
71,8,4.0,30.959585949778557,0.0,0.0020508087877156556,0.0016245282280686409
58,11,4.0,30.441341400146484,0.0,0.002819862083109026,0.0015973346182676016
95,8,26.0,29.283053811639547,0.0,0.0020508087877156556,0.0015365563221106874
88,2,10.0,28.02298365533352,0.0,0.0005127021969289139,0.0014704372357124843
54,16,1.0,27.34149932861328,0.0,0.004101617575431311,0.0014346780195673052
22,2,1.0,25.63790512084961,0.0,0.0005127021969289139,0.0013452860979771488
81,22,11.0,24.113288789987564,0.0,0.005639724166218052,0.0012652856008620525
68,2,1.0,21.491804122924805,0.0,0.0005127021969289139,0.0011277296319934496
85,6,6.0,19.908053427934647,0.0,0.0015381065907867414,0.001044626204369824
76,7,13.0,19.485040202736855,0.0,0.0017944576892511984,0.0010224296244060313
96,25,21.0,19.007162276655436,0.0,0.006408777461611423,0.0009973541540250809
97,6,4.0,15.916520819067957,0.0,0.0015381065907867414,0.0008351803349425301
86,8,15.0,14.95706107094884,0.0,0.0020508087877156556,0.0007848350413380372
40,9,1.0,14.91385555267334,0.0,0.002307159886180112,0.000782567937890312
100,11,10.0,12.01132407784462,0.0,0.002819862083109026,0.0006302647281068916
99,2,1.0,9.95523166656494,0.0,0.0005127021969289139,0.0005223763291128008
80,29,7.0,9.301021814346313,0.0,0.007434181855469251,0.00048804827402402216
24,16,1.0,8.529190063476562,0.0,0.004101617575431311,0.0004475482987129337
101,14,4.0,7.556451976299286,0.0,0.0035889153785023968,0.00039650625688135416
19,42,3.0,4.649194106459618,0.0,0.01076674613550719,0.00024395504112896681
39,2,4.0,4.275239914655685,0.0,0.0005127021969289139,0.00022433271344100792
93,5,2.0,3.4734020233154297,0.0,0.0012817554923222846,0.00018225823961147023
104,1136,0.0,0.0,0.0,0.29121484785562307,0.0
11,983,0.0,0.0,0.0,0.25199312979056115,0.0
105,814,0.0,0.0,0.0,0.20866979415006792,0.0
66,463,0.0,0.0,0.0,0.11869055858904357,0.0
103,377,0.0,0.0,0.0,0.09664436412110025,0.0
62,187,0.0,0.0,0.0,0.04793765541285345,0.0
106,147,0.0,0.0,0.0,0.03768361147427517,0.0
2,97,0.0,0.0,0.0,0.024866056551052323,0.0
35,96,0.0,0.0,0.0,0.024609705452587862,0.0
107,69,0.0,0.0,0.0,0.017688225794047528,0.0
14,54,0.0,0.0,0.0,0.013842959317080674,0.0
16,30,0.0,0.0,0.0,0.007690532953933707,0.0
8,29,0.0,0.0,0.0,0.007434181855469251,0.0
56,28,0.0,0.0,0.0,0.0071778307570047935,0.0
60,27,0.0,0.0,0.0,0.006921479658540337,0.0
53,20,0.0,0.0,0.0,0.005127021969289138,0.0
37,18,0.0,0.0,0.0,0.004614319772360224,0.0
45,17,0.0,0.0,0.0,0.004357968673895768,0.0
48,17,0.0,0.0,0.0,0.004357968673895768,0.0
50,16,0.0,0.0,0.0,0.004101617575431311,0.0
43,16,0.0,0.0,0.0,0.004101617575431311,0.0
5,14,0.0,0.0,0.0,0.0035889153785023968,0.0
41,13,0.0,0.0,0.0,0.0033325642800379404,0.0
7,13,0.0,0.0,0.0,0.0033325642800379404,0.0
44,13,0.0,0.0,0.0,0.0033325642800379404,0.0
20,12,0.0,0.0,0.0,0.0030762131815734828,0.0
26,11,0.0,0.0,0.0,0.002819862083109026,0.0
28,10,0.0,0.0,0.0,0.002563510984644569,0.0
25,7,0.0,0.0,0.0,0.0017944576892511984,0.0
10,7,0.0,0.0,0.0,0.0017944576892511984,0.0
1,7,0.0,0.0,0.0,0.0017944576892511984,0.0
6,6,0.0,0.0,0.0,0.0015381065907867414,0.0
32,6,0.0,0.0,0.0,0.0015381065907867414,0.0
52,6,0.0,0.0,0.0,0.0015381065907867414,0.0
64,6,0.0,0.0,0.0,0.0015381065907867414,0.0
42,5,0.0,0.0,0.0,0.0012817554923222846,0.0
4,4,0.0,0.0,0.0,0.0010254043938578278,0.0
3,2,0.0,0.0,0.0,0.0005127021969289139,0.0
9,2,0.0,0.0,0.0,0.0005127021969289139,0.0
13,2,0.0,0.0,0.0,0.0005127021969289139,0.0
15,2,0.0,0.0,0.0,0.0005127021969289139,0.0
38,2,0.0,0.0,0.0,0.0005127021969289139,0.0
30,2,0.0,0.0,0.0,0.0005127021969289139,0.0
12,2,0.0,0.0,0.0,0.0005127021969289139,0.0
21,2,0.0,0.0,0.0,0.0005127021969289139,0.0
18,2,0.0,0.0,0.0,0.0005127021969289139,0.0
17,2,0.0,0.0,0.0,0.0005127021969289139,0.0
49,2,0.0,0.0,0.0,0.0005127021969289139,0.0
72,2,0.0,0.0,0.0,0.0005127021969289139,0.0
