filename,source_part_zip,size_bytes_uncompressed,sha256,filename_utc_start,hdf5_grid_time_utc,time_match
3B-HHR.MS.MRG.3IMERG.20250318-S160000-E162959.0960.V07B.HDF5,RAW_AUTHENTICATED_part01.zip,7877106,348fc5f371b59620cd0f48698ffb082c89ca8a601f4b7bcfacfe885845055094,2025-03-18T16:00:00+00:00,2025-03-18T16:00:00+00:00,True
3B-HHR.MS.MRG.3IMERG.20250318-S163000-E165959.0990.V07B.HDF5,RAW_AUTHENTICATED_part01.zip,7918300,235fa12d651bf313b051324b95fe57cd4320e61e07b76971a397f0dcba5b064a,2025-03-18T16:30:00+00:00,2025-03-18T16:30:00+00:00,True
3B-HHR.MS.MRG.3IMERG.20250318-S170000-E172959.1020.V07B.HDF5,RAW_AUTHENTICATED_part01.zip,7986045,0dbd71c4de723a6005f50517f23c75e169a13b772074530dc0607947b5e4050c,2025-03-18T17:00:00+00:00,2025-03-18T17:00:00+00:00,True
3B-HHR.MS.MRG.3IMERG.20250318-S173000-E175959.1050.V07B.HDF5,RAW_AUTHENTICATED_part01.zip,7844169,f3aa88347e0e8c0bb8f9ebd6ba276ef1ae22db9a9d8b7e0f5e4f03d4c375ba72,2025-03-18T17:30:00+00:00,2025-03-18T17:30:00+00:00,True
3B-HHR.MS.MRG.3IMERG.20250318-S180000-E182959.1080.V07B.HDF5,RAW_AUTHENTICATED_part01.zip,7940637,eef200b67e2932686769072d6f50047d17a74d70976a0b908f16e4f153dbf238,2025-03-18T18:00:00+00:00,2025-03-18T18:00:00+00:00,True
3B-HHR.MS.MRG.3IMERG.20250318-S183000-E185959.1110.V07B.HDF5,RAW_AUTHENTICATED_part01.zip,7988444,989a71035ab449eacf6860d685cfb8df865ef51e0a7b73d767bb4e6ee73fbe73,2025-03-18T18:30:00+00:00,2025-03-18T18:30:00+00:00,True
3B-HHR.MS.MRG.3IMERG.20250318-S190000-E192959.1140.V07B.HDF5,RAW_AUTHENTICATED_part01.zip,7908507,f5dc78bc2a5928a80d88be3d1350da654a33ca4d4fae80635da34e6dae6fdcdf,2025-03-18T19:00:00+00:00,2025-03-18T19:00:00+00:00,True
3B-HHR.MS.MRG.3IMERG.20250318-S193000-E195959.1170.V07B.HDF5,RAW_AUTHENTICATED_part01.zip,7986266,c5cb612ee8bc2e1e316e691ca948e4c89a4294b388274d246c324dad9fa13a61,2025-03-18T19:30:00+00:00,2025-03-18T19:30:00+00:00,True
3B-HHR.MS.MRG.3IMERG.20250318-S200000-E202959.1200.V07B.HDF5,RAW_AUTHENTICATED_part01.zip,7851108,b150577a96c5d8214a3c76601be80b9a272a44871367b343f98ce2f0676f9a54,2025-03-18T20:00:00+00:00,2025-03-18T20:00:00+00:00,True
3B-HHR.MS.MRG.3IMERG.20250318-S203000-E205959.1230.V07B.HDF5,RAW_AUTHENTICATED_part01.zip,7929765,29a92f3ef192afcda7fe78e587111f593e0ed38e6b1a9783cc5154cbab6a11ac,2025-03-18T20:30:00+00:00,2025-03-18T20:30:00+00:00,True
3B-HHR.MS.MRG.3IMERG.20250318-S210000-E212959.1260.V07B.HDF5,RAW_AUTHENTICATED_part01.zip,7878238,3926734e5ff272d5694f03172be22ce0b93f59a389c282d81d652ae35047f7c8,2025-03-18T21:00:00+00:00,2025-03-18T21:00:00+00:00,True
3B-HHR.MS.MRG.3IMERG.20250318-S213000-E215959.1290.V07B.HDF5,RAW_AUTHENTICATED_part01.zip,7892570,025d617e9a2f456468a136c1a498504907321f95249e432479607e7560211d86,2025-03-18T21:30:00+00:00,2025-03-18T21:30:00+00:00,True
3B-HHR.MS.MRG.3IMERG.20250318-S220000-E222959.1320.V07B.HDF5,RAW_AUTHENTICATED_part01.zip,7780870,6d6495001507cef9a19031b268ab0d88faf0776b01c72c35fa68e122b7fb9540,2025-03-18T22:00:00+00:00,2025-03-18T22:00:00+00:00,True
3B-HHR.MS.MRG.3IMERG.20250318-S223000-E225959.1350.V07B.HDF5,RAW_AUTHENTICATED_part01.zip,7759766,4fe0c9b7e6f0cfcff072f4629c4b1aa9005bb737201e3d29da18155518af8943,2025-03-18T22:30:00+00:00,2025-03-18T22:30:00+00:00,True
3B-HHR.MS.MRG.3IMERG.20250318-S230000-E232959.1380.V07B.HDF5,RAW_AUTHENTICATED_part01.zip,7735618,9712030b58b63a75be675c7d6e68e844227ea903ccbcdb5f710e5f90891938f2,2025-03-18T23:00:00+00:00,2025-03-18T23:00:00+00:00,True
3B-HHR.MS.MRG.3IMERG.20250318-S233000-E235959.1410.V07B.HDF5,RAW_AUTHENTICATED_part01.zip,7678579,3a46e798c68cdb8ea3546ba94ba98a13a27f85601dbe7bb17b1bf8ba38c684e2,2025-03-18T23:30:00+00:00,2025-03-18T23:30:00+00:00,True
3B-HHR.MS.MRG.3IMERG.20250319-S000000-E002959.0000.V07B.HDF5,RAW_AUTHENTICATED_part01.zip,7628446,2520a720ae3ca139b10e3fd03c4c5a502001f291880bd66d61e3a7ba789ff87b,2025-03-19T00:00:00+00:00,2025-03-19T00:00:00+00:00,True
3B-HHR.MS.MRG.3IMERG.20250319-S003000-E005959.0030.V07B.HDF5,RAW_AUTHENTICATED_part01.zip,7629087,180be2bc8372a727fee11c8e07b205202434a02e44fba5579871bff580d05831,2025-03-19T00:30:00+00:00,2025-03-19T00:30:00+00:00,True
3B-HHR.MS.MRG.3IMERG.20250319-S010000-E012959.0060.V07B.HDF5,RAW_AUTHENTICATED_part01.zip,7455389,0be087dd7985cf41486749f41912d91c13750e9d54fa28de1d2ed5f43f122e8f,2025-03-19T01:00:00+00:00,2025-03-19T01:00:00+00:00,True
3B-HHR.MS.MRG.3IMERG.20250319-S013000-E015959.0090.V07B.HDF5,RAW_AUTHENTICATED_part01.zip,7520154,873317eacebd91bfe5e9c61164aff9c891a2e76860bd5957b7e79d885a8a8ec3,2025-03-19T01:30:00+00:00,2025-03-19T01:30:00+00:00,True
3B-HHR.MS.MRG.3IMERG.20250319-S020000-E022959.0120.V07B.HDF5,RAW_AUTHENTICATED_part01.zip,7544420,a807ff16b288e513d1e7dd06af888c8e1b106e937a560328bf1fbb8d6e9f5d54,2025-03-19T02:00:00+00:00,2025-03-19T02:00:00+00:00,True
3B-HHR.MS.MRG.3IMERG.20250319-S023000-E025959.0150.V07B.HDF5,RAW_AUTHENTICATED_part01.zip,7560141,1c4666bfa22880d063fd25a13d31e256fc598b0289075f1a8c173c22a0ae10c2,2025-03-19T02:30:00+00:00,2025-03-19T02:30:00+00:00,True
3B-HHR.MS.MRG.3IMERG.20250319-S030000-E032959.0180.V07B.HDF5,RAW_AUTHENTICATED_part01.zip,7526086,241a2f9acd67f88f21b43d9a2e585023cda5b87a66fc86891ee289c06d5f38b0,2025-03-19T03:00:00+00:00,2025-03-19T03:00:00+00:00,True
3B-HHR.MS.MRG.3IMERG.20250319-S033000-E035959.0210.V07B.HDF5,RAW_AUTHENTICATED_part01.zip,7549771,b95a0295fc50bb316d303e739066f7f3aa112dad915ba93cd7e8e5913d5d1667,2025-03-19T03:30:00+00:00,2025-03-19T03:30:00+00:00,True
3B-HHR.MS.MRG.3IMERG.20250319-S040000-E042959.0240.V07B.HDF5,RAW_AUTHENTICATED_part01.zip,7528011,4a6a0162aaec92708bad0ce310b1a342b50596649cae7ada195c921d4d30109a,2025-03-19T04:00:00+00:00,2025-03-19T04:00:00+00:00,True
3B-HHR.MS.MRG.3IMERG.20250319-S043000-E045959.0270.V07B.HDF5,RAW_AUTHENTICATED_part02.zip,7500081,feb498812aaa0baf30594723fdb8b0048bdf3459c9b21aed4e0ea55e48c30a77,2025-03-19T04:30:00+00:00,2025-03-19T04:30:00+00:00,True
3B-HHR.MS.MRG.3IMERG.20250319-S050000-E052959.0300.V07B.HDF5,RAW_AUTHENTICATED_part02.zip,7532162,7cf667b1ece45b3e554c363e70ebf712fc184ff69f1334483e46240e8f99fb4a,2025-03-19T05:00:00+00:00,2025-03-19T05:00:00+00:00,True
3B-HHR.MS.MRG.3IMERG.20250319-S053000-E055959.0330.V07B.HDF5,RAW_AUTHENTICATED_part02.zip,7563889,96b66880569a6bff9a8150439ce3938937ba557b90ca1e97cd41fdcacc56af02,2025-03-19T05:30:00+00:00,2025-03-19T05:30:00+00:00,True
3B-HHR.MS.MRG.3IMERG.20250319-S060000-E062959.0360.V07B.HDF5,RAW_AUTHENTICATED_part02.zip,7562777,9b0a06908ff79cd5633b00c1f66f1b1cd8c22fc6940fd494ff6954048759452b,2025-03-19T06:00:00+00:00,2025-03-19T06:00:00+00:00,True
3B-HHR.MS.MRG.3IMERG.20250319-S063000-E065959.0390.V07B.HDF5,RAW_AUTHENTICATED_part02.zip,7565537,9f963c43f84e79b012b499429d9dfe7aacf00a1af5c48ccd08d8142a9f8dbdc4,2025-03-19T06:30:00+00:00,2025-03-19T06:30:00+00:00,True
3B-HHR.MS.MRG.3IMERG.20250319-S070000-E072959.0420.V07B.HDF5,RAW_AUTHENTICATED_part02.zip,7587849,a15451bdd66f49e4a88aec56eabf2cf01d3bb0b119648781806901a40e9f746f,2025-03-19T07:00:00+00:00,2025-03-19T07:00:00+00:00,True
3B-HHR.MS.MRG.3IMERG.20250319-S073000-E075959.0450.V07B.HDF5,RAW_AUTHENTICATED_part02.zip,7603038,b7008157c6830abb7dc5157b079b9dcd1ddec9ea6a32a9ca10026fd4d4c758cf,2025-03-19T07:30:00+00:00,2025-03-19T07:30:00+00:00,True
3B-HHR.MS.MRG.3IMERG.20250319-S080000-E082959.0480.V07B.HDF5,RAW_AUTHENTICATED_part02.zip,7540283,04130f465fce851af5d6d3bbbe520312ffffad6a09079e141547fb44072f3f4f,2025-03-19T08:00:00+00:00,2025-03-19T08:00:00+00:00,True
3B-HHR.MS.MRG.3IMERG.20250319-S083000-E085959.0510.V07B.HDF5,RAW_AUTHENTICATED_part02.zip,7636652,c9257fbe09481ad4ffd6b1356fc29e1606a5bfbfe65c7a9cf6ac93f1be022b71,2025-03-19T08:30:00+00:00,2025-03-19T08:30:00+00:00,True
3B-HHR.MS.MRG.3IMERG.20250319-S090000-E092959.0540.V07B.HDF5,RAW_AUTHENTICATED_part02.zip,7549329,7b9bb604356c022091a543aa52ff6a75a5ca968d9465ef4b2fe2a690bba25af0,2025-03-19T09:00:00+00:00,2025-03-19T09:00:00+00:00,True
3B-HHR.MS.MRG.3IMERG.20250319-S093000-E095959.0570.V07B.HDF5,RAW_AUTHENTICATED_part02.zip,7484737,1fe210ecccb2e1d26f80fd2bb3cde224b2beb784870463a64ccc5eb841a82bb9,2025-03-19T09:30:00+00:00,2025-03-19T09:30:00+00:00,True
3B-HHR.MS.MRG.3IMERG.20250319-S100000-E102959.0600.V07B.HDF5,RAW_AUTHENTICATED_part02.zip,7626110,7cb7b542f58a8158c3ee37f21e29c664d729cbb0ac15013ec0bc21b6a0a934bf,2025-03-19T10:00:00+00:00,2025-03-19T10:00:00+00:00,True
3B-HHR.MS.MRG.3IMERG.20250319-S103000-E105959.0630.V07B.HDF5,RAW_AUTHENTICATED_part02.zip,7535416,85c903e47f8dc5d9fe4130cec01ea36de6e0c6237c260b0082e10deb96186d6d,2025-03-19T10:30:00+00:00,2025-03-19T10:30:00+00:00,True
3B-HHR.MS.MRG.3IMERG.20250319-S110000-E112959.0660.V07B.HDF5,RAW_AUTHENTICATED_part02.zip,7680017,e66cde6a0d5da970ef04edbcbd5d4fbd6bb3db534fcbc71254f537be98bd5a62,2025-03-19T11:00:00+00:00,2025-03-19T11:00:00+00:00,True
3B-HHR.MS.MRG.3IMERG.20250319-S113000-E115959.0690.V07B.HDF5,RAW_AUTHENTICATED_part02.zip,7492430,5de69efb6d0bf672c03c7dfbdedded798e23a2d9e7780db85679e23f757abb91,2025-03-19T11:30:00+00:00,2025-03-19T11:30:00+00:00,True
3B-HHR.MS.MRG.3IMERG.20250319-S120000-E122959.0720.V07B.HDF5,RAW_AUTHENTICATED_part02.zip,7513310,8c9476abedaa9950bc0fde914c80fda71cc92d1624ce6c4513f9aca8aa01219a,2025-03-19T12:00:00+00:00,2025-03-19T12:00:00+00:00,True
3B-HHR.MS.MRG.3IMERG.20250319-S123000-E125959.0750.V07B.HDF5,RAW_AUTHENTICATED_part02.zip,7475750,f927b067d7ebb8fdbb7b915218b9fd2331b17fe36de488ff8b469508fb79e848,2025-03-19T12:30:00+00:00,2025-03-19T12:30:00+00:00,True
3B-HHR.MS.MRG.3IMERG.20250319-S130000-E132959.0780.V07B.HDF5,RAW_AUTHENTICATED_part02.zip,7379331,7f4a43a57fa4ba33145255179e638a6780536cce0bed119f20c531f9b51f879c,2025-03-19T13:00:00+00:00,2025-03-19T13:00:00+00:00,True
3B-HHR.MS.MRG.3IMERG.20250319-S133000-E135959.0810.V07B.HDF5,RAW_AUTHENTICATED_part02.zip,7542680,fcb86b41cea642c01370cc59fd145430b9a146d16080ac9ff3c4997b5496768f,2025-03-19T13:30:00+00:00,2025-03-19T13:30:00+00:00,True
3B-HHR.MS.MRG.3IMERG.20250319-S140000-E142959.0840.V07B.HDF5,RAW_AUTHENTICATED_part02.zip,7631966,1ee7d8f0c12508d922888810e2864893d5544dddedd5fccb221e1dc54dcc1237,2025-03-19T14:00:00+00:00,2025-03-19T14:00:00+00:00,True
3B-HHR.MS.MRG.3IMERG.20250319-S143000-E145959.0870.V07B.HDF5,RAW_AUTHENTICATED_part02.zip,7586073,501c8a9c560541a31c5312cc0aa8864e1a21f21e1d9f9bad7a615796293022ce,2025-03-19T14:30:00+00:00,2025-03-19T14:30:00+00:00,True
3B-HHR.MS.MRG.3IMERG.20250319-S150000-E152959.0900.V07B.HDF5,RAW_AUTHENTICATED_part02.zip,7701024,79541c66613e741274bf430d812ae4ae6a74e1566274b4efa224b74dff0d3ee6,2025-03-19T15:00:00+00:00,2025-03-19T15:00:00+00:00,True
3B-HHR.MS.MRG.3IMERG.20250319-S153000-E155959.0930.V07B.HDF5,RAW_AUTHENTICATED_part02.zip,7775362,d9a7ec6422d9806fbb8da71e9aaa7bba502fee3709988581cdb2102633978ca7,2025-03-19T15:30:00+00:00,2025-03-19T15:30:00+00:00,True
3B-HHR.MS.MRG.3IMERG.20250319-S160000-E162959.0960.V07B.HDF5,RAW_AUTHENTICATED_part02.zip,7848474,f9db327a0f272b01f7786d9f302ed8a1e62b251cce347debc028ecbf5c307772,2025-03-19T16:00:00+00:00,2025-03-19T16:00:00+00:00,True
3B-HHR.MS.MRG.3IMERG.20250319-S163000-E165959.0990.V07B.HDF5,RAW_AUTHENTICATED_part02.zip,7926175,5ccc25f0dfbc91003896bc37548cc3717c593f485c76c13d189e9b5cecc383f3,2025-03-19T16:30:00+00:00,2025-03-19T16:30:00+00:00,True
3B-HHR.MS.MRG.3IMERG.20250319-S170000-E172959.1020.V07B.HDF5,RAW_AUTHENTICATED_part02.zip,7939941,543eaf26250e7cd87128700e7668957eabc710c26e87e75c369622a3c978e034,2025-03-19T17:00:00+00:00,2025-03-19T17:00:00+00:00,True
3B-HHR.MS.MRG.3IMERG.20250319-S173000-E175959.1050.V07B.HDF5,RAW_AUTHENTICATED_part03.zip,7836476,b400dfcaeccf42db2cfb039903bc49da8d6d2da09454864df7f8b6450178f807,2025-03-19T17:30:00+00:00,2025-03-19T17:30:00+00:00,True
3B-HHR.MS.MRG.3IMERG.20250319-S180000-E182959.1080.V07B.HDF5,RAW_AUTHENTICATED_part03.zip,7900908,c47582fe93f9cc0903cd254cf9580637abd7d31189339335f974883afb987b33,2025-03-19T18:00:00+00:00,2025-03-19T18:00:00+00:00,True
3B-HHR.MS.MRG.3IMERG.20250319-S183000-E185959.1110.V07B.HDF5,RAW_AUTHENTICATED_part03.zip,8014210,5867db9b0b38ed5265524c9aab5bb3a59d1ba5b58ba51f4e333b74263c4a1c2b,2025-03-19T18:30:00+00:00,2025-03-19T18:30:00+00:00,True
3B-HHR.MS.MRG.3IMERG.20250319-S190000-E192959.1140.V07B.HDF5,RAW_AUTHENTICATED_part03.zip,7864356,6616cc100f167ac7436922c3b3bd2a078019628d7ef463edab3bc08a73ba412b,2025-03-19T19:00:00+00:00,2025-03-19T19:00:00+00:00,True
3B-HHR.MS.MRG.3IMERG.20250319-S193000-E195959.1170.V07B.HDF5,RAW_AUTHENTICATED_part03.zip,7908742,efa35a9ad5787e4e1e0f1ec63250d8904cd1d31005b4f3f30cc5024ba33e6fe2,2025-03-19T19:30:00+00:00,2025-03-19T19:30:00+00:00,True
3B-HHR.MS.MRG.3IMERG.20250319-S200000-E202959.1200.V07B.HDF5,RAW_AUTHENTICATED_part03.zip,7933383,1919830fe01fe659b7292c199f91207e08d2c3ce61a2d45712707490a10c186b,2025-03-19T20:00:00+00:00,2025-03-19T20:00:00+00:00,True
3B-HHR.MS.MRG.3IMERG.20250319-S203000-E205959.1230.V07B.HDF5,RAW_AUTHENTICATED_part03.zip,7908858,acc4475a48a3a05b8d4aae7bbdda5b2668e8f085a58dde61929a33d0437ce464,2025-03-19T20:30:00+00:00,2025-03-19T20:30:00+00:00,True
3B-HHR.MS.MRG.3IMERG.20250319-S210000-E212959.1260.V07B.HDF5,RAW_AUTHENTICATED_part03.zip,7940653,cec9fa3f1f718119931179e68a1ad53acc6601cac08321143fc5340726ccd35f,2025-03-19T21:00:00+00:00,2025-03-19T21:00:00+00:00,True
3B-HHR.MS.MRG.3IMERG.20250319-S213000-E215959.1290.V07B.HDF5,RAW_AUTHENTICATED_part03.zip,7781164,ce162843c29a784df4215bbce61df4d32d519cf8f0d9c6bc02cb137f73c8ea37,2025-03-19T21:30:00+00:00,2025-03-19T21:30:00+00:00,True
3B-HHR.MS.MRG.3IMERG.20250319-S220000-E222959.1320.V07B.HDF5,RAW_AUTHENTICATED_part03.zip,7942782,501fdfa9cf8748a57e6096bc3e37d829a7ea9c360f912ae4e30b3940507f11a2,2025-03-19T22:00:00+00:00,2025-03-19T22:00:00+00:00,True
3B-HHR.MS.MRG.3IMERG.20250319-S223000-E225959.1350.V07B.HDF5,RAW_AUTHENTICATED_part03.zip,7658170,c280c1eda08f97ffbb31e42aebd7169e9d0886f10e4746f5c52f04db37312d87,2025-03-19T22:30:00+00:00,2025-03-19T22:30:00+00:00,True
3B-HHR.MS.MRG.3IMERG.20250319-S230000-E232959.1380.V07B.HDF5,RAW_AUTHENTICATED_part03.zip,7729814,c11c595510f69a0dd52a9470191b28a92a09fbb2ef5d8b60a3ae71fe4073515e,2025-03-19T23:00:00+00:00,2025-03-19T23:00:00+00:00,True
3B-HHR.MS.MRG.3IMERG.20250319-S233000-E235959.1410.V07B.HDF5,RAW_AUTHENTICATED_part03.zip,7732332,8108c55d73e22a0c209435690622b06e04ae600e39933ef25f1792d07dafdab8,2025-03-19T23:30:00+00:00,2025-03-19T23:30:00+00:00,True
3B-HHR.MS.MRG.3IMERG.20250320-S000000-E002959.0000.V07B.HDF5,RAW_AUTHENTICATED_part03.zip,7572100,677b458d91c55c39488202c4583c3ad7a798baeaf9b80063acfbdbe0d759b806,2025-03-20T00:00:00+00:00,2025-03-20T00:00:00+00:00,True
3B-HHR.MS.MRG.3IMERG.20250320-S003000-E005959.0030.V07B.HDF5,RAW_AUTHENTICATED_part03.zip,7528962,ee35dc029c8a4c0d26da0eac38d9481ff9f92c3374a753b5fe322242b680ef6d,2025-03-20T00:30:00+00:00,2025-03-20T00:30:00+00:00,True
3B-HHR.MS.MRG.3IMERG.20250320-S010000-E012959.0060.V07B.HDF5,RAW_AUTHENTICATED_part03.zip,7593314,4ce635ff9d547386ee5b1630840114a98751f0d4d35d82c41851ae22dc74da5b,2025-03-20T01:00:00+00:00,2025-03-20T01:00:00+00:00,True
3B-HHR.MS.MRG.3IMERG.20250320-S013000-E015959.0090.V07B.HDF5,RAW_AUTHENTICATED_part03.zip,7618682,c2c92dce01ed614a2210b790b75c89bfdfda87b701186d44fae781c06f8e7f6e,2025-03-20T01:30:00+00:00,2025-03-20T01:30:00+00:00,True
3B-HHR.MS.MRG.3IMERG.20250320-S020000-E022959.0120.V07B.HDF5,RAW_AUTHENTICATED_part03.zip,7606693,83dfd780ff64630b65d040574aeac357ba6c6df8aa1f7d702867b6c770edb33f,2025-03-20T02:00:00+00:00,2025-03-20T02:00:00+00:00,True
3B-HHR.MS.MRG.3IMERG.20250320-S023000-E025959.0150.V07B.HDF5,RAW_AUTHENTICATED_part03.zip,7693814,9e71c2f4a10423b475e35b3fa72356b3ab20153884b2bb90a51edcbf4e07dede,2025-03-20T02:30:00+00:00,2025-03-20T02:30:00+00:00,True
3B-HHR.MS.MRG.3IMERG.20250320-S030000-E032959.0180.V07B.HDF5,RAW_AUTHENTICATED_part03.zip,7683351,6951e9c169b213fba73e588da0c5f10787a7defe9c1cc6e7f38426f858b78959,2025-03-20T03:00:00+00:00,2025-03-20T03:00:00+00:00,True
3B-HHR.MS.MRG.3IMERG.20250320-S033000-E035959.0210.V07B.HDF5,RAW_AUTHENTICATED_part03.zip,7562909,4bdf4c09b03e299effa43a026a4874b784ab824737cf97cdeb84c8e65b818262,2025-03-20T03:30:00+00:00,2025-03-20T03:30:00+00:00,True
3B-HHR.MS.MRG.3IMERG.20250320-S040000-E042959.0240.V07B.HDF5,RAW_AUTHENTICATED_part03.zip,7813062,21dcfc5e551d54f4fdecc0c2a4c1550eea5322236c6a53a6e820e8af866a04a3,2025-03-20T04:00:00+00:00,2025-03-20T04:00:00+00:00,True
3B-HHR.MS.MRG.3IMERG.20250320-S043000-E045959.0270.V07B.HDF5,RAW_AUTHENTICATED_part03.zip,7639927,14d80dec8b9a42ebb8c3592cf7eb283f977c6d5b8d00c054018ada066a60f7ac,2025-03-20T04:30:00+00:00,2025-03-20T04:30:00+00:00,True
3B-HHR.MS.MRG.3IMERG.20250320-S050000-E052959.0300.V07B.HDF5,RAW_AUTHENTICATED_part03.zip,7616817,b0a1b8801c6e89ec62647fa32ab2c2be5bd0c6de19a1e8fa1466a560f1866773,2025-03-20T05:00:00+00:00,2025-03-20T05:00:00+00:00,True
3B-HHR.MS.MRG.3IMERG.20250320-S053000-E055959.0330.V07B.HDF5,RAW_AUTHENTICATED_part03.zip,7627935,cdab6cfbe4f57e21085cf4e6ace431f218050fa09c33f9616898f29c8fbc987b,2025-03-20T05:30:00+00:00,2025-03-20T05:30:00+00:00,True
3B-HHR.MS.MRG.3IMERG.20250320-S060000-E062959.0360.V07B.HDF5,RAW_AUTHENTICATED_part04.zip,7580867,3f02133df69c81cb5f310f51d3a76716628d07f672a513df44475f2a4891e462,2025-03-20T06:00:00+00:00,2025-03-20T06:00:00+00:00,True
3B-HHR.MS.MRG.3IMERG.20250320-S063000-E065959.0390.V07B.HDF5,RAW_AUTHENTICATED_part04.zip,7609406,06d4adfdae791900d783b8dee855efcad0fe397481d5821aff8820e304960f54,2025-03-20T06:30:00+00:00,2025-03-20T06:30:00+00:00,True
3B-HHR.MS.MRG.3IMERG.20250320-S070000-E072959.0420.V07B.HDF5,RAW_AUTHENTICATED_part04.zip,7541264,f8aa1fed802817c5d0e30514b05a013476f2e2c9e316f49348d7e179bfb3a311,2025-03-20T07:00:00+00:00,2025-03-20T07:00:00+00:00,True
3B-HHR.MS.MRG.3IMERG.20250320-S073000-E075959.0450.V07B.HDF5,RAW_AUTHENTICATED_part04.zip,7492154,0c0020985c91f397c149221d9c7fd3d41ca57e972aca7e2763bd746911bf9845,2025-03-20T07:30:00+00:00,2025-03-20T07:30:00+00:00,True
3B-HHR.MS.MRG.3IMERG.20250320-S080000-E082959.0480.V07B.HDF5,RAW_AUTHENTICATED_part04.zip,7633027,c7377c676ad740366b51d406843fedc960e0443871cd2d85f7ae31ec70747bb3,2025-03-20T08:00:00+00:00,2025-03-20T08:00:00+00:00,True
3B-HHR.MS.MRG.3IMERG.20250320-S083000-E085959.0510.V07B.HDF5,RAW_AUTHENTICATED_part04.zip,7546889,13b93c40ada134804528c4753d995b1f3bd0cc16c99bd28a7e1f92e90e100182,2025-03-20T08:30:00+00:00,2025-03-20T08:30:00+00:00,True
3B-HHR.MS.MRG.3IMERG.20250320-S090000-E092959.0540.V07B.HDF5,RAW_AUTHENTICATED_part04.zip,7558954,fbaee9a74f9e6463e29413db6bf845853786e81541855600dab6e14944d35665,2025-03-20T09:00:00+00:00,2025-03-20T09:00:00+00:00,True
3B-HHR.MS.MRG.3IMERG.20250320-S093000-E095959.0570.V07B.HDF5,RAW_AUTHENTICATED_part04.zip,7564557,0b053c0f742076b829a7cb001bd0e346671df0398a176497fa1a7d56323c61ad,2025-03-20T09:30:00+00:00,2025-03-20T09:30:00+00:00,True
3B-HHR.MS.MRG.3IMERG.20250320-S100000-E102959.0600.V07B.HDF5,RAW_AUTHENTICATED_part04.zip,7493256,f0430079d55ce90b1a090fc1a90a1ecaea11e67b06a6197368e862ebdc5e7ca7,2025-03-20T10:00:00+00:00,2025-03-20T10:00:00+00:00,True
3B-HHR.MS.MRG.3IMERG.20250320-S103000-E105959.0630.V07B.HDF5,RAW_AUTHENTICATED_part04.zip,7489714,29e8be765b462ab1181e679073df73eed7a2459f6b3bd9b30a31a29e65da3e59,2025-03-20T10:30:00+00:00,2025-03-20T10:30:00+00:00,True
3B-HHR.MS.MRG.3IMERG.20250320-S110000-E112959.0660.V07B.HDF5,RAW_AUTHENTICATED_part04.zip,7339791,7fb75ec571470f4a38736234cd55a27cf8449e145b12e20588ea1bf2f4c1bebf,2025-03-20T11:00:00+00:00,2025-03-20T11:00:00+00:00,True
3B-HHR.MS.MRG.3IMERG.20250320-S113000-E115959.0690.V07B.HDF5,RAW_AUTHENTICATED_part04.zip,7438696,f18e77162e5cee7ae77f4ea6c176a1c64337c22cdb0bf99f105b039005ddbaf5,2025-03-20T11:30:00+00:00,2025-03-20T11:30:00+00:00,True
3B-HHR.MS.MRG.3IMERG.20250320-S120000-E122959.0720.V07B.HDF5,RAW_AUTHENTICATED_part04.zip,7435131,5e1f6b4d1dc1d1e5be51c668dd7e05b0d45df006db9f5cc1f29dac5772f719e0,2025-03-20T12:00:00+00:00,2025-03-20T12:00:00+00:00,True
3B-HHR.MS.MRG.3IMERG.20250320-S123000-E125959.0750.V07B.HDF5,RAW_AUTHENTICATED_part04.zip,7399145,42a13c7381fa2beee0d45e4897939727c0c2ab0688455d70897dfd55cb68f868,2025-03-20T12:30:00+00:00,2025-03-20T12:30:00+00:00,True
3B-HHR.MS.MRG.3IMERG.20250320-S130000-E132959.0780.V07B.HDF5,RAW_AUTHENTICATED_part04.zip,7465038,0fa0a71d5caa32ca6b9a8adc67edb62763d42f19ccfd852265f9d89118410b3d,2025-03-20T13:00:00+00:00,2025-03-20T13:00:00+00:00,True
3B-HHR.MS.MRG.3IMERG.20250320-S133000-E135959.0810.V07B.HDF5,RAW_AUTHENTICATED_part04.zip,7497221,aaabf13a97e803c815eee74bfd3601dbb14745c7a832468b72012e8fda8b5790,2025-03-20T13:30:00+00:00,2025-03-20T13:30:00+00:00,True
3B-HHR.MS.MRG.3IMERG.20250320-S140000-E142959.0840.V07B.HDF5,RAW_AUTHENTICATED_part04.zip,7558756,9b75189cb43822544dc8fa24874a04575f75fccfc4c91ed0aae5e36161b32bff,2025-03-20T14:00:00+00:00,2025-03-20T14:00:00+00:00,True
3B-HHR.MS.MRG.3IMERG.20250320-S143000-E145959.0870.V07B.HDF5,RAW_AUTHENTICATED_part04.zip,7623133,0d743604f39d2a61d72f329bc6eb3a224ae5ca04211e40f4239a8fc4050dd10c,2025-03-20T14:30:00+00:00,2025-03-20T14:30:00+00:00,True
3B-HHR.MS.MRG.3IMERG.20250320-S150000-E152959.0900.V07B.HDF5,RAW_AUTHENTICATED_part04.zip,7756266,598d1f69224c1a322c66930fa1d314e6c32b89d16f0b2de9efb4f56f3b6f6c30,2025-03-20T15:00:00+00:00,2025-03-20T15:00:00+00:00,True
3B-HHR.MS.MRG.3IMERG.20250320-S153000-E155959.0930.V07B.HDF5,RAW_AUTHENTICATED_part04.zip,7713942,ac4dc88adc6da2ae85b562a2c2811d3f321d25557bf06a6f8ae7336b178c9578,2025-03-20T15:30:00+00:00,2025-03-20T15:30:00+00:00,True
3B-HHR.MS.MRG.3IMERG.20250320-S160000-E162959.0960.V07B.HDF5,RAW_AUTHENTICATED_part04.zip,7824421,6b1722b845db2a5502529df086c011c6aca9be8c949173a0cbd8b91a05802fb0,2025-03-20T16:00:00+00:00,2025-03-20T16:00:00+00:00,True
3B-HHR.MS.MRG.3IMERG.20250320-S163000-E165959.0990.V07B.HDF5,RAW_AUTHENTICATED_part04.zip,7840648,b9d99ea25a66ce339fae979b4d019eb0ea06136d51197cf70ff7ddf807683503,2025-03-20T16:30:00+00:00,2025-03-20T16:30:00+00:00,True
3B-HHR.MS.MRG.3IMERG.20250320-S170000-E172959.1020.V07B.HDF5,RAW_AUTHENTICATED_part04.zip,7722737,082eefab67bbfbce9baf507e9287bacd2cfa79ed35be726216dc16864d8db250,2025-03-20T17:00:00+00:00,2025-03-20T17:00:00+00:00,True
3B-HHR.MS.MRG.3IMERG.20250320-S173000-E175959.1050.V07B.HDF5,RAW_AUTHENTICATED_part04.zip,7819710,01db9b57510d687f8ab869f5290c1bf33b5e60ac8f1f892db60ef270e743aeb9,2025-03-20T17:30:00+00:00,2025-03-20T17:30:00+00:00,True
3B-HHR.MS.MRG.3IMERG.20250320-S180000-E182959.1080.V07B.HDF5,RAW_AUTHENTICATED_part04.zip,7830230,ba20522821de5d3f5483aa02e06e8431827b7c57e9f62ecf0dd352fc3d8aa77b,2025-03-20T18:00:00+00:00,2025-03-20T18:00:00+00:00,True
3B-HHR.MS.MRG.3IMERG.20250320-S183000-E185959.1110.V07B.HDF5,RAW_AUTHENTICATED_part04.zip,7802755,1bb2706d2940965a9a143fedc1b087e9a8d96eea6690c5cb13674082f567464b,2025-03-20T18:30:00+00:00,2025-03-20T18:30:00+00:00,True
3B-HHR.MS.MRG.3IMERG.20250320-S190000-E192959.1140.V07B.HDF5,RAW_AUTHENTICATED_part05.zip,7779788,a9572f0d355ccadf72a63f9dd9991b2049566bc178100fc467e490bc9de9451d,2025-03-20T19:00:00+00:00,2025-03-20T19:00:00+00:00,True
3B-HHR.MS.MRG.3IMERG.20250320-S193000-E195959.1170.V07B.HDF5,RAW_AUTHENTICATED_part05.zip,7834965,ef70411a9b89767a24f52376de306c4a4a2dfc131cffee744f1b57ef89ec5e0c,2025-03-20T19:30:00+00:00,2025-03-20T19:30:00+00:00,True
3B-HHR.MS.MRG.3IMERG.20250320-S200000-E202959.1200.V07B.HDF5,RAW_AUTHENTICATED_part05.zip,7926357,9fda8b82bf7597e2db650672f86594dade91ae7843e8128c07d83a2cf27f92e3,2025-03-20T20:00:00+00:00,2025-03-20T20:00:00+00:00,True
3B-HHR.MS.MRG.3IMERG.20250320-S203000-E205959.1230.V07B.HDF5,RAW_AUTHENTICATED_part05.zip,7812677,12816bb99b86a86b935f5098f2012cb233e7ecd7ab039e2961dff76ead0ce45f,2025-03-20T20:30:00+00:00,2025-03-20T20:30:00+00:00,True
3B-HHR.MS.MRG.3IMERG.20250320-S210000-E212959.1260.V07B.HDF5,RAW_AUTHENTICATED_part05.zip,7901905,caa0b90da327d5818628451f0f48b3a51cad37b847513b63e797773ae9659d9e,2025-03-20T21:00:00+00:00,2025-03-20T21:00:00+00:00,True
3B-HHR.MS.MRG.3IMERG.20250320-S213000-E215959.1290.V07B.HDF5,RAW_AUTHENTICATED_part05.zip,7766220,d012069b5b3e0a7134c8210b2290324fef596e9376cf4a22c92d87de988ea92f,2025-03-20T21:30:00+00:00,2025-03-20T21:30:00+00:00,True
3B-HHR.MS.MRG.3IMERG.20250320-S220000-E222959.1320.V07B.HDF5,RAW_AUTHENTICATED_part05.zip,7604350,fecc6b8dd90bed2a1a1e7e0f68e9837ecac2f8db308e84b3707223e9e16d934a,2025-03-20T22:00:00+00:00,2025-03-20T22:00:00+00:00,True
3B-HHR.MS.MRG.3IMERG.20250320-S223000-E225959.1350.V07B.HDF5,RAW_AUTHENTICATED_part05.zip,7687248,bcf53c22750cb9888f05df08b5f09a6870ce0b544bdf3eaf38c3eef8c11d176f,2025-03-20T22:30:00+00:00,2025-03-20T22:30:00+00:00,True
3B-HHR.MS.MRG.3IMERG.20250320-S230000-E232959.1380.V07B.HDF5,RAW_AUTHENTICATED_part05.zip,7555282,e7ae997a1a814b30a9aa063410844996035547dd8884cc1c998941a8b40acea8,2025-03-20T23:00:00+00:00,2025-03-20T23:00:00+00:00,True
3B-HHR.MS.MRG.3IMERG.20250320-S233000-E235959.1410.V07B.HDF5,RAW_AUTHENTICATED_part05.zip,7550222,ebb348b0abc0e8ca03a9705a233ddd6963d9bc777919671fbe9dd3677a91d93e,2025-03-20T23:30:00+00:00,2025-03-20T23:30:00+00:00,True
3B-HHR.MS.MRG.3IMERG.20250321-S000000-E002959.0000.V07B.HDF5,RAW_AUTHENTICATED_part05.zip,7549486,e32c82aed582577985651122b109ba5f5f703033c105ab893bbf8ebfb44d9367,2025-03-21T00:00:00+00:00,2025-03-21T00:00:00+00:00,True
3B-HHR.MS.MRG.3IMERG.20250321-S003000-E005959.0030.V07B.HDF5,RAW_AUTHENTICATED_part05.zip,7468828,a38e86450c8d88041f0cb18b79d282b9b880661a1d61e06a3155b06455de7256,2025-03-21T00:30:00+00:00,2025-03-21T00:30:00+00:00,True
3B-HHR.MS.MRG.3IMERG.20250321-S010000-E012959.0060.V07B.HDF5,RAW_AUTHENTICATED_part05.zip,7486634,ca3017a4a2dd2f749931d3ec7c398702f773d97ccb19c83d5205e977272e0f17,2025-03-21T01:00:00+00:00,2025-03-21T01:00:00+00:00,True
3B-HHR.MS.MRG.3IMERG.20250321-S013000-E015959.0090.V07B.HDF5,RAW_AUTHENTICATED_part05.zip,7409882,45d9e1edc5e9ceb0686a5c445a7bf1b83e15b80d3a0352bc887b2d3ca979554e,2025-03-21T01:30:00+00:00,2025-03-21T01:30:00+00:00,True
3B-HHR.MS.MRG.3IMERG.20250321-S020000-E022959.0120.V07B.HDF5,RAW_AUTHENTICATED_part05.zip,7552517,b6f3b864f5db567da5f1d4d30dcaa3beae62b2ceae4ad4fe58232383adce3971,2025-03-21T02:00:00+00:00,2025-03-21T02:00:00+00:00,True
3B-HHR.MS.MRG.3IMERG.20250321-S023000-E025959.0150.V07B.HDF5,RAW_AUTHENTICATED_part05.zip,7523157,f3f2ad8c71d9bd4972802eb3666998ff8888046eb41fb4df7c2c7f2eb7bea09d,2025-03-21T02:30:00+00:00,2025-03-21T02:30:00+00:00,True
3B-HHR.MS.MRG.3IMERG.20250321-S030000-E032959.0180.V07B.HDF5,RAW_AUTHENTICATED_part05.zip,7578955,ad557cb8e933f5bd839f464777e43a62b9c571531be4ab0bce2197502462e945,2025-03-21T03:00:00+00:00,2025-03-21T03:00:00+00:00,True
3B-HHR.MS.MRG.3IMERG.20250321-S033000-E035959.0210.V07B.HDF5,RAW_AUTHENTICATED_part05.zip,7596663,7d41212dfb9588188838bfc4ee07f2a491c0fb61cbfd9b5965bad72ee73b8475,2025-03-21T03:30:00+00:00,2025-03-21T03:30:00+00:00,True
3B-HHR.MS.MRG.3IMERG.20250321-S040000-E042959.0240.V07B.HDF5,RAW_AUTHENTICATED_part05.zip,7501331,c659e2221d00412deb14fc37c8d2c1596d2ad4621126363147f0d93664153166,2025-03-21T04:00:00+00:00,2025-03-21T04:00:00+00:00,True
3B-HHR.MS.MRG.3IMERG.20250321-S043000-E045959.0270.V07B.HDF5,RAW_AUTHENTICATED_part05.zip,7588143,1253e53c98ec809330da816b9841d800e37cabf1c69243b048acac30905c0020,2025-03-21T04:30:00+00:00,2025-03-21T04:30:00+00:00,True
3B-HHR.MS.MRG.3IMERG.20250321-S050000-E052959.0300.V07B.HDF5,RAW_AUTHENTICATED_part05.zip,7584389,0a97dc9dc53d8836a35aa945f0236be1955a6a36ed2162040a8de67974402680,2025-03-21T05:00:00+00:00,2025-03-21T05:00:00+00:00,True
3B-HHR.MS.MRG.3IMERG.20250321-S053000-E055959.0330.V07B.HDF5,RAW_AUTHENTICATED_part05.zip,7488768,b8b72e860477429288dcb13b3a0f856ee3e8ecefbee5641646cfc22ef6a11d52,2025-03-21T05:30:00+00:00,2025-03-21T05:30:00+00:00,True
3B-HHR.MS.MRG.3IMERG.20250321-S060000-E062959.0360.V07B.HDF5,RAW_AUTHENTICATED_part05.zip,7439563,6faaef70119cc847ee6f2c5a0e0d453dd090aa0c32e908fa31946c0b28b15258,2025-03-21T06:00:00+00:00,2025-03-21T06:00:00+00:00,True
3B-HHR.MS.MRG.3IMERG.20250321-S063000-E065959.0390.V07B.HDF5,RAW_AUTHENTICATED_part05.zip,7516927,f302ba22f94ed0fa61b7fae2cb67622d1e2ade01efe9f79d90f55f7caecb33c2,2025-03-21T06:30:00+00:00,2025-03-21T06:30:00+00:00,True
3B-HHR.MS.MRG.3IMERG.20250321-S070000-E072959.0420.V07B.HDF5,RAW_AUTHENTICATED_part05.zip,7537438,773fbd12bbcabb056df04c23d3580d161cf5186f85ad6430397b73a5c4ecefd1,2025-03-21T07:00:00+00:00,2025-03-21T07:00:00+00:00,True
3B-HHR.MS.MRG.3IMERG.20250321-S073000-E075959.0450.V07B.HDF5,RAW_AUTHENTICATED_part05.zip,7558674,bd465bf294185ace72e494aa3dcf4c9357430106766a2c621e7608f4613ad8bc,2025-03-21T07:30:00+00:00,2025-03-21T07:30:00+00:00,True
3B-HHR.MS.MRG.3IMERG.20250321-S080000-E082959.0480.V07B.HDF5,RAW_AUTHENTICATED_part06.zip,7514469,c16fecafdba267dd7c838a6fcd97bdc478e40217fefd7e1e5cb97666a49c90d0,2025-03-21T08:00:00+00:00,2025-03-21T08:00:00+00:00,True
3B-HHR.MS.MRG.3IMERG.20250321-S083000-E085959.0510.V07B.HDF5,RAW_AUTHENTICATED_part06.zip,7548977,f626650fc722a11148e0152241ddc0a55d441ade6173619c061b115ad52938d1,2025-03-21T08:30:00+00:00,2025-03-21T08:30:00+00:00,True
3B-HHR.MS.MRG.3IMERG.20250321-S090000-E092959.0540.V07B.HDF5,RAW_AUTHENTICATED_part06.zip,7438055,3c89c17df500e8dd5c1bab8c9408b15ddafe2c66c4d6883719bd8b12189d66c9,2025-03-21T09:00:00+00:00,2025-03-21T09:00:00+00:00,True
3B-HHR.MS.MRG.3IMERG.20250321-S093000-E095959.0570.V07B.HDF5,RAW_AUTHENTICATED_part06.zip,7488786,a8290d01bdeafe9141de8229ff85bc45f47dd3f3cf35880c7ae70e34345577f3,2025-03-21T09:30:00+00:00,2025-03-21T09:30:00+00:00,True
3B-HHR.MS.MRG.3IMERG.20250321-S100000-E102959.0600.V07B.HDF5,RAW_AUTHENTICATED_part06.zip,7346523,90803117a95f1c4f977292bf06fd81eeba2454b0b9ab730fa1a6c485bcaae6b1,2025-03-21T10:00:00+00:00,2025-03-21T10:00:00+00:00,True
3B-HHR.MS.MRG.3IMERG.20250321-S103000-E105959.0630.V07B.HDF5,RAW_AUTHENTICATED_part06.zip,7517985,168a1a07ce8c763fe86cb34079a7633d1bade9f2861933bac8c6544e3139cc53,2025-03-21T10:30:00+00:00,2025-03-21T10:30:00+00:00,True
3B-HHR.MS.MRG.3IMERG.20250321-S110000-E112959.0660.V07B.HDF5,RAW_AUTHENTICATED_part06.zip,7437359,5318b95e57956d06671a1135af4701eb670ee904d31e8570e72d8b043105210d,2025-03-21T11:00:00+00:00,2025-03-21T11:00:00+00:00,True
3B-HHR.MS.MRG.3IMERG.20250321-S113000-E115959.0690.V07B.HDF5,RAW_AUTHENTICATED_part06.zip,7477005,840767a3105538fa6781a4fb691f2c5dd7b9e071f2f8a959df66d59f752b93e7,2025-03-21T11:30:00+00:00,2025-03-21T11:30:00+00:00,True
3B-HHR.MS.MRG.3IMERG.20250321-S120000-E122959.0720.V07B.HDF5,RAW_AUTHENTICATED_part06.zip,7504609,f67f661aa8ace75b77e8620bfcf11dd63a6e79702df5aa910c4f4811837ec4bc,2025-03-21T12:00:00+00:00,2025-03-21T12:00:00+00:00,True
3B-HHR.MS.MRG.3IMERG.20250321-S123000-E125959.0750.V07B.HDF5,RAW_AUTHENTICATED_part06.zip,7502722,57d008cbbbb8cf23bee1432604fc4c3b3b18e317e1bdd4b3f57d4ba1478206e5,2025-03-21T12:30:00+00:00,2025-03-21T12:30:00+00:00,True
3B-HHR.MS.MRG.3IMERG.20250321-S130000-E132959.0780.V07B.HDF5,RAW_AUTHENTICATED_part06.zip,7621487,e1b03ba18275e754379453c36d457ade247e3ae25e2930ab2511a82eab3f2dad,2025-03-21T13:00:00+00:00,2025-03-21T13:00:00+00:00,True
3B-HHR.MS.MRG.3IMERG.20250321-S133000-E135959.0810.V07B.HDF5,RAW_AUTHENTICATED_part06.zip,7665448,61bc4b1d7157fbeb12a87e2780bd64bc7ac0b54d66a0e5e7b3248b23f3c719df,2025-03-21T13:30:00+00:00,2025-03-21T13:30:00+00:00,True
3B-HHR.MS.MRG.3IMERG.20250321-S140000-E142959.0840.V07B.HDF5,RAW_AUTHENTICATED_part06.zip,7721575,f9bd706d65046ae03397f5c6576fdf1f97990a05428da42eaf6c6b170ec83c46,2025-03-21T14:00:00+00:00,2025-03-21T14:00:00+00:00,True
3B-HHR.MS.MRG.3IMERG.20250321-S143000-E145959.0870.V07B.HDF5,RAW_AUTHENTICATED_part06.zip,7710170,74398183c99f65ef78b43e6ba3195ad2b64a45ab0c9110f90d9b7208e862344a,2025-03-21T14:30:00+00:00,2025-03-21T14:30:00+00:00,True
3B-HHR.MS.MRG.3IMERG.20250321-S150000-E152959.0900.V07B.HDF5,RAW_AUTHENTICATED_part06.zip,7753817,e9f17b959011bb64177bfdd2158c61db85761c1fab83d1bb2ba885526245773d,2025-03-21T15:00:00+00:00,2025-03-21T15:00:00+00:00,True
3B-HHR.MS.MRG.3IMERG.20250321-S153000-E155959.0930.V07B.HDF5,RAW_AUTHENTICATED_part06.zip,7846940,a6303d77c762178a6bc2e0b0c7859b9097d357542da73ae0b81164c8c37977c0,2025-03-21T15:30:00+00:00,2025-03-21T15:30:00+00:00,True
