filename,size_bytes,path
3B-HHR.MS.MRG.3IMERG.20250318-S160000-E162959.0960.V07B.HDF5,7877106,D:\OneDrive\桌面\D07E_NASA_IMERG_Download_Helper\RAW_AUTHENTICATED\3B-HHR.MS.MRG.3IMERG.20250318-S160000-E162959.0960.V07B.HDF5
3B-HHR.MS.MRG.3IMERG.20250318-S163000-E165959.0990.V07B.HDF5,7918300,D:\OneDrive\桌面\D07E_NASA_IMERG_Download_Helper\RAW_AUTHENTICATED\3B-HHR.MS.MRG.3IMERG.20250318-S163000-E165959.0990.V07B.HDF5
3B-HHR.MS.MRG.3IMERG.20250318-S170000-E172959.1020.V07B.HDF5,7986045,D:\OneDrive\桌面\D07E_NASA_IMERG_Download_Helper\RAW_AUTHENTICATED\3B-HHR.MS.MRG.3IMERG.20250318-S170000-E172959.1020.V07B.HDF5
3B-HHR.MS.MRG.3IMERG.20250318-S173000-E175959.1050.V07B.HDF5,7844169,D:\OneDrive\桌面\D07E_NASA_IMERG_Download_Helper\RAW_AUTHENTICATED\3B-HHR.MS.MRG.3IMERG.20250318-S173000-E175959.1050.V07B.HDF5
3B-HHR.MS.MRG.3IMERG.20250318-S180000-E182959.1080.V07B.HDF5,7940637,D:\OneDrive\桌面\D07E_NASA_IMERG_Download_Helper\RAW_AUTHENTICATED\3B-HHR.MS.MRG.3IMERG.20250318-S180000-E182959.1080.V07B.HDF5
3B-HHR.MS.MRG.3IMERG.20250318-S183000-E185959.1110.V07B.HDF5,7988444,D:\OneDrive\桌面\D07E_NASA_IMERG_Download_Helper\RAW_AUTHENTICATED\3B-HHR.MS.MRG.3IMERG.20250318-S183000-E185959.1110.V07B.HDF5
3B-HHR.MS.MRG.3IMERG.20250318-S190000-E192959.1140.V07B.HDF5,7908507,D:\OneDrive\桌面\D07E_NASA_IMERG_Download_Helper\RAW_AUTHENTICATED\3B-HHR.MS.MRG.3IMERG.20250318-S190000-E192959.1140.V07B.HDF5
3B-HHR.MS.MRG.3IMERG.20250318-S193000-E195959.1170.V07B.HDF5,7986266,D:\OneDrive\桌面\D07E_NASA_IMERG_Download_Helper\RAW_AUTHENTICATED\3B-HHR.MS.MRG.3IMERG.20250318-S193000-E195959.1170.V07B.HDF5
3B-HHR.MS.MRG.3IMERG.20250318-S200000-E202959.1200.V07B.HDF5,7851108,D:\OneDrive\桌面\D07E_NASA_IMERG_Download_Helper\RAW_AUTHENTICATED\3B-HHR.MS.MRG.3IMERG.20250318-S200000-E202959.1200.V07B.HDF5
3B-HHR.MS.MRG.3IMERG.20250318-S203000-E205959.1230.V07B.HDF5,7929765,D:\OneDrive\桌面\D07E_NASA_IMERG_Download_Helper\RAW_AUTHENTICATED\3B-HHR.MS.MRG.3IMERG.20250318-S203000-E205959.1230.V07B.HDF5
3B-HHR.MS.MRG.3IMERG.20250318-S210000-E212959.1260.V07B.HDF5,7878238,D:\OneDrive\桌面\D07E_NASA_IMERG_Download_Helper\RAW_AUTHENTICATED\3B-HHR.MS.MRG.3IMERG.20250318-S210000-E212959.1260.V07B.HDF5
3B-HHR.MS.MRG.3IMERG.20250318-S213000-E215959.1290.V07B.HDF5,7892570,D:\OneDrive\桌面\D07E_NASA_IMERG_Download_Helper\RAW_AUTHENTICATED\3B-HHR.MS.MRG.3IMERG.20250318-S213000-E215959.1290.V07B.HDF5
3B-HHR.MS.MRG.3IMERG.20250318-S220000-E222959.1320.V07B.HDF5,7780870,D:\OneDrive\桌面\D07E_NASA_IMERG_Download_Helper\RAW_AUTHENTICATED\3B-HHR.MS.MRG.3IMERG.20250318-S220000-E222959.1320.V07B.HDF5
3B-HHR.MS.MRG.3IMERG.20250318-S223000-E225959.1350.V07B.HDF5,7759766,D:\OneDrive\桌面\D07E_NASA_IMERG_Download_Helper\RAW_AUTHENTICATED\3B-HHR.MS.MRG.3IMERG.20250318-S223000-E225959.1350.V07B.HDF5
3B-HHR.MS.MRG.3IMERG.20250318-S230000-E232959.1380.V07B.HDF5,7735618,D:\OneDrive\桌面\D07E_NASA_IMERG_Download_Helper\RAW_AUTHENTICATED\3B-HHR.MS.MRG.3IMERG.20250318-S230000-E232959.1380.V07B.HDF5
3B-HHR.MS.MRG.3IMERG.20250318-S233000-E235959.1410.V07B.HDF5,7678579,D:\OneDrive\桌面\D07E_NASA_IMERG_Download_Helper\RAW_AUTHENTICATED\3B-HHR.MS.MRG.3IMERG.20250318-S233000-E235959.1410.V07B.HDF5
3B-HHR.MS.MRG.3IMERG.20250319-S000000-E002959.0000.V07B.HDF5,7628446,D:\OneDrive\桌面\D07E_NASA_IMERG_Download_Helper\RAW_AUTHENTICATED\3B-HHR.MS.MRG.3IMERG.20250319-S000000-E002959.0000.V07B.HDF5
3B-HHR.MS.MRG.3IMERG.20250319-S003000-E005959.0030.V07B.HDF5,7629087,D:\OneDrive\桌面\D07E_NASA_IMERG_Download_Helper\RAW_AUTHENTICATED\3B-HHR.MS.MRG.3IMERG.20250319-S003000-E005959.0030.V07B.HDF5
3B-HHR.MS.MRG.3IMERG.20250319-S010000-E012959.0060.V07B.HDF5,7455389,D:\OneDrive\桌面\D07E_NASA_IMERG_Download_Helper\RAW_AUTHENTICATED\3B-HHR.MS.MRG.3IMERG.20250319-S010000-E012959.0060.V07B.HDF5
3B-HHR.MS.MRG.3IMERG.20250319-S013000-E015959.0090.V07B.HDF5,7520154,D:\OneDrive\桌面\D07E_NASA_IMERG_Download_Helper\RAW_AUTHENTICATED\3B-HHR.MS.MRG.3IMERG.20250319-S013000-E015959.0090.V07B.HDF5
3B-HHR.MS.MRG.3IMERG.20250319-S020000-E022959.0120.V07B.HDF5,7544420,D:\OneDrive\桌面\D07E_NASA_IMERG_Download_Helper\RAW_AUTHENTICATED\3B-HHR.MS.MRG.3IMERG.20250319-S020000-E022959.0120.V07B.HDF5
3B-HHR.MS.MRG.3IMERG.20250319-S023000-E025959.0150.V07B.HDF5,7560141,D:\OneDrive\桌面\D07E_NASA_IMERG_Download_Helper\RAW_AUTHENTICATED\3B-HHR.MS.MRG.3IMERG.20250319-S023000-E025959.0150.V07B.HDF5
3B-HHR.MS.MRG.3IMERG.20250319-S030000-E032959.0180.V07B.HDF5,7526086,D:\OneDrive\桌面\D07E_NASA_IMERG_Download_Helper\RAW_AUTHENTICATED\3B-HHR.MS.MRG.3IMERG.20250319-S030000-E032959.0180.V07B.HDF5
3B-HHR.MS.MRG.3IMERG.20250319-S033000-E035959.0210.V07B.HDF5,7549771,D:\OneDrive\桌面\D07E_NASA_IMERG_Download_Helper\RAW_AUTHENTICATED\3B-HHR.MS.MRG.3IMERG.20250319-S033000-E035959.0210.V07B.HDF5
3B-HHR.MS.MRG.3IMERG.20250319-S040000-E042959.0240.V07B.HDF5,7528011,D:\OneDrive\桌面\D07E_NASA_IMERG_Download_Helper\RAW_AUTHENTICATED\3B-HHR.MS.MRG.3IMERG.20250319-S040000-E042959.0240.V07B.HDF5
3B-HHR.MS.MRG.3IMERG.20250319-S043000-E045959.0270.V07B.HDF5,7500081,D:\OneDrive\桌面\D07E_NASA_IMERG_Download_Helper\RAW_AUTHENTICATED\3B-HHR.MS.MRG.3IMERG.20250319-S043000-E045959.0270.V07B.HDF5
3B-HHR.MS.MRG.3IMERG.20250319-S050000-E052959.0300.V07B.HDF5,7532162,D:\OneDrive\桌面\D07E_NASA_IMERG_Download_Helper\RAW_AUTHENTICATED\3B-HHR.MS.MRG.3IMERG.20250319-S050000-E052959.0300.V07B.HDF5
3B-HHR.MS.MRG.3IMERG.20250319-S053000-E055959.0330.V07B.HDF5,7563889,D:\OneDrive\桌面\D07E_NASA_IMERG_Download_Helper\RAW_AUTHENTICATED\3B-HHR.MS.MRG.3IMERG.20250319-S053000-E055959.0330.V07B.HDF5
3B-HHR.MS.MRG.3IMERG.20250319-S060000-E062959.0360.V07B.HDF5,7562777,D:\OneDrive\桌面\D07E_NASA_IMERG_Download_Helper\RAW_AUTHENTICATED\3B-HHR.MS.MRG.3IMERG.20250319-S060000-E062959.0360.V07B.HDF5
3B-HHR.MS.MRG.3IMERG.20250319-S063000-E065959.0390.V07B.HDF5,7565537,D:\OneDrive\桌面\D07E_NASA_IMERG_Download_Helper\RAW_AUTHENTICATED\3B-HHR.MS.MRG.3IMERG.20250319-S063000-E065959.0390.V07B.HDF5
3B-HHR.MS.MRG.3IMERG.20250319-S070000-E072959.0420.V07B.HDF5,7587849,D:\OneDrive\桌面\D07E_NASA_IMERG_Download_Helper\RAW_AUTHENTICATED\3B-HHR.MS.MRG.3IMERG.20250319-S070000-E072959.0420.V07B.HDF5
3B-HHR.MS.MRG.3IMERG.20250319-S073000-E075959.0450.V07B.HDF5,7603038,D:\OneDrive\桌面\D07E_NASA_IMERG_Download_Helper\RAW_AUTHENTICATED\3B-HHR.MS.MRG.3IMERG.20250319-S073000-E075959.0450.V07B.HDF5
3B-HHR.MS.MRG.3IMERG.20250319-S080000-E082959.0480.V07B.HDF5,7540283,D:\OneDrive\桌面\D07E_NASA_IMERG_Download_Helper\RAW_AUTHENTICATED\3B-HHR.MS.MRG.3IMERG.20250319-S080000-E082959.0480.V07B.HDF5
3B-HHR.MS.MRG.3IMERG.20250319-S083000-E085959.0510.V07B.HDF5,7636652,D:\OneDrive\桌面\D07E_NASA_IMERG_Download_Helper\RAW_AUTHENTICATED\3B-HHR.MS.MRG.3IMERG.20250319-S083000-E085959.0510.V07B.HDF5
3B-HHR.MS.MRG.3IMERG.20250319-S090000-E092959.0540.V07B.HDF5,7549329,D:\OneDrive\桌面\D07E_NASA_IMERG_Download_Helper\RAW_AUTHENTICATED\3B-HHR.MS.MRG.3IMERG.20250319-S090000-E092959.0540.V07B.HDF5
3B-HHR.MS.MRG.3IMERG.20250319-S093000-E095959.0570.V07B.HDF5,7484737,D:\OneDrive\桌面\D07E_NASA_IMERG_Download_Helper\RAW_AUTHENTICATED\3B-HHR.MS.MRG.3IMERG.20250319-S093000-E095959.0570.V07B.HDF5
3B-HHR.MS.MRG.3IMERG.20250319-S100000-E102959.0600.V07B.HDF5,7626110,D:\OneDrive\桌面\D07E_NASA_IMERG_Download_Helper\RAW_AUTHENTICATED\3B-HHR.MS.MRG.3IMERG.20250319-S100000-E102959.0600.V07B.HDF5
3B-HHR.MS.MRG.3IMERG.20250319-S103000-E105959.0630.V07B.HDF5,7535416,D:\OneDrive\桌面\D07E_NASA_IMERG_Download_Helper\RAW_AUTHENTICATED\3B-HHR.MS.MRG.3IMERG.20250319-S103000-E105959.0630.V07B.HDF5
3B-HHR.MS.MRG.3IMERG.20250319-S110000-E112959.0660.V07B.HDF5,7680017,D:\OneDrive\桌面\D07E_NASA_IMERG_Download_Helper\RAW_AUTHENTICATED\3B-HHR.MS.MRG.3IMERG.20250319-S110000-E112959.0660.V07B.HDF5
3B-HHR.MS.MRG.3IMERG.20250319-S113000-E115959.0690.V07B.HDF5,7492430,D:\OneDrive\桌面\D07E_NASA_IMERG_Download_Helper\RAW_AUTHENTICATED\3B-HHR.MS.MRG.3IMERG.20250319-S113000-E115959.0690.V07B.HDF5
3B-HHR.MS.MRG.3IMERG.20250319-S120000-E122959.0720.V07B.HDF5,7513310,D:\OneDrive\桌面\D07E_NASA_IMERG_Download_Helper\RAW_AUTHENTICATED\3B-HHR.MS.MRG.3IMERG.20250319-S120000-E122959.0720.V07B.HDF5
3B-HHR.MS.MRG.3IMERG.20250319-S123000-E125959.0750.V07B.HDF5,7475750,D:\OneDrive\桌面\D07E_NASA_IMERG_Download_Helper\RAW_AUTHENTICATED\3B-HHR.MS.MRG.3IMERG.20250319-S123000-E125959.0750.V07B.HDF5
3B-HHR.MS.MRG.3IMERG.20250319-S130000-E132959.0780.V07B.HDF5,7379331,D:\OneDrive\桌面\D07E_NASA_IMERG_Download_Helper\RAW_AUTHENTICATED\3B-HHR.MS.MRG.3IMERG.20250319-S130000-E132959.0780.V07B.HDF5
3B-HHR.MS.MRG.3IMERG.20250319-S133000-E135959.0810.V07B.HDF5,7542680,D:\OneDrive\桌面\D07E_NASA_IMERG_Download_Helper\RAW_AUTHENTICATED\3B-HHR.MS.MRG.3IMERG.20250319-S133000-E135959.0810.V07B.HDF5
3B-HHR.MS.MRG.3IMERG.20250319-S140000-E142959.0840.V07B.HDF5,7631966,D:\OneDrive\桌面\D07E_NASA_IMERG_Download_Helper\RAW_AUTHENTICATED\3B-HHR.MS.MRG.3IMERG.20250319-S140000-E142959.0840.V07B.HDF5
3B-HHR.MS.MRG.3IMERG.20250319-S143000-E145959.0870.V07B.HDF5,7586073,D:\OneDrive\桌面\D07E_NASA_IMERG_Download_Helper\RAW_AUTHENTICATED\3B-HHR.MS.MRG.3IMERG.20250319-S143000-E145959.0870.V07B.HDF5
3B-HHR.MS.MRG.3IMERG.20250319-S150000-E152959.0900.V07B.HDF5,7701024,D:\OneDrive\桌面\D07E_NASA_IMERG_Download_Helper\RAW_AUTHENTICATED\3B-HHR.MS.MRG.3IMERG.20250319-S150000-E152959.0900.V07B.HDF5
3B-HHR.MS.MRG.3IMERG.20250319-S153000-E155959.0930.V07B.HDF5,7775362,D:\OneDrive\桌面\D07E_NASA_IMERG_Download_Helper\RAW_AUTHENTICATED\3B-HHR.MS.MRG.3IMERG.20250319-S153000-E155959.0930.V07B.HDF5
3B-HHR.MS.MRG.3IMERG.20250319-S160000-E162959.0960.V07B.HDF5,7848474,D:\OneDrive\桌面\D07E_NASA_IMERG_Download_Helper\RAW_AUTHENTICATED\3B-HHR.MS.MRG.3IMERG.20250319-S160000-E162959.0960.V07B.HDF5
3B-HHR.MS.MRG.3IMERG.20250319-S163000-E165959.0990.V07B.HDF5,7926175,D:\OneDrive\桌面\D07E_NASA_IMERG_Download_Helper\RAW_AUTHENTICATED\3B-HHR.MS.MRG.3IMERG.20250319-S163000-E165959.0990.V07B.HDF5
3B-HHR.MS.MRG.3IMERG.20250319-S170000-E172959.1020.V07B.HDF5,7939941,D:\OneDrive\桌面\D07E_NASA_IMERG_Download_Helper\RAW_AUTHENTICATED\3B-HHR.MS.MRG.3IMERG.20250319-S170000-E172959.1020.V07B.HDF5
3B-HHR.MS.MRG.3IMERG.20250319-S173000-E175959.1050.V07B.HDF5,7836476,D:\OneDrive\桌面\D07E_NASA_IMERG_Download_Helper\RAW_AUTHENTICATED\3B-HHR.MS.MRG.3IMERG.20250319-S173000-E175959.1050.V07B.HDF5
3B-HHR.MS.MRG.3IMERG.20250319-S180000-E182959.1080.V07B.HDF5,7900908,D:\OneDrive\桌面\D07E_NASA_IMERG_Download_Helper\RAW_AUTHENTICATED\3B-HHR.MS.MRG.3IMERG.20250319-S180000-E182959.1080.V07B.HDF5
3B-HHR.MS.MRG.3IMERG.20250319-S183000-E185959.1110.V07B.HDF5,8014210,D:\OneDrive\桌面\D07E_NASA_IMERG_Download_Helper\RAW_AUTHENTICATED\3B-HHR.MS.MRG.3IMERG.20250319-S183000-E185959.1110.V07B.HDF5
3B-HHR.MS.MRG.3IMERG.20250319-S190000-E192959.1140.V07B.HDF5,7864356,D:\OneDrive\桌面\D07E_NASA_IMERG_Download_Helper\RAW_AUTHENTICATED\3B-HHR.MS.MRG.3IMERG.20250319-S190000-E192959.1140.V07B.HDF5
3B-HHR.MS.MRG.3IMERG.20250319-S193000-E195959.1170.V07B.HDF5,7908742,D:\OneDrive\桌面\D07E_NASA_IMERG_Download_Helper\RAW_AUTHENTICATED\3B-HHR.MS.MRG.3IMERG.20250319-S193000-E195959.1170.V07B.HDF5
3B-HHR.MS.MRG.3IMERG.20250319-S200000-E202959.1200.V07B.HDF5,7933383,D:\OneDrive\桌面\D07E_NASA_IMERG_Download_Helper\RAW_AUTHENTICATED\3B-HHR.MS.MRG.3IMERG.20250319-S200000-E202959.1200.V07B.HDF5
3B-HHR.MS.MRG.3IMERG.20250319-S203000-E205959.1230.V07B.HDF5,7908858,D:\OneDrive\桌面\D07E_NASA_IMERG_Download_Helper\RAW_AUTHENTICATED\3B-HHR.MS.MRG.3IMERG.20250319-S203000-E205959.1230.V07B.HDF5
3B-HHR.MS.MRG.3IMERG.20250319-S210000-E212959.1260.V07B.HDF5,7940653,D:\OneDrive\桌面\D07E_NASA_IMERG_Download_Helper\RAW_AUTHENTICATED\3B-HHR.MS.MRG.3IMERG.20250319-S210000-E212959.1260.V07B.HDF5
3B-HHR.MS.MRG.3IMERG.20250319-S213000-E215959.1290.V07B.HDF5,7781164,D:\OneDrive\桌面\D07E_NASA_IMERG_Download_Helper\RAW_AUTHENTICATED\3B-HHR.MS.MRG.3IMERG.20250319-S213000-E215959.1290.V07B.HDF5
3B-HHR.MS.MRG.3IMERG.20250319-S220000-E222959.1320.V07B.HDF5,7942782,D:\OneDrive\桌面\D07E_NASA_IMERG_Download_Helper\RAW_AUTHENTICATED\3B-HHR.MS.MRG.3IMERG.20250319-S220000-E222959.1320.V07B.HDF5
3B-HHR.MS.MRG.3IMERG.20250319-S223000-E225959.1350.V07B.HDF5,7658170,D:\OneDrive\桌面\D07E_NASA_IMERG_Download_Helper\RAW_AUTHENTICATED\3B-HHR.MS.MRG.3IMERG.20250319-S223000-E225959.1350.V07B.HDF5
3B-HHR.MS.MRG.3IMERG.20250319-S230000-E232959.1380.V07B.HDF5,7729814,D:\OneDrive\桌面\D07E_NASA_IMERG_Download_Helper\RAW_AUTHENTICATED\3B-HHR.MS.MRG.3IMERG.20250319-S230000-E232959.1380.V07B.HDF5
3B-HHR.MS.MRG.3IMERG.20250319-S233000-E235959.1410.V07B.HDF5,7732332,D:\OneDrive\桌面\D07E_NASA_IMERG_Download_Helper\RAW_AUTHENTICATED\3B-HHR.MS.MRG.3IMERG.20250319-S233000-E235959.1410.V07B.HDF5
3B-HHR.MS.MRG.3IMERG.20250320-S000000-E002959.0000.V07B.HDF5,7572100,D:\OneDrive\桌面\D07E_NASA_IMERG_Download_Helper\RAW_AUTHENTICATED\3B-HHR.MS.MRG.3IMERG.20250320-S000000-E002959.0000.V07B.HDF5
3B-HHR.MS.MRG.3IMERG.20250320-S003000-E005959.0030.V07B.HDF5,7528962,D:\OneDrive\桌面\D07E_NASA_IMERG_Download_Helper\RAW_AUTHENTICATED\3B-HHR.MS.MRG.3IMERG.20250320-S003000-E005959.0030.V07B.HDF5
3B-HHR.MS.MRG.3IMERG.20250320-S010000-E012959.0060.V07B.HDF5,7593314,D:\OneDrive\桌面\D07E_NASA_IMERG_Download_Helper\RAW_AUTHENTICATED\3B-HHR.MS.MRG.3IMERG.20250320-S010000-E012959.0060.V07B.HDF5
3B-HHR.MS.MRG.3IMERG.20250320-S013000-E015959.0090.V07B.HDF5,7618682,D:\OneDrive\桌面\D07E_NASA_IMERG_Download_Helper\RAW_AUTHENTICATED\3B-HHR.MS.MRG.3IMERG.20250320-S013000-E015959.0090.V07B.HDF5
3B-HHR.MS.MRG.3IMERG.20250320-S020000-E022959.0120.V07B.HDF5,7606693,D:\OneDrive\桌面\D07E_NASA_IMERG_Download_Helper\RAW_AUTHENTICATED\3B-HHR.MS.MRG.3IMERG.20250320-S020000-E022959.0120.V07B.HDF5
3B-HHR.MS.MRG.3IMERG.20250320-S023000-E025959.0150.V07B.HDF5,7693814,D:\OneDrive\桌面\D07E_NASA_IMERG_Download_Helper\RAW_AUTHENTICATED\3B-HHR.MS.MRG.3IMERG.20250320-S023000-E025959.0150.V07B.HDF5
3B-HHR.MS.MRG.3IMERG.20250320-S030000-E032959.0180.V07B.HDF5,7683351,D:\OneDrive\桌面\D07E_NASA_IMERG_Download_Helper\RAW_AUTHENTICATED\3B-HHR.MS.MRG.3IMERG.20250320-S030000-E032959.0180.V07B.HDF5
3B-HHR.MS.MRG.3IMERG.20250320-S033000-E035959.0210.V07B.HDF5,7562909,D:\OneDrive\桌面\D07E_NASA_IMERG_Download_Helper\RAW_AUTHENTICATED\3B-HHR.MS.MRG.3IMERG.20250320-S033000-E035959.0210.V07B.HDF5
3B-HHR.MS.MRG.3IMERG.20250320-S040000-E042959.0240.V07B.HDF5,7813062,D:\OneDrive\桌面\D07E_NASA_IMERG_Download_Helper\RAW_AUTHENTICATED\3B-HHR.MS.MRG.3IMERG.20250320-S040000-E042959.0240.V07B.HDF5
3B-HHR.MS.MRG.3IMERG.20250320-S043000-E045959.0270.V07B.HDF5,7639927,D:\OneDrive\桌面\D07E_NASA_IMERG_Download_Helper\RAW_AUTHENTICATED\3B-HHR.MS.MRG.3IMERG.20250320-S043000-E045959.0270.V07B.HDF5
3B-HHR.MS.MRG.3IMERG.20250320-S050000-E052959.0300.V07B.HDF5,7616817,D:\OneDrive\桌面\D07E_NASA_IMERG_Download_Helper\RAW_AUTHENTICATED\3B-HHR.MS.MRG.3IMERG.20250320-S050000-E052959.0300.V07B.HDF5
3B-HHR.MS.MRG.3IMERG.20250320-S053000-E055959.0330.V07B.HDF5,7627935,D:\OneDrive\桌面\D07E_NASA_IMERG_Download_Helper\RAW_AUTHENTICATED\3B-HHR.MS.MRG.3IMERG.20250320-S053000-E055959.0330.V07B.HDF5
3B-HHR.MS.MRG.3IMERG.20250320-S060000-E062959.0360.V07B.HDF5,7580867,D:\OneDrive\桌面\D07E_NASA_IMERG_Download_Helper\RAW_AUTHENTICATED\3B-HHR.MS.MRG.3IMERG.20250320-S060000-E062959.0360.V07B.HDF5
3B-HHR.MS.MRG.3IMERG.20250320-S063000-E065959.0390.V07B.HDF5,7609406,D:\OneDrive\桌面\D07E_NASA_IMERG_Download_Helper\RAW_AUTHENTICATED\3B-HHR.MS.MRG.3IMERG.20250320-S063000-E065959.0390.V07B.HDF5
3B-HHR.MS.MRG.3IMERG.20250320-S070000-E072959.0420.V07B.HDF5,7541264,D:\OneDrive\桌面\D07E_NASA_IMERG_Download_Helper\RAW_AUTHENTICATED\3B-HHR.MS.MRG.3IMERG.20250320-S070000-E072959.0420.V07B.HDF5
3B-HHR.MS.MRG.3IMERG.20250320-S073000-E075959.0450.V07B.HDF5,7492154,D:\OneDrive\桌面\D07E_NASA_IMERG_Download_Helper\RAW_AUTHENTICATED\3B-HHR.MS.MRG.3IMERG.20250320-S073000-E075959.0450.V07B.HDF5
3B-HHR.MS.MRG.3IMERG.20250320-S080000-E082959.0480.V07B.HDF5,7633027,D:\OneDrive\桌面\D07E_NASA_IMERG_Download_Helper\RAW_AUTHENTICATED\3B-HHR.MS.MRG.3IMERG.20250320-S080000-E082959.0480.V07B.HDF5
3B-HHR.MS.MRG.3IMERG.20250320-S083000-E085959.0510.V07B.HDF5,7546889,D:\OneDrive\桌面\D07E_NASA_IMERG_Download_Helper\RAW_AUTHENTICATED\3B-HHR.MS.MRG.3IMERG.20250320-S083000-E085959.0510.V07B.HDF5
3B-HHR.MS.MRG.3IMERG.20250320-S090000-E092959.0540.V07B.HDF5,7558954,D:\OneDrive\桌面\D07E_NASA_IMERG_Download_Helper\RAW_AUTHENTICATED\3B-HHR.MS.MRG.3IMERG.20250320-S090000-E092959.0540.V07B.HDF5
3B-HHR.MS.MRG.3IMERG.20250320-S093000-E095959.0570.V07B.HDF5,7564557,D:\OneDrive\桌面\D07E_NASA_IMERG_Download_Helper\RAW_AUTHENTICATED\3B-HHR.MS.MRG.3IMERG.20250320-S093000-E095959.0570.V07B.HDF5
3B-HHR.MS.MRG.3IMERG.20250320-S100000-E102959.0600.V07B.HDF5,7493256,D:\OneDrive\桌面\D07E_NASA_IMERG_Download_Helper\RAW_AUTHENTICATED\3B-HHR.MS.MRG.3IMERG.20250320-S100000-E102959.0600.V07B.HDF5
3B-HHR.MS.MRG.3IMERG.20250320-S103000-E105959.0630.V07B.HDF5,7489714,D:\OneDrive\桌面\D07E_NASA_IMERG_Download_Helper\RAW_AUTHENTICATED\3B-HHR.MS.MRG.3IMERG.20250320-S103000-E105959.0630.V07B.HDF5
3B-HHR.MS.MRG.3IMERG.20250320-S110000-E112959.0660.V07B.HDF5,7339791,D:\OneDrive\桌面\D07E_NASA_IMERG_Download_Helper\RAW_AUTHENTICATED\3B-HHR.MS.MRG.3IMERG.20250320-S110000-E112959.0660.V07B.HDF5
3B-HHR.MS.MRG.3IMERG.20250320-S113000-E115959.0690.V07B.HDF5,7438696,D:\OneDrive\桌面\D07E_NASA_IMERG_Download_Helper\RAW_AUTHENTICATED\3B-HHR.MS.MRG.3IMERG.20250320-S113000-E115959.0690.V07B.HDF5
3B-HHR.MS.MRG.3IMERG.20250320-S120000-E122959.0720.V07B.HDF5,7435131,D:\OneDrive\桌面\D07E_NASA_IMERG_Download_Helper\RAW_AUTHENTICATED\3B-HHR.MS.MRG.3IMERG.20250320-S120000-E122959.0720.V07B.HDF5
3B-HHR.MS.MRG.3IMERG.20250320-S123000-E125959.0750.V07B.HDF5,7399145,D:\OneDrive\桌面\D07E_NASA_IMERG_Download_Helper\RAW_AUTHENTICATED\3B-HHR.MS.MRG.3IMERG.20250320-S123000-E125959.0750.V07B.HDF5
3B-HHR.MS.MRG.3IMERG.20250320-S130000-E132959.0780.V07B.HDF5,7465038,D:\OneDrive\桌面\D07E_NASA_IMERG_Download_Helper\RAW_AUTHENTICATED\3B-HHR.MS.MRG.3IMERG.20250320-S130000-E132959.0780.V07B.HDF5
3B-HHR.MS.MRG.3IMERG.20250320-S133000-E135959.0810.V07B.HDF5,7497221,D:\OneDrive\桌面\D07E_NASA_IMERG_Download_Helper\RAW_AUTHENTICATED\3B-HHR.MS.MRG.3IMERG.20250320-S133000-E135959.0810.V07B.HDF5
3B-HHR.MS.MRG.3IMERG.20250320-S140000-E142959.0840.V07B.HDF5,7558756,D:\OneDrive\桌面\D07E_NASA_IMERG_Download_Helper\RAW_AUTHENTICATED\3B-HHR.MS.MRG.3IMERG.20250320-S140000-E142959.0840.V07B.HDF5
3B-HHR.MS.MRG.3IMERG.20250320-S143000-E145959.0870.V07B.HDF5,7623133,D:\OneDrive\桌面\D07E_NASA_IMERG_Download_Helper\RAW_AUTHENTICATED\3B-HHR.MS.MRG.3IMERG.20250320-S143000-E145959.0870.V07B.HDF5
3B-HHR.MS.MRG.3IMERG.20250320-S150000-E152959.0900.V07B.HDF5,7756266,D:\OneDrive\桌面\D07E_NASA_IMERG_Download_Helper\RAW_AUTHENTICATED\3B-HHR.MS.MRG.3IMERG.20250320-S150000-E152959.0900.V07B.HDF5
3B-HHR.MS.MRG.3IMERG.20250320-S153000-E155959.0930.V07B.HDF5,7713942,D:\OneDrive\桌面\D07E_NASA_IMERG_Download_Helper\RAW_AUTHENTICATED\3B-HHR.MS.MRG.3IMERG.20250320-S153000-E155959.0930.V07B.HDF5
3B-HHR.MS.MRG.3IMERG.20250320-S160000-E162959.0960.V07B.HDF5,7824421,D:\OneDrive\桌面\D07E_NASA_IMERG_Download_Helper\RAW_AUTHENTICATED\3B-HHR.MS.MRG.3IMERG.20250320-S160000-E162959.0960.V07B.HDF5
3B-HHR.MS.MRG.3IMERG.20250320-S163000-E165959.0990.V07B.HDF5,7840648,D:\OneDrive\桌面\D07E_NASA_IMERG_Download_Helper\RAW_AUTHENTICATED\3B-HHR.MS.MRG.3IMERG.20250320-S163000-E165959.0990.V07B.HDF5
3B-HHR.MS.MRG.3IMERG.20250320-S170000-E172959.1020.V07B.HDF5,7722737,D:\OneDrive\桌面\D07E_NASA_IMERG_Download_Helper\RAW_AUTHENTICATED\3B-HHR.MS.MRG.3IMERG.20250320-S170000-E172959.1020.V07B.HDF5
3B-HHR.MS.MRG.3IMERG.20250320-S173000-E175959.1050.V07B.HDF5,7819710,D:\OneDrive\桌面\D07E_NASA_IMERG_Download_Helper\RAW_AUTHENTICATED\3B-HHR.MS.MRG.3IMERG.20250320-S173000-E175959.1050.V07B.HDF5
3B-HHR.MS.MRG.3IMERG.20250320-S180000-E182959.1080.V07B.HDF5,7830230,D:\OneDrive\桌面\D07E_NASA_IMERG_Download_Helper\RAW_AUTHENTICATED\3B-HHR.MS.MRG.3IMERG.20250320-S180000-E182959.1080.V07B.HDF5
3B-HHR.MS.MRG.3IMERG.20250320-S183000-E185959.1110.V07B.HDF5,7802755,D:\OneDrive\桌面\D07E_NASA_IMERG_Download_Helper\RAW_AUTHENTICATED\3B-HHR.MS.MRG.3IMERG.20250320-S183000-E185959.1110.V07B.HDF5
3B-HHR.MS.MRG.3IMERG.20250320-S190000-E192959.1140.V07B.HDF5,7779788,D:\OneDrive\桌面\D07E_NASA_IMERG_Download_Helper\RAW_AUTHENTICATED\3B-HHR.MS.MRG.3IMERG.20250320-S190000-E192959.1140.V07B.HDF5
3B-HHR.MS.MRG.3IMERG.20250320-S193000-E195959.1170.V07B.HDF5,7834965,D:\OneDrive\桌面\D07E_NASA_IMERG_Download_Helper\RAW_AUTHENTICATED\3B-HHR.MS.MRG.3IMERG.20250320-S193000-E195959.1170.V07B.HDF5
3B-HHR.MS.MRG.3IMERG.20250320-S200000-E202959.1200.V07B.HDF5,7926357,D:\OneDrive\桌面\D07E_NASA_IMERG_Download_Helper\RAW_AUTHENTICATED\3B-HHR.MS.MRG.3IMERG.20250320-S200000-E202959.1200.V07B.HDF5
3B-HHR.MS.MRG.3IMERG.20250320-S203000-E205959.1230.V07B.HDF5,7812677,D:\OneDrive\桌面\D07E_NASA_IMERG_Download_Helper\RAW_AUTHENTICATED\3B-HHR.MS.MRG.3IMERG.20250320-S203000-E205959.1230.V07B.HDF5
3B-HHR.MS.MRG.3IMERG.20250320-S210000-E212959.1260.V07B.HDF5,7901905,D:\OneDrive\桌面\D07E_NASA_IMERG_Download_Helper\RAW_AUTHENTICATED\3B-HHR.MS.MRG.3IMERG.20250320-S210000-E212959.1260.V07B.HDF5
3B-HHR.MS.MRG.3IMERG.20250320-S213000-E215959.1290.V07B.HDF5,7766220,D:\OneDrive\桌面\D07E_NASA_IMERG_Download_Helper\RAW_AUTHENTICATED\3B-HHR.MS.MRG.3IMERG.20250320-S213000-E215959.1290.V07B.HDF5
3B-HHR.MS.MRG.3IMERG.20250320-S220000-E222959.1320.V07B.HDF5,7604350,D:\OneDrive\桌面\D07E_NASA_IMERG_Download_Helper\RAW_AUTHENTICATED\3B-HHR.MS.MRG.3IMERG.20250320-S220000-E222959.1320.V07B.HDF5
3B-HHR.MS.MRG.3IMERG.20250320-S223000-E225959.1350.V07B.HDF5,7687248,D:\OneDrive\桌面\D07E_NASA_IMERG_Download_Helper\RAW_AUTHENTICATED\3B-HHR.MS.MRG.3IMERG.20250320-S223000-E225959.1350.V07B.HDF5
3B-HHR.MS.MRG.3IMERG.20250320-S230000-E232959.1380.V07B.HDF5,7555282,D:\OneDrive\桌面\D07E_NASA_IMERG_Download_Helper\RAW_AUTHENTICATED\3B-HHR.MS.MRG.3IMERG.20250320-S230000-E232959.1380.V07B.HDF5
3B-HHR.MS.MRG.3IMERG.20250320-S233000-E235959.1410.V07B.HDF5,7550222,D:\OneDrive\桌面\D07E_NASA_IMERG_Download_Helper\RAW_AUTHENTICATED\3B-HHR.MS.MRG.3IMERG.20250320-S233000-E235959.1410.V07B.HDF5
3B-HHR.MS.MRG.3IMERG.20250321-S000000-E002959.0000.V07B.HDF5,7549486,D:\OneDrive\桌面\D07E_NASA_IMERG_Download_Helper\RAW_AUTHENTICATED\3B-HHR.MS.MRG.3IMERG.20250321-S000000-E002959.0000.V07B.HDF5
3B-HHR.MS.MRG.3IMERG.20250321-S003000-E005959.0030.V07B.HDF5,7468828,D:\OneDrive\桌面\D07E_NASA_IMERG_Download_Helper\RAW_AUTHENTICATED\3B-HHR.MS.MRG.3IMERG.20250321-S003000-E005959.0030.V07B.HDF5
3B-HHR.MS.MRG.3IMERG.20250321-S010000-E012959.0060.V07B.HDF5,7486634,D:\OneDrive\桌面\D07E_NASA_IMERG_Download_Helper\RAW_AUTHENTICATED\3B-HHR.MS.MRG.3IMERG.20250321-S010000-E012959.0060.V07B.HDF5
3B-HHR.MS.MRG.3IMERG.20250321-S013000-E015959.0090.V07B.HDF5,7409882,D:\OneDrive\桌面\D07E_NASA_IMERG_Download_Helper\RAW_AUTHENTICATED\3B-HHR.MS.MRG.3IMERG.20250321-S013000-E015959.0090.V07B.HDF5
3B-HHR.MS.MRG.3IMERG.20250321-S020000-E022959.0120.V07B.HDF5,7552517,D:\OneDrive\桌面\D07E_NASA_IMERG_Download_Helper\RAW_AUTHENTICATED\3B-HHR.MS.MRG.3IMERG.20250321-S020000-E022959.0120.V07B.HDF5
3B-HHR.MS.MRG.3IMERG.20250321-S023000-E025959.0150.V07B.HDF5,7523157,D:\OneDrive\桌面\D07E_NASA_IMERG_Download_Helper\RAW_AUTHENTICATED\3B-HHR.MS.MRG.3IMERG.20250321-S023000-E025959.0150.V07B.HDF5
3B-HHR.MS.MRG.3IMERG.20250321-S030000-E032959.0180.V07B.HDF5,7578955,D:\OneDrive\桌面\D07E_NASA_IMERG_Download_Helper\RAW_AUTHENTICATED\3B-HHR.MS.MRG.3IMERG.20250321-S030000-E032959.0180.V07B.HDF5
3B-HHR.MS.MRG.3IMERG.20250321-S033000-E035959.0210.V07B.HDF5,7596663,D:\OneDrive\桌面\D07E_NASA_IMERG_Download_Helper\RAW_AUTHENTICATED\3B-HHR.MS.MRG.3IMERG.20250321-S033000-E035959.0210.V07B.HDF5
3B-HHR.MS.MRG.3IMERG.20250321-S040000-E042959.0240.V07B.HDF5,7501331,D:\OneDrive\桌面\D07E_NASA_IMERG_Download_Helper\RAW_AUTHENTICATED\3B-HHR.MS.MRG.3IMERG.20250321-S040000-E042959.0240.V07B.HDF5
3B-HHR.MS.MRG.3IMERG.20250321-S043000-E045959.0270.V07B.HDF5,7588143,D:\OneDrive\桌面\D07E_NASA_IMERG_Download_Helper\RAW_AUTHENTICATED\3B-HHR.MS.MRG.3IMERG.20250321-S043000-E045959.0270.V07B.HDF5
3B-HHR.MS.MRG.3IMERG.20250321-S050000-E052959.0300.V07B.HDF5,7584389,D:\OneDrive\桌面\D07E_NASA_IMERG_Download_Helper\RAW_AUTHENTICATED\3B-HHR.MS.MRG.3IMERG.20250321-S050000-E052959.0300.V07B.HDF5
3B-HHR.MS.MRG.3IMERG.20250321-S053000-E055959.0330.V07B.HDF5,7488768,D:\OneDrive\桌面\D07E_NASA_IMERG_Download_Helper\RAW_AUTHENTICATED\3B-HHR.MS.MRG.3IMERG.20250321-S053000-E055959.0330.V07B.HDF5
3B-HHR.MS.MRG.3IMERG.20250321-S060000-E062959.0360.V07B.HDF5,7439563,D:\OneDrive\桌面\D07E_NASA_IMERG_Download_Helper\RAW_AUTHENTICATED\3B-HHR.MS.MRG.3IMERG.20250321-S060000-E062959.0360.V07B.HDF5
3B-HHR.MS.MRG.3IMERG.20250321-S063000-E065959.0390.V07B.HDF5,7516927,D:\OneDrive\桌面\D07E_NASA_IMERG_Download_Helper\RAW_AUTHENTICATED\3B-HHR.MS.MRG.3IMERG.20250321-S063000-E065959.0390.V07B.HDF5
3B-HHR.MS.MRG.3IMERG.20250321-S070000-E072959.0420.V07B.HDF5,7537438,D:\OneDrive\桌面\D07E_NASA_IMERG_Download_Helper\RAW_AUTHENTICATED\3B-HHR.MS.MRG.3IMERG.20250321-S070000-E072959.0420.V07B.HDF5
3B-HHR.MS.MRG.3IMERG.20250321-S073000-E075959.0450.V07B.HDF5,7558674,D:\OneDrive\桌面\D07E_NASA_IMERG_Download_Helper\RAW_AUTHENTICATED\3B-HHR.MS.MRG.3IMERG.20250321-S073000-E075959.0450.V07B.HDF5
3B-HHR.MS.MRG.3IMERG.20250321-S080000-E082959.0480.V07B.HDF5,7514469,D:\OneDrive\桌面\D07E_NASA_IMERG_Download_Helper\RAW_AUTHENTICATED\3B-HHR.MS.MRG.3IMERG.20250321-S080000-E082959.0480.V07B.HDF5
3B-HHR.MS.MRG.3IMERG.20250321-S083000-E085959.0510.V07B.HDF5,7548977,D:\OneDrive\桌面\D07E_NASA_IMERG_Download_Helper\RAW_AUTHENTICATED\3B-HHR.MS.MRG.3IMERG.20250321-S083000-E085959.0510.V07B.HDF5
3B-HHR.MS.MRG.3IMERG.20250321-S090000-E092959.0540.V07B.HDF5,7438055,D:\OneDrive\桌面\D07E_NASA_IMERG_Download_Helper\RAW_AUTHENTICATED\3B-HHR.MS.MRG.3IMERG.20250321-S090000-E092959.0540.V07B.HDF5
3B-HHR.MS.MRG.3IMERG.20250321-S093000-E095959.0570.V07B.HDF5,7488786,D:\OneDrive\桌面\D07E_NASA_IMERG_Download_Helper\RAW_AUTHENTICATED\3B-HHR.MS.MRG.3IMERG.20250321-S093000-E095959.0570.V07B.HDF5
3B-HHR.MS.MRG.3IMERG.20250321-S100000-E102959.0600.V07B.HDF5,7346523,D:\OneDrive\桌面\D07E_NASA_IMERG_Download_Helper\RAW_AUTHENTICATED\3B-HHR.MS.MRG.3IMERG.20250321-S100000-E102959.0600.V07B.HDF5
3B-HHR.MS.MRG.3IMERG.20250321-S103000-E105959.0630.V07B.HDF5,7517985,D:\OneDrive\桌面\D07E_NASA_IMERG_Download_Helper\RAW_AUTHENTICATED\3B-HHR.MS.MRG.3IMERG.20250321-S103000-E105959.0630.V07B.HDF5
3B-HHR.MS.MRG.3IMERG.20250321-S110000-E112959.0660.V07B.HDF5,7437359,D:\OneDrive\桌面\D07E_NASA_IMERG_Download_Helper\RAW_AUTHENTICATED\3B-HHR.MS.MRG.3IMERG.20250321-S110000-E112959.0660.V07B.HDF5
3B-HHR.MS.MRG.3IMERG.20250321-S113000-E115959.0690.V07B.HDF5,7477005,D:\OneDrive\桌面\D07E_NASA_IMERG_Download_Helper\RAW_AUTHENTICATED\3B-HHR.MS.MRG.3IMERG.20250321-S113000-E115959.0690.V07B.HDF5
3B-HHR.MS.MRG.3IMERG.20250321-S120000-E122959.0720.V07B.HDF5,7504609,D:\OneDrive\桌面\D07E_NASA_IMERG_Download_Helper\RAW_AUTHENTICATED\3B-HHR.MS.MRG.3IMERG.20250321-S120000-E122959.0720.V07B.HDF5
3B-HHR.MS.MRG.3IMERG.20250321-S123000-E125959.0750.V07B.HDF5,7502722,D:\OneDrive\桌面\D07E_NASA_IMERG_Download_Helper\RAW_AUTHENTICATED\3B-HHR.MS.MRG.3IMERG.20250321-S123000-E125959.0750.V07B.HDF5
3B-HHR.MS.MRG.3IMERG.20250321-S130000-E132959.0780.V07B.HDF5,7621487,D:\OneDrive\桌面\D07E_NASA_IMERG_Download_Helper\RAW_AUTHENTICATED\3B-HHR.MS.MRG.3IMERG.20250321-S130000-E132959.0780.V07B.HDF5
3B-HHR.MS.MRG.3IMERG.20250321-S133000-E135959.0810.V07B.HDF5,7665448,D:\OneDrive\桌面\D07E_NASA_IMERG_Download_Helper\RAW_AUTHENTICATED\3B-HHR.MS.MRG.3IMERG.20250321-S133000-E135959.0810.V07B.HDF5
3B-HHR.MS.MRG.3IMERG.20250321-S140000-E142959.0840.V07B.HDF5,7721575,D:\OneDrive\桌面\D07E_NASA_IMERG_Download_Helper\RAW_AUTHENTICATED\3B-HHR.MS.MRG.3IMERG.20250321-S140000-E142959.0840.V07B.HDF5
3B-HHR.MS.MRG.3IMERG.20250321-S143000-E145959.0870.V07B.HDF5,7710170,D:\OneDrive\桌面\D07E_NASA_IMERG_Download_Helper\RAW_AUTHENTICATED\3B-HHR.MS.MRG.3IMERG.20250321-S143000-E145959.0870.V07B.HDF5
3B-HHR.MS.MRG.3IMERG.20250321-S150000-E152959.0900.V07B.HDF5,7753817,D:\OneDrive\桌面\D07E_NASA_IMERG_Download_Helper\RAW_AUTHENTICATED\3B-HHR.MS.MRG.3IMERG.20250321-S150000-E152959.0900.V07B.HDF5
3B-HHR.MS.MRG.3IMERG.20250321-S153000-E155959.0930.V07B.HDF5,7846940,D:\OneDrive\桌面\D07E_NASA_IMERG_Download_Helper\RAW_AUTHENTICATED\3B-HHR.MS.MRG.3IMERG.20250321-S153000-E155959.0930.V07B.HDF5
