scenario,subdistrict,population,newly_unreachable_population,newly_unreachable_pct_subdistrict,baseline_weighted_mean_min,scenario_weighted_mean_min,weighted_mean_increase_common_reachable_min,weighted_median_increase_min,weighted_p90_increase_min,baseline_30min_pct,scenario_30min_pct,baseline_45min_pct,scenario_45min_pct,baseline_60min_pct,scenario_60min_pct,delta_30min_pp,delta_45min_pp,delta_60min_pp
MAR20_OBSERVED,Bandar Johor Bahru,207420.12850077078,0.0,0.0,3.9064871651954802,3.9064871651954802,0.0,0.0,0.0,99.67927954917475,99.67927954917475,99.67927954917475,99.67927954917475,99.67927954917475,99.67927954917475,0.0,0.0,0.0
MAR20_OBSERVED,Bandar Tebrau,369.8173522949219,0.0,0.0,4.7470903329155245,4.7470903329155245,0.0,0.0,0.0,100.0,100.0,100.0,100.0,100.0,100.0,0.0,0.0,0.0
MAR20_OBSERVED,Mukim Jelutong,27446.888267802075,0.0,0.0,7.752261906040142,7.752261906040142,0.0,0.0,0.0,99.62020495233762,99.62020495233762,99.62020495233762,99.62020495233762,99.62020495233762,99.62020495233762,0.0,0.0,0.0
MAR20_OBSERVED,Mukim Plentong,606379.027620858,278.10431814193726,0.045863116215131304,6.097020765575423,6.121416916219218,0.023905298709854403,0.0,0.0,99.70602839138729,99.66016527517216,99.70602839138729,99.66016527517216,99.70602839138729,99.66016527517216,-0.04586311621513062,-0.04586311621513062,-0.04586311621513062
MAR20_OBSERVED,Mukim Pulai,495673.2936638985,0.0,0.0,8.561827281836488,8.561827281836488,0.0,0.0,0.0,99.67051187718366,99.67051187718366,99.67051187718366,99.67051187718366,99.67051187718366,99.67051187718366,0.0,0.0,0.0
MAR20_OBSERVED,Mukim Sungai Tiram,39171.378846266074,0.0,0.0,18.37484088703567,18.37484088703567,0.0,0.0,0.0,94.62388702643086,94.62388702643086,99.69341510163986,99.69341510163986,99.69341510163986,99.69341510163986,0.0,0.0,0.0
MAR20_OBSERVED,Mukim Tanjung Kupang,46856.47567711212,0.0,0.0,14.011538832991985,14.011538832991985,0.0,0.0,0.0,99.89977113576309,99.89977113576309,99.89977113576309,99.89977113576309,99.89977113576309,99.89977113576309,0.0,0.0,0.0
MAR20_OBSERVED,Mukim Tebrau,482441.56138161104,4682.941160429269,0.9706753180671897,7.046799997885874,7.0230375728976755,0.006229719182068457,0.0,0.0,99.83372518021032,98.86304986214313,99.83372518021032,98.86304986214313,99.83372518021032,98.86304986214313,-0.9706753180671939,-0.9706753180671939,-0.9706753180671939
MAR21_OBSERVED,Bandar Johor Bahru,207420.12850077078,0.0,0.0,3.9064871651954802,3.9064871651954802,0.0,0.0,0.0,99.67927954917475,99.67927954917475,99.67927954917475,99.67927954917475,99.67927954917475,99.67927954917475,0.0,0.0,0.0
MAR21_OBSERVED,Bandar Tebrau,369.8173522949219,0.0,0.0,4.7470903329155245,4.7470903329155245,0.0,0.0,0.0,100.0,100.0,100.0,100.0,100.0,100.0,0.0,0.0,0.0
MAR21_OBSERVED,Mukim Jelutong,27446.888267802075,0.0,0.0,7.752261906040142,7.752261906040142,0.0,0.0,0.0,99.62020495233762,99.62020495233762,99.62020495233762,99.62020495233762,99.62020495233762,99.62020495233762,0.0,0.0,0.0
MAR21_OBSERVED,Mukim Plentong,606379.027620858,0.0,0.0,6.097020765575423,6.097020765575423,0.0,0.0,0.0,99.70602839138729,99.70602839138729,99.70602839138729,99.70602839138729,99.70602839138729,99.70602839138729,0.0,0.0,0.0
MAR21_OBSERVED,Mukim Pulai,495673.2936638985,0.0,0.0,8.561827281836488,8.561827281836488,0.0,0.0,0.0,99.67051187718366,99.67051187718366,99.67051187718366,99.67051187718366,99.67051187718366,99.67051187718366,0.0,0.0,0.0
MAR21_OBSERVED,Mukim Sungai Tiram,39171.378846266074,0.0,0.0,18.37484088703567,18.37484088703567,0.0,0.0,0.0,94.62388702643086,94.62388702643086,99.69341510163986,99.69341510163986,99.69341510163986,99.69341510163986,0.0,0.0,0.0
MAR21_OBSERVED,Mukim Tanjung Kupang,46856.47567711212,0.0,0.0,14.011538832991985,14.011538832991985,0.0,0.0,0.0,99.89977113576309,99.89977113576309,99.89977113576309,99.89977113576309,99.89977113576309,99.89977113576309,0.0,0.0,0.0
MAR21_OBSERVED,Mukim Tebrau,482441.56138161104,0.0,0.0,7.046799997885874,7.046799997885874,0.0,0.0,0.0,99.83372518021032,99.83372518021032,99.83372518021032,99.83372518021032,99.83372518021032,99.83372518021032,0.0,0.0,0.0
EVENT_FOOTPRINT_UNION,Bandar Johor Bahru,207420.12850077078,0.0,0.0,3.9064871651954802,3.9064871651954802,0.0,0.0,0.0,99.67927954917475,99.67927954917475,99.67927954917475,99.67927954917475,99.67927954917475,99.67927954917475,0.0,0.0,0.0
EVENT_FOOTPRINT_UNION,Bandar Tebrau,369.8173522949219,0.0,0.0,4.7470903329155245,4.7470903329155245,0.0,0.0,0.0,100.0,100.0,100.0,100.0,100.0,100.0,0.0,0.0,0.0
EVENT_FOOTPRINT_UNION,Mukim Jelutong,27446.888267802075,0.0,0.0,7.752261906040142,7.752261906040142,0.0,0.0,0.0,99.62020495233762,99.62020495233762,99.62020495233762,99.62020495233762,99.62020495233762,99.62020495233762,0.0,0.0,0.0
EVENT_FOOTPRINT_UNION,Mukim Plentong,606379.027620858,278.10431814193726,0.045863116215131304,6.097020765575423,6.121416916219218,0.023905298709854403,0.0,0.0,99.70602839138729,99.66016527517216,99.70602839138729,99.66016527517216,99.70602839138729,99.66016527517216,-0.04586311621513062,-0.04586311621513062,-0.04586311621513062
EVENT_FOOTPRINT_UNION,Mukim Pulai,495673.2936638985,0.0,0.0,8.561827281836488,8.561827281836488,0.0,0.0,0.0,99.67051187718366,99.67051187718366,99.67051187718366,99.67051187718366,99.67051187718366,99.67051187718366,0.0,0.0,0.0
EVENT_FOOTPRINT_UNION,Mukim Sungai Tiram,39171.378846266074,0.0,0.0,18.37484088703567,18.37484088703567,0.0,0.0,0.0,94.62388702643086,94.62388702643086,99.69341510163986,99.69341510163986,99.69341510163986,99.69341510163986,0.0,0.0,0.0
EVENT_FOOTPRINT_UNION,Mukim Tanjung Kupang,46856.47567711212,0.0,0.0,14.011538832991985,14.011538832991985,0.0,0.0,0.0,99.89977113576309,99.89977113576309,99.89977113576309,99.89977113576309,99.89977113576309,99.89977113576309,0.0,0.0,0.0
EVENT_FOOTPRINT_UNION,Mukim Tebrau,482441.56138161104,4682.941160429269,0.9706753180671897,7.046799997885874,7.0230375728976755,0.006229719182068457,0.0,0.0,99.83372518021032,98.86304986214313,99.83372518021032,98.86304986214313,99.83372518021032,98.86304986214313,-0.9706753180671939,-0.9706753180671939,-0.9706753180671939
