closure_id,reported_road,shift_m,shift_label,affected_subedge_count,newly_unreachable_origins,newly_unreachable_population,newly_unreachable_population_pct_total,weighted_mean_increase_common_reachable_min,weighted_p90_increase_common_reachable_min,delta_30min_pp,delta_45min_pp,delta_60min_pp
C2025_FT003_9.1_10.0,FT003 Jalan Johor Bahru - Kota Tinggi,-150,SIDE_A,61,16,571.9544243812561,0.030011903553340234,0.01665265231823268,0.0,-0.030011903553329944,-0.030011903553344155,-0.030011903553344155
C2025_FT003_9.1_10.0,FT003 Jalan Johor Bahru - Kota Tinggi,0,NOMINAL,59,14,462.2884850502014,0.024257452754484005,0.009166534391924653,0.0,-0.02425745275448321,-0.02425745275448321,-0.02425745275448321
C2025_FT003_9.1_10.0,FT003 Jalan Johor Bahru - Kota Tinggi,150,SIDE_B,61,14,462.2884850502014,0.024257452754484005,0.009159318883125326,0.0,-0.02425745275448321,-0.02425745275448321,-0.02425745275448321
C2025_FT01_19.6_20.0,FT01 Jalan Johor Bahru - Senai,-50,SIDE_A,6,104,1278.999496564269,0.06711235703296276,0.0,0.0,-0.06711235703295415,-0.06711235703296836,-0.06711235703296836
C2025_FT01_19.6_20.0,FT01 Jalan Johor Bahru - Senai,0,NOMINAL,6,104,1278.999496564269,0.06711235703296276,0.0,0.0,-0.06711235703295415,-0.06711235703296836,-0.06711235703296836
C2025_FT01_19.6_20.0,FT01 Jalan Johor Bahru - Senai,50,SIDE_B,5,104,1278.999496564269,0.06711235703296276,0.0,0.0,-0.06711235703295415,-0.06711235703296836,-0.06711235703296836
C2025_J105_7.0_7.5,J105 Jalan Maju Jaya - Seelong,-100,SIDE_A,29,426,3228.12134969607,0.1693877387352403,0.0,0.0,-0.1693877387352387,-0.1693877387352387,-0.1693877387352387
C2025_J105_7.0_7.5,J105 Jalan Maju Jaya - Seelong,0,NOMINAL,31,426,3219.757496956736,0.16894886610650106,0.0,0.0,-0.16894886610648996,-0.16894886610650417,-0.16894886610650417
C2025_J105_7.0_7.5,J105 Jalan Maju Jaya - Seelong,100,SIDE_B,32,74,812.4469844438136,0.04263115993150611,0.0010462369817372643,0.0,-0.04263115993150279,-0.04263115993150279,-0.04263115993150279
C2025_J46_2.0_2.3,J46 Jalan Ulu Pulai,-50,SIDE_A,11,0,0.0,0.0,3.028098405962352e-05,0.0,0.0,0.0,0.0
C2025_J46_2.0_2.3,J46 Jalan Ulu Pulai,0,NOMINAL,8,0,0.0,0.0,0.0,0.0,0.0,0.0,0.0
C2025_J46_2.0_2.3,J46 Jalan Ulu Pulai,50,SIDE_B,5,0,0.0,0.0,0.0,0.0,0.0,0.0,0.0
