"relative_path","filename","size_bytes","size_mib","status"
"gis\baseline\JB_OSM_RoadNetwork_RoutingBuffer10km_WGS84.gpkg","JB_OSM_RoadNetwork_RoutingBuffer10km_WGS84.gpkg","84819968","80.8906","REVIEW_50_100_MIB"
"gis\baseline\JB_OSM_RoadNetwork_RoutingBuffer10km_WGS84__COPY001.gpkg","JB_OSM_RoadNetwork_RoutingBuffer10km_WGS84__COPY001.gpkg","84819968","80.8906","REVIEW_50_100_MIB"
"gis\baseline\JB_OSM_RoadNetwork_RoutingBuffer10km_RSO.gpkg","JB_OSM_RoadNetwork_RoutingBuffer10km_RSO.gpkg","84766720","80.8398","REVIEW_50_100_MIB"
"gis\baseline\JB_OSM_RoadNetwork_RoutingBuffer10km_RSO__COPY001.gpkg","JB_OSM_RoadNetwork_RoutingBuffer10km_RSO__COPY001.gpkg","84766720","80.8398","REVIEW_50_100_MIB"
"tables\D09\D09_RoadSegment_CRPI.csv","D09_RoadSegment_CRPI.csv","64404512","61.4209","REVIEW_50_100_MIB"
"gis\flood\JB_Flood_Evidence_and_Road_Susceptibility_Screening_RSO.gpkg","JB_Flood_Evidence_and_Road_Susceptibility_Screening_RSO.gpkg","55484416","52.9141","REVIEW_50_100_MIB"
"gis\flood\JB_D06R_Corrected_Healthcare_Accessibility_RSO.gpkg","JB_D06R_Corrected_Healthcare_Accessibility_RSO.gpkg","54329344","51.8125","REVIEW_50_100_MIB"
"data\routing\D06_Baseline_Healthcare_Accessibility_Origins.csv","D06_Baseline_Healthcare_Accessibility_Origins.csv","51394197","49.0133","PASS_25_50_MIB"
"gis\baseline\JB_Baseline_Healthcare_Accessibility_RSO.gpkg","JB_Baseline_Healthcare_Accessibility_RSO.gpkg","48787456","46.5273","PASS_25_50_MIB"
"gis\baseline\JB_Baseline_Healthcare_Accessibility_RSO (1).gpkg","JB_Baseline_Healthcare_Accessibility_RSO (1).gpkg","48787456","46.5273","PASS_25_50_MIB"
"gis\JB_OSM_RoadNetwork_Core_Terrain_WGS84.gpkg","JB_OSM_RoadNetwork_Core_Terrain_WGS84.gpkg","46522368","44.3672","PASS_25_50_MIB"
"gis\JB_OSM_RoadNetwork_Core_Terrain_RSO.gpkg","JB_OSM_RoadNetwork_Core_Terrain_RSO.gpkg","46456832","44.3047","PASS_25_50_MIB"
"data\population\D05C_WorldPop_Origins_RoadSnap.csv","D05C_WorldPop_Origins_RoadSnap.csv","32162081","30.6722","PASS_25_50_MIB"
"gis\JB_OSM_RoadNetwork_Core_WGS84.gpkg","JB_OSM_RoadNetwork_Core_WGS84.gpkg","31956992","30.4766","PASS_25_50_MIB"
"gis\JB_OSM_RoadNetwork_Core_WGS84__COPY001.gpkg","JB_OSM_RoadNetwork_Core_WGS84__COPY001.gpkg","31956992","30.4766","PASS_25_50_MIB"
"gis\JB_OSM_RoadNetwork_Core_RSO__COPY001.gpkg","JB_OSM_RoadNetwork_Core_RSO__COPY001.gpkg","31891456","30.4141","PASS_25_50_MIB"
"gis\JB_OSM_RoadNetwork_Core_RSO.gpkg","JB_OSM_RoadNetwork_Core_RSO.gpkg","31891456","30.4141","PASS_25_50_MIB"
"gis\critical_roads\D09_FloodSusceptibility_CriticalRoadPriority_WGS84.gpkg","D09_FloodSusceptibility_CriticalRoadPriority_WGS84.gpkg","28200960","26.8945","PASS_25_50_MIB"
"gis\critical_roads\D09_FloodSusceptibility_CriticalRoadPriority_RSO.gpkg","D09_FloodSusceptibility_CriticalRoadPriority_RSO.gpkg","28131328","26.8281","PASS_25_50_MIB"
"data\terrain\D03C2_Road_Terrain_Metrics.csv","D03C2_Road_Terrain_Metrics.csv","26935634","25.6878","PASS_25_50_MIB"
"gis\JB_WorldPop_2026_NetworkAccessPoints_RSO.gpkg","JB_WorldPop_2026_NetworkAccessPoints_RSO.gpkg","19955712","19.0312","PASS_LT_25_MIB"
"gis\JB_WorldPop_2026_Origins_WGS84.gpkg","JB_WorldPop_2026_Origins_WGS84.gpkg","18071552","17.2344","PASS_LT_25_MIB"
"gis\accessibility\D08_EventFootprint_Accessibility_Impact_RSO.gpkg","D08_EventFootprint_Accessibility_Impact_RSO.gpkg","17944576","17.1133","PASS_LT_25_MIB"
"gis\JB_WorldPop_2026_Origins_RSO.gpkg","JB_WorldPop_2026_Origins_RSO.gpkg","17424384","16.6172","PASS_LT_25_MIB"
"data\population\D05A_WorldPop_Origins.csv","D05A_WorldPop_Origins.csv","14136647","13.4818","PASS_LT_25_MIB"
"data\routing\D06_Origin_Access_to_RoutingGraph_Mapping.csv","D06_Origin_Access_to_RoutingGraph_Mapping.csv","9068110","8.648","PASS_LT_25_MIB"
"qc\D07\D06R_Origin_Access_to_RoutingGraph_Mapping_UNCHANGED.csv","D06R_Origin_Access_to_RoutingGraph_Mapping_UNCHANGED.csv","9068110","8.648","PASS_LT_25_MIB"
"gis\JB_Terrain_RelativeElevation_500m_RSO.tif","JB_Terrain_RelativeElevation_500m_RSO.tif","3823418","3.6463","PASS_LT_25_MIB"
"gis\JB_Terrain_RelativeElevation_1000m_RSO.tif","JB_Terrain_RelativeElevation_1000m_RSO.tif","3799505","3.6235","PASS_LT_25_MIB"
"gis\JB_Terrain_Slope_Degree_RSO.tif","JB_Terrain_Slope_Degree_RSO.tif","3785897","3.6105","PASS_LT_25_MIB"
"qc\D06R\D02_OSM_RoutingBuffer_QC__COPY001.png","D02_OSM_RoutingBuffer_QC__COPY001.png","901864","0.8601","PASS_LT_25_MIB"
"qc\D06R\D02_OSM_RoutingBuffer_QC.png","D02_OSM_RoutingBuffer_QC.png","901864","0.8601","PASS_LT_25_MIB"
"qc\D03C1_RelativeElevation_1000m_QC.png","D03C1_RelativeElevation_1000m_QC.png","857342","0.8176","PASS_LT_25_MIB"
"qc\D02_OSM_Core_RoadNetwork_QC__COPY001.png","D02_OSM_Core_RoadNetwork_QC__COPY001.png","720363","0.687","PASS_LT_25_MIB"
"qc\D02_OSM_Core_RoadNetwork_QC.png","D02_OSM_Core_RoadNetwork_QC.png","720363","0.687","PASS_LT_25_MIB"
"gis\JB_Healthcare_Master_D04C_WGS84.gpkg","JB_Healthcare_Master_D04C_WGS84.gpkg","409600","0.3906","PASS_LT_25_MIB"
"gis\JB_Healthcare_Master_D04C_RSO.gpkg","JB_Healthcare_Master_D04C_RSO.gpkg","409600","0.3906","PASS_LT_25_MIB"
"figures\results\D08_EventFootprint_TravelTime_Change_Map.png","D08_EventFootprint_TravelTime_Change_Map.png","397638","0.3792","PASS_LT_25_MIB"
"gis\flood\D07B_JKR_Route_OSM_Candidates_RSO.gpkg","D07B_JKR_Route_OSM_Candidates_RSO.gpkg","364544","0.3477","PASS_LT_25_MIB"
"gis\recovery\D10_RecoveryBenefit_SpatialEquity_RSO.gpkg","D10_RecoveryBenefit_SpatialEquity_RSO.gpkg","294912","0.2812","PASS_LT_25_MIB"
"figures\results\D09_CRPI_Priority_Map.png","D09_CRPI_Priority_Map.png","283867","0.2707","PASS_LT_25_MIB"
"figures\results\GIS_Flood_Road_Susceptibility_Screening.png","GIS_Flood_Road_Susceptibility_Screening.png","271624","0.259","PASS_LT_25_MIB"
"figures\results\D10_Origin_RecoveryStage_Map.png","D10_Origin_RecoveryStage_Map.png","225885","0.2154","PASS_LT_25_MIB"
"gis\JB_Community_Healthcare_D04A2_WGS84.gpkg","JB_Community_Healthcare_D04A2_WGS84.gpkg","221184","0.2109","PASS_LT_25_MIB"
"gis\JB_Community_Healthcare_D04A2_RSO.gpkg","JB_Community_Healthcare_D04A2_RSO.gpkg","221184","0.2109","PASS_LT_25_MIB"
"qc\D06R\jcr_q1_baseline_20261005.json","jcr_q1_baseline_20261005.json","219383","0.2092","PASS_LT_25_MIB"
"gis\JB_Public_Healthcare_D04A1_WGS84.gpkg","JB_Public_Healthcare_D04A1_WGS84.gpkg","196608","0.1875","PASS_LT_25_MIB"
"gis\JB_Public_Healthcare_D04A1_RSO.gpkg","JB_Public_Healthcare_D04A1_RSO.gpkg","196608","0.1875","PASS_LT_25_MIB"
"figures\results\D09_Top_Corridor_CRPI.png","D09_Top_Corridor_CRPI.png","195446","0.1864","PASS_LT_25_MIB"
"qc\D06R\openalex_baseline_v11_20261005.json","openalex_baseline_v11_20261005.json","192859","0.1839","PASS_LT_25_MIB"
"gis\study_area\JB_Study_Area_Final.gpkg","JB_Study_Area_Final.gpkg","180224","0.1719","PASS_LT_25_MIB"
"gis\study_area\JB_Study_Area_Final__COPY001.gpkg","JB_Study_Area_Final__COPY001.gpkg","180224","0.1719","PASS_LT_25_MIB"
"gis\study_area\JB_Study_Area_Final_RSO__COPY001.gpkg","JB_Study_Area_Final_RSO__COPY001.gpkg","180224","0.1719","PASS_LT_25_MIB"
"gis\study_area\JB_Study_Area_Final_RSO.gpkg","JB_Study_Area_Final_RSO.gpkg","180224","0.1719","PASS_LT_25_MIB"
"gis\flood\D07F_2023_SourceLimited_Closure_Spatialization_RSO.gpkg","D07F_2023_SourceLimited_Closure_Spatialization_RSO.gpkg","172032","0.1641","PASS_LT_25_MIB"
"external_data\EXTERNAL_DATA_MANIFEST.csv","EXTERNAL_DATA_MANIFEST.csv","170639","0.1627","PASS_LT_25_MIB"
"figures\architecture\D11_Results_Architecture_OnePage.png","D11_Results_Architecture_OnePage.png","167126","0.1594","PASS_LT_25_MIB"
"gis\flood\D07F_Authorized_Closure_Spatialization_RSO.gpkg","D07F_Authorized_Closure_Spatialization_RSO.gpkg","159744","0.1523","PASS_LT_25_MIB"
"figures\results\D09_Susceptibility_Criticality_Matrix.png","D09_Susceptibility_Criticality_Matrix.png","154307","0.1472","PASS_LT_25_MIB"
"qc\D07\D07F_Closure_Spatialization_QC.png","D07F_Closure_Spatialization_QC.png","152294","0.1452","PASS_LT_25_MIB"
"figures\results\D08_SingleRoad_Criticality_Sensitivity.png","D08_SingleRoad_Criticality_Sensitivity.png","150594","0.1436","PASS_LT_25_MIB"
"gis\JB_Private_Hospitals_D04B_WGS84.gpkg","JB_Private_Hospitals_D04B_WGS84.gpkg","147456","0.1406","PASS_LT_25_MIB"
"gis\JB_Private_Hospitals_D04B_RSO.gpkg","JB_Private_Hospitals_D04B_RSO.gpkg","147456","0.1406","PASS_LT_25_MIB"
"figures\results\D10_Equity_Gini_Recovery.png","D10_Equity_Gini_Recovery.png","146545","0.1398","PASS_LT_25_MIB"
"gis\flood\D07E_IMERG_JB_Grid_Peaks_WGS84.gpkg","D07E_IMERG_JB_Grid_Peaks_WGS84.gpkg","143360","0.1367","PASS_LT_25_MIB"
"gis\flood\D06R_Routing_Context_UNCHANGED_RSO.gpkg","D06R_Routing_Context_UNCHANGED_RSO.gpkg","135168","0.1289","PASS_LT_25_MIB"
"gis\flood\D07C_JB_Official_Hotspots_OSM_Matched_RSO.gpkg","D07C_JB_Official_Hotspots_OSM_Matched_RSO.gpkg","131072","0.125","PASS_LT_25_MIB"
"gis\flood\D07E_GPM_IMERG_JB_GridCells_WGS84.gpkg","D07E_GPM_IMERG_JB_GridCells_WGS84.gpkg","131072","0.125","PASS_LT_25_MIB"
"gis\flood\D07C_Historical_Locations_OSM_Exact_RSO.gpkg","D07C_Historical_Locations_OSM_Exact_RSO.gpkg","131072","0.125","PASS_LT_25_MIB"
"figures\results\D08_Subdistrict_Mean_Increase_EventFootprint.png","D08_Subdistrict_Mean_Increase_EventFootprint.png","128509","0.1226","PASS_LT_25_MIB"
"gis\flood\D07C_2023_Closure_RoadName_Candidates_RSO.gpkg","D07C_2023_Closure_RoadName_Candidates_RSO.gpkg","126976","0.1211","PASS_LT_25_MIB"
"figures\results\D07E_JB_AreaWeighted_Rolling_1h.png","D07E_JB_AreaWeighted_Rolling_1h.png","124316","0.1186","PASS_LT_25_MIB"
"figures\results\D07E_JB_AreaWeighted_30min_Rainfall.png","D07E_JB_AreaWeighted_30min_Rainfall.png","120132","0.1146","PASS_LT_25_MIB"
"qc\D06R\openalex_baseline_20261005.json","openalex_baseline_20261005.json","117909","0.1124","PASS_LT_25_MIB"
"figures\results\D07E_JB_AreaWeighted_Rolling_3h.png","D07E_JB_AreaWeighted_Rolling_3h.png","116617","0.1112","PASS_LT_25_MIB"
"metadata\manifests\FILE_MANIFEST.csv","FILE_MANIFEST.csv","114393","0.1091","PASS_LT_25_MIB"
"figures\results\D07E_JB_AreaWeighted_Rolling_6h.png","D07E_JB_AreaWeighted_Rolling_6h.png","113406","0.1082","PASS_LT_25_MIB"
"figures\results\D07E_IMERG_20250320_Grid_Daily_Rainfall.png","D07E_IMERG_20250320_Grid_Daily_Rainfall.png","111563","0.1064","PASS_LT_25_MIB"
"gis\accessibility\JB_Subdistrict_Boundaries_MyGDI_WGS84.geojson","JB_Subdistrict_Boundaries_MyGDI_WGS84.geojson","105078","0.1002","PASS_LT_25_MIB"
"figures\results\D10_BestOrder_Cumulative_Recovery.png","D10_BestOrder_Cumulative_Recovery.png","103881","0.0991","PASS_LT_25_MIB"
"figures\results\D09_Observed2025_Recovery_Priority.png","D09_Observed2025_Recovery_Priority.png","98976","0.0944","PASS_LT_25_MIB"
"gis\flood\D07B_Healthcare_Impacts_RSO.gpkg","D07B_Healthcare_Impacts_RSO.gpkg","98304","0.0938","PASS_LT_25_MIB"
"figures\results\D08_Global_Mean_TravelTime_Increase.png","D08_Global_Mean_TravelTime_Increase.png","91745","0.0875","PASS_LT_25_MIB"
"figures\results\D10_FirstStep_Recovery_Benefit_AllOrders.png","D10_FirstStep_Recovery_Benefit_AllOrders.png","89921","0.0858","PASS_LT_25_MIB"
"figures\results\D08_30_45_60min_Coverage.png","D08_30_45_60min_Coverage.png","89074","0.0849","PASS_LT_25_MIB"
"figures\results\D08_Newly_Unreachable_Population.png","D08_Newly_Unreachable_Population.png","87738","0.0837","PASS_LT_25_MIB"
"tables\D07\D07F_IMERG_Missing_Granules.csv","D07F_IMERG_Missing_Granules.csv","77318","0.0737","PASS_LT_25_MIB"
"qc\D07\D07F_IMERG_144_Granule_Availability_Audit.csv","D07F_IMERG_144_Granule_Availability_Audit.csv","77318","0.0737","PASS_LT_25_MIB"
"metadata\manifests\D07E_GPM_IMERG_V07B_20250319_21_MYT_144_Granule_Manifest.csv","D07E_GPM_IMERG_V07B_20250319_21_MYT_144_Granule_Manifest.csv","76411","0.0729","PASS_LT_25_MIB"
"figures\results\D10_Tebrau_Plentong_Recovery_Benefit.png","D10_Tebrau_Plentong_Recovery_Benefit.png","75867","0.0724","PASS_LT_25_MIB"
"figures\results\D08_MAR20_NewlyUnreachable_Sensitivity.png","D08_MAR20_NewlyUnreachable_Sensitivity.png","68552","0.0654","PASS_LT_25_MIB"
"qc\D09\D09_NetworkWide_Corridor_Priority_Summary.csv","D09_NetworkWide_Corridor_Priority_Summary.csv","65460","0.0624","PASS_LT_25_MIB"
"qc\D06R\openalex_baseline_v11_20261005.csv","openalex_baseline_v11_20261005.csv","54997","0.0524","PASS_LT_25_MIB"
"qc\D06R\openalex_baseline_20261005.csv","openalex_baseline_20261005.csv","50583","0.0482","PASS_LT_25_MIB"
"qc\D06R\jcr_q1_baseline_20261005.csv","jcr_q1_baseline_20261005.csv","50376","0.048","PASS_LT_25_MIB"
"figures\results\D07E_Senai_Gauge_vs_IMERG_20250320.png","D07E_Senai_Gauge_vs_IMERG_20250320.png","48762","0.0465","PASS_LT_25_MIB"
"tables\D10\D10_InitiallyLost_Origin_RecoveryStage.csv","D10_InitiallyLost_Origin_RecoveryStage.csv","39522","0.0377","PASS_LT_25_MIB"
"tables\D07\D07E_IMERG_JB_AreaWeighted_HalfHourly.csv","D07E_IMERG_JB_AreaWeighted_HalfHourly.csv","37508","0.0358","PASS_LT_25_MIB"
"gis\study_area\JB_District_Boundary_MyGDI_WGS84.geojson","JB_District_Boundary_MyGDI_WGS84.geojson","34489","0.0329","PASS_LT_25_MIB"
"gis\JB_Terrain_LowLyingCandidate_Strict_RSO.tif","JB_Terrain_LowLyingCandidate_Strict_RSO.tif","31878","0.0304","PASS_LT_25_MIB"
"qc\D07\D07E_IMERG_144_HDF5_Inventory_SHA256.csv","D07E_IMERG_144_HDF5_Inventory_SHA256.csv","31788","0.0303","PASS_LT_25_MIB"
"metadata\provenance\D02B_process_osm__COPY001.py","D02B_process_osm__COPY001.py","31355","0.0299","PASS_LT_25_MIB"
"metadata\provenance\D02B_process_osm__COPY002.py","D02B_process_osm__COPY002.py","31355","0.0299","PASS_LT_25_MIB"
"metadata\provenance\D02B_process_osm.py","D02B_process_osm.py","31355","0.0299","PASS_LT_25_MIB"
"qc\D07\D07E_Downloaded_IMERG_Inventory.csv","D07E_Downloaded_IMERG_Inventory.csv","28829","0.0275","PASS_LT_25_MIB"
"data\healthcare\D04C_Healthcare_Master.csv","D04C_Healthcare_Master.csv","27155","0.0259","PASS_LT_25_MIB"
"tables\D07\D07C_Historical_Location_Evidence_Register.csv","D07C_Historical_Location_Evidence_Register.csv","22442","0.0214","PASS_LT_25_MIB"
"qc\D06R\openalex_baseline_v11_20261005.md","openalex_baseline_v11_20261005.md","22282","0.0212","PASS_LT_25_MIB"
"data\terrain\D03C2_Terrain_Coverage_Issues.csv","D03C2_Terrain_Coverage_Issues.csv","18740","0.0179","PASS_LT_25_MIB"
"tables\D08\D07F_Authorized_D08_Edge_Overlap_Table.csv","D07F_Authorized_D08_Edge_Overlap_Table.csv","17257","0.0165","PASS_LT_25_MIB"
"tables\D10\D10_Subdistrict_Recovery_Benefit.csv","D10_Subdistrict_Recovery_Benefit.csv","17227","0.0164","PASS_LT_25_MIB"
"qc\D06R\openalex_baseline_20261005.md","openalex_baseline_20261005.md","16658","0.0159","PASS_LT_25_MIB"
"tables\D07\D07C_JB_Official_52_Flood_Hotspots.csv","D07C_JB_Official_52_Flood_Hotspots.csv","14473","0.0138","PASS_LT_25_MIB"
"data\healthcare\D04A2_Community_Healthcare_Facilities.csv","D04A2_Community_Healthcare_Facilities.csv","12806","0.0122","PASS_LT_25_MIB"
"qc\D08\D08_Closure_Subedge_Intervals.csv","D08_Closure_Subedge_Intervals.csv","12618","0.012","PASS_LT_25_MIB"
"tables\D07\D07C_Recurrent_Hotspot_Summary.csv","D07C_Recurrent_Hotspot_Summary.csv","12602","0.012","PASS_LT_25_MIB"
"data\population\D04C_Hospital_Network_Access_Points.csv","D04C_Hospital_Network_Access_Points.csv","12058","0.0115","PASS_LT_25_MIB"
"qc\D10\D10_QC_Report.txt","D10_QC_Report.txt","11165","0.0106","PASS_LT_25_MIB"
"qc\D08\D08_Step1_QC_Report.txt","D08_Step1_QC_Report.txt","10428","0.0099","PASS_LT_25_MIB"
"data\healthcare\D04A1_Public_Healthcare_Facilities.csv","D04A1_Public_Healthcare_Facilities.csv","10423","0.0099","PASS_LT_25_MIB"
"qc\D06R\jcr_q1_baseline_20261005.md","jcr_q1_baseline_20261005.md","8922","0.0085","PASS_LT_25_MIB"
"qc\D09\D09_QC_Report.txt","D09_QC_Report.txt","8868","0.0085","PASS_LT_25_MIB"
"qc\D07\D07C_Historical_Location_OSM_Match_Audit.csv","D07C_Historical_Location_OSM_Match_Audit.csv","8691","0.0083","PASS_LT_25_MIB"
"tables\D07\D07E_IMERG_JB_Cell_Peaks_and_Daily.csv","D07E_IMERG_JB_Cell_Peaks_and_Daily.csv","8362","0.008","PASS_LT_25_MIB"
"data\healthcare\D04B_Private_Hospitals_Core.csv","D04B_Private_Hospitals_Core.csv","8297","0.0079","PASS_LT_25_MIB"
"tables\D07\D07_Source_Inventory_v0.2.csv","D07_Source_Inventory_v0.2.csv","7871","0.0075","PASS_LT_25_MIB"
"data\routing\jcr_journal_baseline_2026.json","jcr_journal_baseline_2026.json","7525","0.0072","PASS_LT_25_MIB"
"tables\D10\D10_Recovery_Order_Stepwise.csv","D10_Recovery_Order_Stepwise.csv","7157","0.0068","PASS_LT_25_MIB"
"tables\D08\D08_Hospital_Catchment_Redistribution.csv","D08_Hospital_Catchment_Redistribution.csv","7097","0.0068","PASS_LT_25_MIB"
"tables\D08\D08_MAR20_27Combination_Sensitivity.csv","D08_MAR20_27Combination_Sensitivity.csv","6869","0.0066","PASS_LT_25_MIB"
"qc\D07\D06R_Routing_Component_Summary_UNCHANGED.csv","D06R_Routing_Component_Summary_UNCHANGED.csv","6648","0.0063","PASS_LT_25_MIB"
"qc\D07\D07C_D07E_QC_Report.txt","D07C_D07E_QC_Report.txt","6279","0.006","PASS_LT_25_MIB"
"tables\D07\D07C_Road_Impact_Register_v0.2.csv","D07C_Road_Impact_Register_v0.2.csv","6087","0.0058","PASS_LT_25_MIB"
"tables\D08\D08_Subdistrict_Accessibility_Impact.csv","D08_Subdistrict_Accessibility_Impact.csv","6067","0.0058","PASS_LT_25_MIB"
"tables\D07\D07F_Closure_Spatialization_Master.csv","D07F_Closure_Spatialization_Master.csv","5643","0.0054","PASS_LT_25_MIB"
"qc\D07\D07E_Final_QC_Report.txt","D07E_Final_QC_Report.txt","5030","0.0048","PASS_LT_25_MIB"
"qc\D08\D08_Sensitivity_and_GIS_QC_Report.txt","D08_Sensitivity_and_GIS_QC_Report.txt","4471","0.0043","PASS_LT_25_MIB"
"tables\D10\D10_Equity_Metrics_by_Recovery_Stage.csv","D10_Equity_Metrics_by_Recovery_Stage.csv","4456","0.0042","PASS_LT_25_MIB"
"qc\D06R\D06_Baseline_Routing_Accessibility_QC_Report.txt","D06_Baseline_Routing_Accessibility_QC_Report.txt","4304","0.0041","PASS_LT_25_MIB"
"metadata\data_dictionary\D02_Road_Data_Dictionary.csv","D02_Road_Data_Dictionary.csv","4140","0.0039","PASS_LT_25_MIB"
"metadata\data_dictionary\D02_Road_Data_Dictionary__COPY001.csv","D02_Road_Data_Dictionary__COPY001.csv","4140","0.0039","PASS_LT_25_MIB"
"qc\D07\D07AB_QC_Report.txt","D07AB_QC_Report.txt","4079","0.0039","PASS_LT_25_MIB"
"tables\D11\D11_Figure_Freeze.csv","D11_Figure_Freeze.csv","3762","0.0036","PASS_LT_25_MIB"
"qc\D09\D09_Top20_CRPI_FullSegment_Closure_StressTest.csv","D09_Top20_CRPI_FullSegment_Closure_StressTest.csv","3661","0.0035","PASS_LT_25_MIB"
"metadata\provenance\D07C_D07E_Derived_Files_SHA256.txt","D07C_D07E_Derived_Files_SHA256.txt","3504","0.0033","PASS_LT_25_MIB"
"qc\D07\D07F_QC_Report.txt","D07F_QC_Report.txt","3453","0.0033","PASS_LT_25_MIB"
"qc\D02_OSM_RoadNetwork_QC_Report.txt","D02_OSM_RoadNetwork_QC_Report.txt","3446","0.0033","PASS_LT_25_MIB"
"qc\D02_OSM_RoadNetwork_QC_Report__COPY001.txt","D02_OSM_RoadNetwork_QC_Report__COPY001.txt","3446","0.0033","PASS_LT_25_MIB"
"metadata\provenance\D07E_download_and_aggregate_IMERG.py","D07E_download_and_aggregate_IMERG.py","3428","0.0033","PASS_LT_25_MIB"
"README.md","README.md","3395","0.0032","PASS_LT_25_MIB"
"tables\D07\D07A_Source_Inventory.csv","D07A_Source_Inventory.csv","3385","0.0032","PASS_LT_25_MIB"
"qc\D03C2_Road_Elevation_QC_Report.txt","D03C2_Road_Elevation_QC_Report.txt","3324","0.0032","PASS_LT_25_MIB"
"qc\D05A_WorldPop_QC_Report.txt","D05A_WorldPop_QC_Report.txt","3295","0.0031","PASS_LT_25_MIB"
"qc\D05C_Population_Origin_RoadSnapping_QC_Report.txt","D05C_Population_Origin_RoadSnapping_QC_Report.txt","3274","0.0031","PASS_LT_25_MIB"
"qc\D04C_Healthcare_Master_Access_QC_Report.txt","D04C_Healthcare_Master_Access_QC_Report.txt","3211","0.0031","PASS_LT_25_MIB"
"qc\D07\D07C_2025_MBJB_27_Areas_Recovery_Audit.csv","D07C_2025_MBJB_27_Areas_Recovery_Audit.csv","3207","0.0031","PASS_LT_25_MIB"
"tables\D07\D07B_Affected_Location_Evidence_Register.csv","D07B_Affected_Location_Evidence_Register.csv","3194","0.003","PASS_LT_25_MIB"
"metadata\provenance\D02_OSM_Metadata__COPY001.json","D02_OSM_Metadata__COPY001.json","3176","0.003","PASS_LT_25_MIB"
"metadata\provenance\D02_OSM_Metadata.json","D02_OSM_Metadata.json","3176","0.003","PASS_LT_25_MIB"
"tables\D07\D07E_2025_JKR_Road_IMERG_Alignment.csv","D07E_2025_JKR_Road_IMERG_Alignment.csv","3175","0.003","PASS_LT_25_MIB"
"tables\D10\D10_BestOrder_Subdistrict_Stage_Profile.csv","D10_BestOrder_Subdistrict_Stage_Profile.csv","3076","0.0029","PASS_LT_25_MIB"
"metadata\provenance\D07F_process_uploaded_IMERG.py","D07F_process_uploaded_IMERG.py","2963","0.0028","PASS_LT_25_MIB"
"qc\D03_Copernicus_GLO30_QC_Report.txt","D03_Copernicus_GLO30_QC_Report.txt","2960","0.0028","PASS_LT_25_MIB"
"qc\D04B_Private_Hospitals_QC_Report.txt","D04B_Private_Hospitals_QC_Report.txt","2881","0.0027","PASS_LT_25_MIB"
"docs\D11_Results_Section_Architecture.md","D11_Results_Section_Architecture.md","2738","0.0026","PASS_LT_25_MIB"
"metadata\provenance\D10_Derived_Files_SHA256.txt","D10_Derived_Files_SHA256.txt","2659","0.0025","PASS_LT_25_MIB"
"metadata\provenance\D09_Derived_Files_SHA256.txt","D09_Derived_Files_SHA256.txt","2495","0.0024","PASS_LT_25_MIB"
"qc\D07\D06R_Hospital_Access_to_RoutingGraph_Mapping_UNCHANGED.csv","D06R_Hospital_Access_to_RoutingGraph_Mapping_UNCHANGED.csv","2474","0.0024","PASS_LT_25_MIB"
"data\routing\D06_Hospital_Access_to_RoutingGraph_Mapping.csv","D06_Hospital_Access_to_RoutingGraph_Mapping.csv","2474","0.0024","PASS_LT_25_MIB"
"tables\D07\D07B_Road_Impact_Register.csv","D07B_Road_Impact_Register.csv","2463","0.0023","PASS_LT_25_MIB"
"qc\D11\D11_Strength_Audit.txt","D11_Strength_Audit.txt","2445","0.0023","PASS_LT_25_MIB"
"metadata\provenance\D07E_Derived_Files_SHA256.txt","D07E_Derived_Files_SHA256.txt","2417","0.0023","PASS_LT_25_MIB"
"metadata\provenance\D08_Derived_Files_SHA256.txt","D08_Derived_Files_SHA256.txt","2398","0.0023","PASS_LT_25_MIB"
"metadata\provenance\D06R_Derived_Files_SHA256.txt","D06R_Derived_Files_SHA256.txt","2351","0.0022","PASS_LT_25_MIB"
"metadata\provenance\sendemail-validate.sample","sendemail-validate.sample","2308","0.0022","PASS_LT_25_MIB"
"qc\D08\D08_Global_Accessibility_Impact_Summary.csv","D08_Global_Accessibility_Impact_Summary.csv","2275","0.0022","PASS_LT_25_MIB"
"qc\D08\D06_Accessibility_Subdistrict_Summary.csv","D06_Accessibility_Subdistrict_Summary.csv","2274","0.0022","PASS_LT_25_MIB"
"tables\D08\D08_SingleClosure_Shift_Sensitivity.csv","D08_SingleClosure_Shift_Sensitivity.csv","2243","0.0021","PASS_LT_25_MIB"
"tables\D09\D09_Observed2025_Recovery_Priority.csv","D09_Observed2025_Recovery_Priority.csv","2123","0.002","PASS_LT_25_MIB"
"qc\D06R\D06_Hospital_TravelTime_Catchment_Summary.csv","D06_Hospital_TravelTime_Catchment_Summary.csv","2107","0.002","PASS_LT_25_MIB"
"tables\D09\D09_Top_NonObserved_FuturePreparedness_Corridors.csv","D09_Top_NonObserved_FuturePreparedness_Corridors.csv","2014","0.0019","PASS_LT_25_MIB"
"metadata\provenance\D07F_SHA256.txt","D07F_SHA256.txt","1898","0.0018","PASS_LT_25_MIB"
"metadata\provenance\D07C_D07E_Metadata.json","D07C_D07E_Metadata.json","1891","0.0018","PASS_LT_25_MIB"
"tables\D07\D07C_Observed_GeneralCar_Closure_Candidates.csv","D07C_Observed_GeneralCar_Closure_Candidates.csv","1854","0.0018","PASS_LT_25_MIB"
"tables\D07\D07B_Hydromet_Evidence_Register.csv","D07B_Hydromet_Evidence_Register.csv","1822","0.0017","PASS_LT_25_MIB"
"metadata\provenance\D07AB_Derived_Files_SHA256.txt","D07AB_Derived_Files_SHA256.txt","1810","0.0017","PASS_LT_25_MIB"
"metadata\provenance\D08_Sensitivity_and_GIS_SHA256.txt","D08_Sensitivity_and_GIS_SHA256.txt","1797","0.0017","PASS_LT_25_MIB"
"tables\D07\README__DUP002.txt","README__DUP002.txt","1792","0.0017","PASS_LT_25_MIB"
"metadata\provenance\D07_Event_Inclusion_Criteria.json","D07_Event_Inclusion_Criteria.json","1758","0.0017","PASS_LT_25_MIB"
"metadata\provenance\D02_OSM_Processing_Log__COPY001.txt","D02_OSM_Processing_Log__COPY001.txt","1734","0.0017","PASS_LT_25_MIB"
"metadata\provenance\D02_OSM_Processing_Log.txt","D02_OSM_Processing_Log.txt","1734","0.0017","PASS_LT_25_MIB"
"metadata\provenance\D07E_download_IMERG_144.py","D07E_download_IMERG_144.py","1713","0.0016","PASS_LT_25_MIB"
"tables\D10\D10_All_6_Recovery_Orders.csv","D10_All_6_Recovery_Orders.csv","1697","0.0016","PASS_LT_25_MIB"
"qc\D08\D06R_Accessibility_Subdistrict_Summary.csv","D06R_Accessibility_Subdistrict_Summary.csv","1597","0.0015","PASS_LT_25_MIB"
"qc\D03C1_Terrain_Derivatives_QC_Report.txt","D03C1_Terrain_Derivatives_QC_Report.txt","1532","0.0015","PASS_LT_25_MIB"
"tables\D11\D11_Claim_Evidence_Matrix.csv","D11_Claim_Evidence_Matrix.csv","1510","0.0014","PASS_LT_25_MIB"
"metadata\provenance\D09_CRPI_Definition.csv","D09_CRPI_Definition.csv","1449","0.0014","PASS_LT_25_MIB"
"tables\D11\D11_Table_Freeze.csv","D11_Table_Freeze.csv","1446","0.0014","PASS_LT_25_MIB"
"metadata\provenance\D07F_Metadata.json","D07F_Metadata.json","1436","0.0014","PASS_LT_25_MIB"
"qc\D07\D06R_Speed_Source_Summary_UNCHANGED.csv","D06R_Speed_Source_Summary_UNCHANGED.csv","1404","0.0013","PASS_LT_25_MIB"
"tables\D07\D07E_Hydromet_Alignment_Register.csv","D07E_Hydromet_Alignment_Register.csv","1281","0.0012","PASS_LT_25_MIB"
"tables\D08\D08_Single_Closure_Attribution.csv","D08_Single_Closure_Attribution.csv","1275","0.0012","PASS_LT_25_MIB"
"qc\D07\D06R_Hospital_TravelTime_Catchment_Summary.csv","D06R_Hospital_TravelTime_Catchment_Summary.csv","1230","0.0012","PASS_LT_25_MIB"
"tables\D07\D07_Event_Master_2022_2023_2025.csv","D07_Event_Master_2022_2023_2025.csv","1174","0.0011","PASS_LT_25_MIB"
"tables\D07\D07B_Flood_Event_Register.csv","D07B_Flood_Event_Register.csv","1172","0.0011","PASS_LT_25_MIB"
"metadata\provenance\D09_Metadata.json","D09_Metadata.json","1158","0.0011","PASS_LT_25_MIB"
"metadata\data_dictionary\D09_Data_Dictionary.csv","D09_Data_Dictionary.csv","1133","0.0011","PASS_LT_25_MIB"
"tables\D10\D10_All_Closure_Subsets.csv","D10_All_Closure_Subsets.csv","1129","0.0011","PASS_LT_25_MIB"
"metadata\provenance\D07E_Final_Metadata.json","D07E_Final_Metadata.json","1112","0.0011","PASS_LT_25_MIB"
"tables\D07\README__DUP001.txt","README__DUP001.txt","1107","0.0011","PASS_LT_25_MIB"
"tables\D08\D08_SingleClosure_Robustness_Summary.csv","D08_SingleClosure_Robustness_Summary.csv","1047","0.001","PASS_LT_25_MIB"
"qc\D07\D07F_FT003_KM9_Chainage_Calibration_Audit.csv","D07F_FT003_KM9_Chainage_Calibration_Audit.csv","1037","0.001","PASS_LT_25_MIB"
"DATA_AVAILABILITY.md","DATA_AVAILABILITY.md","1035","0.001","PASS_LT_25_MIB"
"tables\D10\D10_Road_Recovery_Benefit_and_Efficiency.csv","D10_Road_Recovery_Benefit_and_Efficiency.csv","1018","0.001","PASS_LT_25_MIB"
"tables\D10\D10_MAR20_Disruption_Subdistrict_Profile.csv","D10_MAR20_Disruption_Subdistrict_Profile.csv","970","0.0009","PASS_LT_25_MIB"
"qc\D07\D06R_QC_Report.txt","D06R_QC_Report.txt","968","0.0009","PASS_LT_25_MIB"
"tables\D08\D08_Criticality_Rank_Robustness.csv","D08_Criticality_Rank_Robustness.csv","956","0.0009","PASS_LT_25_MIB"
"qc\D01_Final_Spatial_Consistency_QC.txt","D01_Final_Spatial_Consistency_QC.txt","944","0.0009","PASS_LT_25_MIB"
"qc\D01_Final_Spatial_Consistency_QC__COPY001.txt","D01_Final_Spatial_Consistency_QC__COPY001.txt","944","0.0009","PASS_LT_25_MIB"
"qc\D09\D09_Priority_Class_Counts.csv","D09_Priority_Class_Counts.csv","936","0.0009","PASS_LT_25_MIB"
"tables\D07\README.txt","README.txt","917","0.0009","PASS_LT_25_MIB"
"metadata\data_dictionary\D07F_Data_Dictionary.csv","D07F_Data_Dictionary.csv","905","0.0009","PASS_LT_25_MIB"
"REPOSITORY_STRUCTURE.md","REPOSITORY_STRUCTURE.md","904","0.0009","PASS_LT_25_MIB"
"tables\D07\D07B_JKR_Route_OSM_Match_Summary.csv","D07B_JKR_Route_OSM_Match_Summary.csv","891","0.0008","PASS_LT_25_MIB"
"metadata\provenance\D10_Metadata.json","D10_Metadata.json","887","0.0008","PASS_LT_25_MIB"
"tables\D08\D08_Closure_Shift_Definitions.csv","D08_Closure_Shift_Definitions.csv","883","0.0008","PASS_LT_25_MIB"
"metadata\data_dictionary\D07AB_Data_Dictionary.csv","D07AB_Data_Dictionary.csv","874","0.0008","PASS_LT_25_MIB"
"metadata\data_dictionary\D10_Data_Dictionary.csv","D10_Data_Dictionary.csv","871","0.0008","PASS_LT_25_MIB"
"tables\D07\D07E_GPM_Method_and_Authentication_Status.txt","D07E_GPM_Method_and_Authentication_Status.txt","868","0.0008","PASS_LT_25_MIB"
"metadata\data_dictionary\D07C_D07E_Data_Dictionary.csv","D07C_D07E_Data_Dictionary.csv","862","0.0008","PASS_LT_25_MIB"
"metadata\provenance\D07AB_Metadata.json","D07AB_Metadata.json","845","0.0008","PASS_LT_25_MIB"
"tables\D07\D07E_IMERG_JB_District_Peaks.csv","D07E_IMERG_JB_District_Peaks.csv","837","0.0008","PASS_LT_25_MIB"
"qc\D07\D07F_Closure_Spatialization_Checks.csv","D07F_Closure_Spatialization_Checks.csv","833","0.0008","PASS_LT_25_MIB"
"metadata\provenance\D08_Metadata.json","D08_Metadata.json","807","0.0008","PASS_LT_25_MIB"
"qc\D07\D06R_Hospital_Redundancy_Summary.csv","D06R_Hospital_Redundancy_Summary.csv","781","0.0007","PASS_LT_25_MIB"
"tables\D07\D07B_PPS_Snapshot_Register.csv","D07B_PPS_Snapshot_Register.csv","772","0.0007","PASS_LT_25_MIB"
"metadata\provenance\main","main","770","0.0007","PASS_LT_25_MIB"
"tables\D08\D08_MAR20_Sensitivity_Summary.csv","D08_MAR20_Sensitivity_Summary.csv","762","0.0007","PASS_LT_25_MIB"
"metadata\provenance\D11_Derived_Files_SHA256.txt","D11_Derived_Files_SHA256.txt","750","0.0007","PASS_LT_25_MIB"
"qc\D07\D07B_Recurrent_Validation_Event_Queue.csv","D07B_Recurrent_Validation_Event_Queue.csv","743","0.0007","PASS_LT_25_MIB"
"qc\D08\D07E_D08_Gate_Decision.csv","D07E_D08_Gate_Decision.csv","741","0.0007","PASS_LT_25_MIB"
"qc\D07\D07C_D07E_Data_Count_Summary.csv","D07C_D07E_Data_Count_Summary.csv","733","0.0007","PASS_LT_25_MIB"
"metadata\provenance\D08_Sensitivity_and_GIS_Metadata.json","D08_Sensitivity_and_GIS_Metadata.json","732","0.0007","PASS_LT_25_MIB"
"tables\D07\README__DUP003.txt","README__DUP003.txt","727","0.0007","PASS_LT_25_MIB"
"tables\D07\D07E_Rainfall_Threshold_Reference.csv","D07E_Rainfall_Threshold_Reference.csv","709","0.0007","PASS_LT_25_MIB"
"tables\D07\D07B_Healthcare_Impact_Register.csv","D07B_Healthcare_Impact_Register.csv","708","0.0007","PASS_LT_25_MIB"
"qc\D07\D07E_Uploaded_Zip_Parts_QC.csv","D07E_Uploaded_Zip_Parts_QC.csv","691","0.0007","PASS_LT_25_MIB"
"tables\D07\D07F_IMERG_Authentication_Blocker.txt","D07F_IMERG_Authentication_Blocker.txt","673","0.0006","PASS_LT_25_MIB"
"tables\D07\README_CN.txt","README_CN.txt","673","0.0006","PASS_LT_25_MIB"
"metadata\data_dictionary\D07E_Final_Data_Dictionary.csv","D07E_Final_Data_Dictionary.csv","639","0.0006","PASS_LT_25_MIB"
"metadata\provenance\main__DUP001","main__DUP001","616","0.0006","PASS_LT_25_MIB"
"qc\D08\D08_Closure_Shift_Reconstruction_Audit.csv","D08_Closure_Shift_Reconstruction_Audit.csv","606","0.0006","PASS_LT_25_MIB"
"docs\REPRODUCIBILITY_NOTES.md","REPRODUCIBILITY_NOTES.md","603","0.0006","PASS_LT_25_MIB"
"tables\D07\D07E_GPM_UTC_DOY_Coverage_Summary.csv","D07E_GPM_UTC_DOY_Coverage_Summary.csv","559","0.0005","PASS_LT_25_MIB"
"qc\D07\D06R_Accessibility_Global_Summary.csv","D06R_Accessibility_Global_Summary.csv","535","0.0005","PASS_LT_25_MIB"
"docs\METHODS_DATA_PIPELINE.md","METHODS_DATA_PIPELINE.md","527","0.0005","PASS_LT_25_MIB"
"qc\D10\D10_Recovery_Order_Robustness_Audit.csv","D10_Recovery_Order_Robustness_Audit.csv","526","0.0005","PASS_LT_25_MIB"
"metadata\data_dictionary\D06R_Data_Dictionary.csv","D06R_Data_Dictionary.csv","520","0.0005","PASS_LT_25_MIB"
"tables\D08\D08_Resilience_Interpretation_Metrics.csv","D08_Resilience_Interpretation_Metrics.csv","511","0.0005","PASS_LT_25_MIB"
"tables\D07\D07F_IMERG_Numeric_Status.csv","D07F_IMERG_Numeric_Status.csv","510","0.0005","PASS_LT_25_MIB"
"metadata\provenance\D06R_Metadata.json","D06R_Metadata.json","510","0.0005","PASS_LT_25_MIB"
"qc\D06R\D06_Accessibility_Global_Summary.csv","D06_Accessibility_Global_Summary.csv","507","0.0005","PASS_LT_25_MIB"
"docs\KNOWN_LIMITATIONS.md","KNOWN_LIMITATIONS.md","493","0.0005","PASS_LT_25_MIB"
"tables\D07\D07C_2023_Closure_OSM_Match_Summary.csv","D07C_2023_Closure_OSM_Match_Summary.csv","490","0.0005","PASS_LT_25_MIB"
"metadata\provenance\D11_Metadata.json","D11_Metadata.json","474","0.0005","PASS_LT_25_MIB"
".gitignore",".gitignore","467","0.0004","PASS_LT_25_MIB"
"qc\D05A_WorldPop_DOSM_Validation.csv","D05A_WorldPop_DOSM_Validation.csv","462","0.0004","PASS_LT_25_MIB"
"tables\D07\D07C_Official_Hotspot_Count_Progression.csv","D07C_Official_Hotspot_Count_Progression.csv","443","0.0004","PASS_LT_25_MIB"
"qc\D07\D07E_Senai_MET_vs_IMERG_Daily.csv","D07E_Senai_MET_vs_IMERG_Daily.csv","440","0.0004","PASS_LT_25_MIB"
"metadata\provenance\D02_OSM_Download_Log.txt","D02_OSM_Download_Log.txt","394","0.0004","PASS_LT_25_MIB"
"metadata\provenance\D02_OSM_Download_Log__COPY001.txt","D02_OSM_Download_Log__COPY001.txt","394","0.0004","PASS_LT_25_MIB"
"CITATION.cff","CITATION.cff","390","0.0004","PASS_LT_25_MIB"
"tables\D07\D07E_Closure_to_GPM_Cell_Weights.csv","D07E_Closure_to_GPM_Cell_Weights.csv","390","0.0004","PASS_LT_25_MIB"
"qc\D08\D08_D06_OneWay_Origin_Audit.csv","D08_D06_OneWay_Origin_Audit.csv","390","0.0004","PASS_LT_25_MIB"
"qc\D07\D07C_2025_27_Areas_Recovery_Summary.csv","D07C_2025_27_Areas_Recovery_Summary.csv","382","0.0004","PASS_LT_25_MIB"
"qc\D09\D09_CRPI_vs_ClosureStress_Validation.csv","D09_CRPI_vs_ClosureStress_Validation.csv","368","0.0004","PASS_LT_25_MIB"
"tables\D07\D07F_Authorized_Closure_Edge_Summary.csv","D07F_Authorized_Closure_Edge_Summary.csv","349","0.0003","PASS_LT_25_MIB"
"qc\D07\D06R_OneWay_Origin_Correction_Audit.csv","D06R_OneWay_Origin_Correction_Audit.csv","335","0.0003","PASS_LT_25_MIB"
"qc\D10\D10_Closure_Interaction_Audit.csv","D10_Closure_Interaction_Audit.csv","304","0.0003","PASS_LT_25_MIB"
"qc\D09\D09_ObservedClosure_D01_Core_Overlap.csv","D09_ObservedClosure_D01_Core_Overlap.csv","284","0.0003","PASS_LT_25_MIB"
"qc\D09\D09_D06_to_CoreRoad_Mapping_Audit.csv","D09_D06_to_CoreRoad_Mapping_Audit.csv","272","0.0003","PASS_LT_25_MIB"
"qc\D07\D06R_D06_vs_D06R_Global_Comparison.csv","D06R_D06_vs_D06R_Global_Comparison.csv","270","0.0003","PASS_LT_25_MIB"
"tables\D10\D10_Subdistrict_RecoveryStage_Distribution.csv","D10_Subdistrict_RecoveryStage_Distribution.csv","262","0.0002","PASS_LT_25_MIB"
"qc\D08\D08_D06_vs_D06R_Global_Audit.csv","D08_D06_vs_D06R_Global_Audit.csv","258","0.0002","PASS_LT_25_MIB"
"qc\D10\D10_RecoveryStage_Origin_Audit.csv","D10_RecoveryStage_Origin_Audit.csv","255","0.0002","PASS_LT_25_MIB"
"external_data\README.md","README.md","243","0.0002","PASS_LT_25_MIB"
"qc\D07\GIS_Road_Screening_Class_Counts.csv","GIS_Road_Screening_Class_Counts.csv","228","0.0002","PASS_LT_25_MIB"
"LICENSE_PENDING.md","LICENSE_PENDING.md","222","0.0002","PASS_LT_25_MIB"
"metadata\provenance\RUN_D07E_DOWNLOAD.bat","RUN_D07E_DOWNLOAD.bat","222","0.0002","PASS_LT_25_MIB"
"qc\D07\D07E_IMERG_JB_Daily_AreaWeighted_Summary.csv","D07E_IMERG_JB_Daily_AreaWeighted_Summary.csv","212","0.0002","PASS_LT_25_MIB"
"tables\D07\D06R_Source_Note.txt","D06R_Source_Note.txt","210","0.0002","PASS_LT_25_MIB"
"code\PLACEHOLDER_CODE_AVAILABILITY.md","PLACEHOLDER_CODE_AVAILABILITY.md","207","0.0002","PASS_LT_25_MIB"
"qc\D09\D09_CRPI_Rank_Robustness_Summary.csv","D09_CRPI_Rank_Robustness_Summary.csv","168","0.0002","PASS_LT_25_MIB"
"data\routing\D06_Reference_Speed_Model.csv","D06_Reference_Speed_Model.csv","167","0.0002","PASS_LT_25_MIB"
"qc\D07\D06R_Reference_Speed_Model_UNCHANGED.csv","D06R_Reference_Speed_Model_UNCHANGED.csv","167","0.0002","PASS_LT_25_MIB"
"code\README.md","README.md","159","0.0002","PASS_LT_25_MIB"
"tables\D07\D07E_GPM_Rainfall_Results_TEMPLATE_PENDING_AUTH.csv","D07E_GPM_Rainfall_Results_TEMPLATE_PENDING_AUTH.csv","141","0.0001","PASS_LT_25_MIB"
"qc\D09\D09_CRPI_Rank_Correlation_Across_ScoreMappings.csv","D09_CRPI_Rank_Correlation_Across_ScoreMappings.csv","141","0.0001","PASS_LT_25_MIB"
"qc\D07\D07C_Evidence_Quality_Summary.csv","D07C_Evidence_Quality_Summary.csv","115","0.0001","PASS_LT_25_MIB"
"metadata\provenance\malaysia-singapore-brunei-261003.osm.pbf.md5","malaysia-singapore-brunei-261003.osm.pbf.md5","75","0.0001","PASS_LT_25_MIB"
"data\routing\D06_ORIGINAL_DEPRECATED_FOR_SCIENTIFIC_COMPARISON.txt","D06_ORIGINAL_DEPRECATED_FOR_SCIENTIFIC_COMPARISON.txt","54","0.0001","PASS_LT_25_MIB"
"metadata\provenance\main__ALT001","main__ALT001","41","0","PASS_LT_25_MIB"
"metadata\provenance\main__ALT003","main__ALT003","41","0","PASS_LT_25_MIB"
"metadata\provenance\main__COPY001","main__COPY001","41","0","PASS_LT_25_MIB"
"metadata\provenance\main__ALT002","main__ALT002","41","0","PASS_LT_25_MIB"
"metadata\manifests\GITHUB_RENAME_MAP.csv","GITHUB_RENAME_MAP.csv","3","0","PASS_LT_25_MIB"
