rank,jcr_best_quartile,daily_q1_eligible,journal_role,relevance_class,score,publication_date,title,journal,source_id,doi,openalex_id,crossref_verification_status,query_ids
1,Q1,true,Q1_CORE,A_CORE,21,2026-07-08,Unveiling stochasticity: Universal multi-modal probabilistic modeling for traffic forecasting,Transportation Research Part C: Emerging Technologies,S64511102,10.1016/j.trc.2026.105854,https://openalex.org/W7167668785,VERIFIED_WITH_VARIATION,F09;M06
2,Q1,true,Q1_CORE,A_CORE,21,2026-06-15,W-Diffusion: A Probabilistic Generative Framework for Traffic Forecasting via Shallow Diffusion Mechanism,IEEE Transactions on Intelligent Transportation Systems,S144771191,10.1109/tits.2026.3695665,https://openalex.org/W7164858134,VERIFIED_WITH_VARIATION,F09;M01;M06
3,Q1,true,Q1_CORE,A_CORE,21,2026-03-19,Emergency Events Traffic Flow Forecasting Using Text-Prompt-Guided Multimodal Large Language Models,IEEE Transactions on Intelligent Transportation Systems,S144771191,10.1109/tits.2026.3672914,https://openalex.org/W7139003023,VERIFIED_WITH_VARIATION,D05;F03;F12
4,Q1,true,Q1_CORE,A_CORE,21,2026-03-06,How to Accurately Forecast Highway Traffic Speed? A Self-Supervised Spatio-Temporal Bilateral Learning Network,IEEE Transactions on Intelligent Transportation Systems,S144771191,10.1109/tits.2026.3667856,https://openalex.org/W7134132861,VERIFIED,F01;F02;M02
5,Q3,false,SUPPLEMENTARY_NON_Q1,A_CORE,21,2026-01-01,MAS‐Mamba: A Compact Missing‐Aware Selective State‐Space Model With Calibrated Uncertainty for Short‐Term Traffic Forecasting Under Sensor Outages,IET Intelligent Transport Systems,S155689059,10.1049/itr2.70304,https://openalex.org/W7172396211,VERIFIED_WITH_VARIATION,F11;M02;M06
6,Q3,false,SUPPLEMENTARY_NON_Q1,A_CORE,21,2025-12-11,Traffic Flow Forecasting Methods Considering Meteorological Factors,Journal of Transportation Engineering Part A: Systems,S4210178838,10.1061/jtepbs.teeng-9315,https://openalex.org/W4417240861,VERIFIED_WITH_VARIATION,F03;F04;M06
7,Q2,false,SUPPLEMENTARY_NON_Q1,A_CORE,20,2026-04-07,Multi-modal traffic flow joint prediction with a multi-source information knowledge graph,Transportmetrica A: Transport Science,S4210177949,10.1080/23249935.2026.2654754,https://openalex.org/W7151739766,VERIFIED,D03;D04;M05A
8,Q3,false,SUPPLEMENTARY_NON_Q1,A_CORE,20,2026-01-01,A Multi‐Level Spatiotemporal and Abrupt‐change‐aware Fusion Model for Traffic Flow Forecasting,IET Intelligent Transport Systems,S155689059,10.1049/itr2.70344,https://openalex.org/W7214228212,VERIFIED_WITH_VARIATION,F03;M01;M02
9,Q3,false,SUPPLEMENTARY_NON_Q1,A_CORE,20,2026-01-01,MSMT: A Memory‐Augmented Transformer With Multi‐Scale Spatio‐Temporal Modelling for Network‐Wide Traffic Flow Prediction,IET Intelligent Transport Systems,S155689059,10.1049/itr2.70311,https://openalex.org/W7210290017,VERIFIED_WITH_VARIATION,F04;F10;M02
10,Q3,false,SUPPLEMENTARY_NON_Q1,A_CORE,19,2026-09-19,Short-Term Traffic Speed Prediction Integrating Traffic Flow Theory for Enhanced Urban Congestion Mitigation,Journal of Transportation Engineering Part A: Systems,S4210178838,10.1061/jtepbs.teeng-9834,https://openalex.org/W7213641877,VERIFIED_WITH_VARIATION,C02;F02
11,Q1,true,Q1_CORE,A_CORE,19,2026-09-15,TransMoE: Multimodal traffic prediction with large language model and mixture of experts,Transportation Research Part C: Emerging Technologies,S64511102,10.1016/j.trc.2026.106018,https://openalex.org/W7213250237,VERIFIED_WITH_VARIATION,D04;D05
12,Q3,false,SUPPLEMENTARY_NON_Q1,A_CORE,19,2026-06-05,Connected Vehicle Trajectory–Based Estimation of Cycle-by-Cycle Traffic Volume: A Deep Learning–Based Approach Considering Slowed Vehicles and Spatiotemporal Shockwave Dissipation,Journal of Transportation Engineering Part A: Systems,S4210178838,10.1061/jtepbs.teeng-9582,https://openalex.org/W7163649305,VERIFIED_WITH_VARIATION,C04;D02;D06
13,Q2,false,SUPPLEMENTARY_NON_Q1,A_CORE,19,2026-06-04,Heterogeneous fixed sensor data fusion based on interpolation and deep learning for freeway traffic state estimation,Transportmetrica A: Transport Science,S4210177949,10.1080/23249935.2026.2679545,https://openalex.org/W7163559785,VERIFIED,C04;D03
14,Q1,true,Q1_CORE,A_CORE,19,2026-04-15,A Bayesian Markov mesh regime-switching regression model for bus travel time forecasting,Transportation Research Part E: Logistics and Transportation Review,S173966628,10.1016/j.tre.2026.104872,https://openalex.org/W7154456502,VERIFIED_WITH_VARIATION,F06
15,Q3,false,SUPPLEMENTARY_NON_Q1,A_CORE,19,2026-01-01,A Long‐Term Traffic Flow Prediction Method Based on Weather‐Grouped Temporal Feature Reconstruction,IET Intelligent Transport Systems,S155689059,10.1049/itr2.70313,https://openalex.org/W7210271054,VERIFIED_WITH_VARIATION,F04;M02
16,Q3,false,SUPPLEMENTARY_NON_Q1,A_CORE,19,2026-01-01,Accounting for Work Zone Disruptions in Traffic Flow Forecasting via Multi‐Channel Attention‐Based Spatio‐Temporal Graph Convolutional Networks,IET Intelligent Transport Systems,S155689059,10.1049/itr2.70248,https://openalex.org/W7163420875,VERIFIED_WITH_VARIATION,F01;F03;M01
17,Q2,false,SUPPLEMENTARY_NON_Q1,A_CORE,19,2025-11-15,Decoupled spatiotemporal graph convolution with probabilistic sparse self-attention for traffic flow forecasting,Transportmetrica B: Transport Dynamics,S2498450034,10.1080/21680566.2025.2575959,https://openalex.org/W4416242184,VERIFIED,F03;F09
18,Q3,false,SUPPLEMENTARY_NON_Q1,A_CORE,18,2026-08-16,Adaptive Diffused Spatiotemporal Graph Convolution for Traffic Flow Forecasting,Journal of Transportation Engineering Part A: Systems,S4210178838,10.1061/jtepbs.teeng-9363,https://openalex.org/W7203573652,VERIFIED_WITH_VARIATION,F03;F04
19,Q1,true,Q1_CORE,A_CORE,18,2026-06-08,Adap-STWT: Real-Time Traffic Flow Prediction Based on Multi-Scale Graph Adaptive Fusion and Spatio-Temporal Wavelet Transformer,IEEE Transactions on Intelligent Transportation Systems,S144771191,10.1109/tits.2026.3698123,https://openalex.org/W7163882427,VERIFIED_WITH_VARIATION,F04
20,Q1,true,Q1_CORE,A_CORE,18,2026-05-06,Schedule adherence oriented traffic signal control for large-scale scheduled vehicle operations: A multi-agent reinforcement learning approach,Transportation Research Part C: Emerging Technologies,S64511102,10.1016/j.trc.2026.105720,https://openalex.org/W7160423274,VERIFIED_WITH_VARIATION,C01;C02;R01
21,Q1,true,Q1_CORE,A_CORE,18,2026-04-27,Multi-Scale Spatiotemporal-Enhanced Network for Multimodal Traffic Flow Joint Prediction,IEEE Transactions on Intelligent Transportation Systems,S144771191,10.1109/tits.2026.3685287,https://openalex.org/W7156206424,VERIFIED_WITH_VARIATION,D04;F04
22,Q1,true,Q1_CORE,A_CORE,18,2026-03-11,Deep structured Gaussian modeling for Real-Time probabilistic bus travel time prediction,Transportation Research Part C: Emerging Technologies,S64511102,10.1016/j.trc.2026.105617,https://openalex.org/W7135025839,VERIFIED_WITH_VARIATION,F05
23,Q3,false,SUPPLEMENTARY_NON_Q1,A_CORE,18,2026-01-24,Regional Bus Travel Time Prediction Using Graph Neural Networks,Journal of Transportation Engineering Part A: Systems,S4210178838,10.1061/jtepbs.teeng-9006,https://openalex.org/W7125595678,VERIFIED_WITH_VARIATION,F05;M01
24,Q1,true,Q1_CORE,A_CORE,18,2026-01-01,Graph-based spatial-temporal networks for traffic speed prediction in intelligent transport systems,Alexandria Engineering Journal,S2764413287,10.1016/j.aej.2025.12.055,https://openalex.org/W7118530442,VERIFIED,F01;F02;M02
25,Q3,false,SUPPLEMENTARY_NON_Q1,A_CORE,18,2026-01-01,XGBoost–LSTM Regional Traffic Congestion Ratio Prediction Integrating Spatio‐Temporal and Weather Features,IET Intelligent Transport Systems,S155689059,10.1049/itr2.70145,https://openalex.org/W7119607974,VERIFIED,C02;D03
26,Q2,false,SUPPLEMENTARY_NON_Q1,A_CORE,18,2025-12-13,MSDA-DiffNet: traffic flow prediction via multi-scale feature fusion and dual adaptive graph convolution with conditional diffusion,Transportmetrica B: Transport Dynamics,S2498450034,10.1080/21680566.2025.2586719,https://openalex.org/W4417298907,VERIFIED,C04;F04
27,Q2,false,SUPPLEMENTARY_NON_Q1,A_CORE,17,2026-06-17,Physics-constrained multi-parameter lane-level traffic prediction from surveillance videos,Transportmetrica A: Transport Science,S4210177949,10.1080/23249935.2026.2689600,https://openalex.org/W7165053227,VERIFIED,C02;F04
28,Q1,true,Q1_CORE,A_CORE,17,2026-06-17,Q-Net: Queue length estimation via Kalman-based neural networks,Transportation Research Part C: Emerging Technologies,S64511102,10.1016/j.trc.2026.105809,https://openalex.org/W4415337201,VERIFIED_WITH_VARIATION,C04;D01
29,Q3,false,SUPPLEMENTARY_NON_Q1,A_CORE,17,2026-05-25,Variational Autoencoder–Generative Adversarial Network Traffic Prediction with Ramps,Journal of Transportation Engineering Part A: Systems,S4210178838,10.1061/jtepbs.teeng-9452,https://openalex.org/W7162306276,VERIFIED_WITH_VARIATION,F04;F09
30,Q1,true,Q1_CORE,A_CORE,17,2026-05-12,Empirical distribution of probe vehicle penetration rates and implications for traffic state estimation,Transportation Research Part C: Emerging Technologies,S64511102,10.1016/j.trc.2026.105729,https://openalex.org/W7160927867,VERIFIED_WITH_VARIATION,C04;D02
31,Q1,true,Q1_CORE,A_CORE,17,2026-04-30,Spatio-temporal few-shot traffic flow prediction based on transfer learning and graph convolutional neural networks,Alexandria Engineering Journal,S2764413287,10.1016/j.aej.2026.04.045,https://openalex.org/W7160385229,VERIFIED,F04;M03
32,Q1,true,Q1_CORE,A_CORE,17,2026-01-01,Acceleration-Enriched Input Preprocessing for Traffic Speed Forecasting: A Dual-Channel Framework,IEEE Transactions on Intelligent Transportation Systems,S144771191,10.1109/tits.2026.3708746,https://openalex.org/W7167687223,VERIFIED,F01;M02
33,Q3,false,SUPPLEMENTARY_NON_Q1,A_CORE,17,2026-01-01,Multi‐Step Ahead Traffic State Prediction Using a Stochastic Residual Long Short‐Term Memory and Temporal Dilated Attention Mechanism,IET Intelligent Transport Systems,S155689059,10.1049/itr2.70243,https://openalex.org/W7204001747,VERIFIED_WITH_VARIATION,F07
34,Q1,true,Q1_CORE,A_CORE,17,2025-11-26,Multi-Source Transfer Learning With Spatial-Temporal Graph Neural Network for Short-Term Bicycle Traffic Prediction,IEEE Transactions on Intelligent Transportation Systems,S144771191,10.1109/tits.2025.3633930,https://openalex.org/W4416707163,VERIFIED_WITH_VARIATION,M03
35,Q1,true,Q1_CORE,A_CORE,17,2025-11-19,A Spatiotemporal Graph Attention-Based Traffic Speed Prediction Method With Bayesian Optimization and Evolutionary Algorithm Mutual Feedback Optimization,IEEE Transactions on Intelligent Transportation Systems,S144771191,10.1109/tits.2025.3632402,https://openalex.org/W7105991323,VERIFIED_WITH_VARIATION,C02;F02
36,Q1,true,Q1_CORE,A_CORE,17,2025-11-07,A Physics-Informed Deep learning framework for traffic state estimation in signalized arterial roads,Transportation Research Part C: Emerging Technologies,S64511102,10.1016/j.trc.2025.105420,https://openalex.org/W4416015782,VERIFIED_WITH_VARIATION,C02;C04;D02
37,Q1,true,Q1_CORE,A_CORE,17,2025-10-09,Dynamic Spatio-Temporal Attention-Based Graph Neural Network Using Ordinary Differential Equation and Multi-Scale Semantics for Traffic Prediction,IEEE Transactions on Intelligent Transportation Systems,S144771191,10.1109/tits.2025.3612204,https://openalex.org/W4415003053,VERIFIED,F04;M01
38,Q2,false,SUPPLEMENTARY_NON_Q1,A_CORE,17,2025-10-07,Landformer: years ahead long-term traffic forecasting with land use information,Transportmetrica A: Transport Science,S4210177949,10.1080/23249935.2025.2565379,https://openalex.org/W4414923831,VERIFIED,F12;M02
39,Q1,true,Q1_CORE,A_CORE,16,2026-09-30,Generative modeling and reinforcement learning for road network resilience optimization under rainfall-induced landslides,Reliability Engineering & System Safety,S202403813,10.1016/j.ress.2026.113578,https://openalex.org/W7214987351,VERIFIED_WITH_VARIATION,R02
40,Q1,true,Q1_CORE,A_CORE,16,2026-09-28,High-resolution spatiotemporal freeway traffic state estimation under sparse observations using METANET-EnKF data assimilation,Transportation Research Part C: Emerging Technologies,S64511102,10.1016/j.trc.2026.106032,https://openalex.org/W7214605014,VERIFIED_WITH_VARIATION,C04
41,Q1,true,Q1_CORE,A_CORE,16,2026-08-24,Uncertainty quantification for traffic state estimation at signalized intersections with low penetration vehicle trajectory data,Transportation Research Part C: Emerging Technologies,S64511102,10.1016/j.trc.2026.105961,https://openalex.org/W7204139924,VERIFIED_WITH_VARIATION,C04;R01
42,Q3,false,SUPPLEMENTARY_NON_Q1,A_CORE,16,2026-07-08,Hopf Bifurcation Control Based on a Stochastic Traffic Flow Model,Journal of Transportation Engineering Part A: Systems,S4210178838,10.1061/jtepbs.teeng-9906,https://openalex.org/W7167693596,VERIFIED_WITH_VARIATION,C02;D06
43,Q1,true,Q1_CORE,A_CORE,16,2026-06-15,DSTIGFN: Dynamic Spatio-Temporal Interactive Graph Fusion Network for Traffic Flow Prediction,IEEE Transactions on Intelligent Transportation Systems,S144771191,10.1109/tits.2026.3696998,https://openalex.org/W7164863513,VERIFIED_WITH_VARIATION,F04
44,Q1,true,Q1_CORE,A_CORE,16,2026-04-13,Adaptive graph-Aware contrasting for heterogeneous traffic flow forecasting,Transportation Research Part C: Emerging Technologies,S64511102,10.1016/j.trc.2026.105685,https://openalex.org/W7154099775,VERIFIED_WITH_VARIATION,F03
45,Q1,true,Q1_CORE,A_CORE,16,2026-03-25,Spatiotemporal Traffic Speed Forecasting via Conditional Flow-Based Generative Deep Learning With Dynamic Graph Pooling,IEEE Transactions on Emerging Topics in Computational Intelligence,S4210210251,10.1109/tetci.2026.3670662,https://openalex.org/W7140318468,VERIFIED_WITH_VARIATION,F01
46,Q1,true,Q1_CORE,A_CORE,16,2026-01-08,Multi-reservoir traffic dynamics: Outflow network MFD and state estimation with sparse traffic data,Transportation Research Part C: Emerging Technologies,S64511102,10.1016/j.trc.2025.105504,https://openalex.org/W7118234103,VERIFIED_WITH_VARIATION,C04;D01;D02
47,Q3,false,SUPPLEMENTARY_NON_Q1,A_CORE,16,2026-01-01,Fusion State Space Model with Mixed Graph Learner for Long‐Term Traffic Flow Prediction,IET Intelligent Transport Systems,S155689059,10.1049/itr2.70315,https://openalex.org/W7204632880,VERIFIED_WITH_VARIATION,F04
48,Q1,true,Q1_CORE,A_CORE,16,2025-12-25,A Dynamic Unmanned Aerial Vehicle Routing Framework for Urban Traffic Monitoring,IEEE Transactions on Intelligent Transportation Systems,S144771191,10.1109/tits.2025.3646969,https://openalex.org/W7117255856,VERIFIED_WITH_VARIATION,D02
49,Q2,false,SUPPLEMENTARY_NON_Q1,A_CORE,16,2025-10-29,Spatio-temporal dynamic masking and direction-aware dynamic graph convolution for traffic prediction,Transportmetrica A: Transport Science,S4210177949,10.1080/23249935.2025.2578229,https://openalex.org/W4415664384,VERIFIED,F03
50,Q1,true,Q1_CORE,A_CORE,16,2025-10-27,R 2 Com: Reliable and Resilient Communication in Duty-Cycled SDN-Based WSN for Urban Traffic Monitoring in Intelligent Transportation Systems,IEEE Transactions on Intelligent Transportation Systems,S144771191,10.1109/tits.2025.3611518,https://openalex.org/W4415593698,VERIFIED,C02;D07;R01
51,Q1,true,Q1_CORE,A_CORE,15,2026-07-09,A stochastic queueing model for travel time reliability with spatial density heterogeneity,Transportation Research Part B: Methodological,S96305778,10.1016/j.trb.2026.103544,https://openalex.org/W7167819727,VERIFIED_WITH_VARIATION,R01
52,Q3,false,SUPPLEMENTARY_NON_Q1,A_CORE,15,2026-06-21,Evaluating the Need for Traffic Signal Retiming Using Connected Vehicle Data,Journal of Transportation Engineering Part A: Systems,S4210178838,10.1061/jtepbs.teeng-8600,https://openalex.org/W4391054335,VERIFIED_WITH_VARIATION,D06
53,Q3,false,SUPPLEMENTARY_NON_Q1,A_CORE,15,2026-05-30,Effectiveness of Travel Time Reliability as a Measure of a Level of Service for Urban Roads,Journal of Transportation Engineering Part A: Systems,S4210178838,10.1061/jtepbs.teeng-9190,https://openalex.org/W7162866672,VERIFIED_WITH_VARIATION,R01
54,Q1,true,Q1_CORE,A_CORE,15,2026-04-24,Channel-Independence for Traffic Forecasting: A Cascaded Spatio-Temporal MLP Framework,IEEE Transactions on Intelligent Transportation Systems,S144771191,10.1109/tits.2026.3682251,https://openalex.org/W7155526549,VERIFIED_WITH_VARIATION,M01
55,Q1,true,Q1_CORE,A_CORE,15,2026-03-09,A spatio-temporal synchronous graph machine learning for prediction and optimization of regional traffic flow,Alexandria Engineering Journal,S2764413287,10.1016/j.aej.2026.03.007,https://openalex.org/W7134284724,VERIFIED,F04;M01
56,Q1,true,Q1_CORE,A_CORE,15,2026-02-14,Short-term lagged interactions between freight and passenger volumes in urban traffic: inter- and intra-modal effects with explainable machine learning,Transportation Research Part A: Policy and Practice,S159637997,10.1016/j.tra.2026.104927,https://openalex.org/W7128919652,VERIFIED_WITH_VARIATION,D05
57,Q1,true,Q1_CORE,A_CORE,15,2026-01-29,Intelligent traffic management with Mamba-ATSP: Optimizing signal control and path planning using multi-modal data fusion,Alexandria Engineering Journal,S2764413287,10.1016/j.aej.2026.01.010,https://openalex.org/W7126044743,VERIFIED,C01;D03
58,Q1,true,Q1_CORE,A_CORE,15,2026-01-15,Probabilistic Forecasting of Long-Term Origin-Destination Demands: An Interpretable Bayesian Framework for Periodicity and Residual Learning,IEEE Transactions on Intelligent Transportation Systems,S144771191,10.1109/tits.2026.3652367,https://openalex.org/W7124466725,VERIFIED_WITH_VARIATION,F09;M06
59,Q3,false,SUPPLEMENTARY_NON_Q1,A_CORE,15,2026-01-01,A Novel Attention‐Weighted VMD‐LSSVM Model for High‐Accuracy Short‐Term Traffic Prediction,IET Intelligent Transport Systems,S155689059,10.1049/itr2.70144,https://openalex.org/W7125714643,VERIFIED,F04
60,Q1,true,Q1_CORE,A_CORE,15,2025-12-06,Game-theoretic incentives for federated learning in traffic prediction: Balancing resource allocation and prediction accuracy via Stackelberg contracts,Transportation Research Part C: Emerging Technologies,S64511102,10.1016/j.trc.2025.105474,https://openalex.org/W7109074312,VERIFIED_WITH_VARIATION,F04
61,Q3,false,SUPPLEMENTARY_NON_Q1,A_CORE,15,2025-11-20,Effect of Time Intervals on Short-Term Traffic Flow Prediction Performance for an Adaptive Fuzzy Inference System Approach,Journal of Transportation Engineering Part A: Systems,S4210178838,10.1061/jtepbs.teeng-9049,https://openalex.org/W4416424644,VERIFIED_WITH_VARIATION,F04
62,Q2,false,SUPPLEMENTARY_NON_Q1,A_CORE,15,2025-10-29,Road traffic attributes prediction using deep learning hybridization by the traffic fundamental diagram,Journal of Intelligent Transportation Systems,S172631016,10.1080/15472450.2025.2577735,https://openalex.org/W4415665262,VERIFIED,C02;F04
63,Q3,false,SUPPLEMENTARY_NON_Q1,A_CORE,14,2026-08-29,Congestion Propagation Identification and Prediction Using Self Attention–Based Diffusion Convolutional Approach,Journal of Transportation Engineering Part A: Systems,S4210178838,10.1061/jtepbs.teeng-9253,https://openalex.org/W4405654787,VERIFIED_WITH_VARIATION,C02
64,Q2,false,SUPPLEMENTARY_NON_Q1,A_CORE,14,2026-08-23,Integrated movement-level traffic arrival prediction and signal control optimization using AVI data,Transportmetrica B: Transport Dynamics,S2498450034,10.1080/21680566.2026.2717537,https://openalex.org/W7204144092,VERIFIED,C01
65,Q3,false,SUPPLEMENTARY_NON_Q1,A_CORE,14,2026-07-11,A Predictive–Prescriptive Analytics Framework forRoute Planning via Discrete Time–SpaceGraph and ST-GCN-GRU Model,Journal of Transportation Engineering Part A: Systems,S4210178838,10.1061/jtepbs.teeng-9529,https://openalex.org/W7168023741,VERIFIED_WITH_VARIATION,F01
66,Q1,true,Q1_CORE,A_CORE,14,2026-07-08,Improving coordinated actuated control performance by measuring “early return to green” using probe vehicle data,Transportation Research Part C: Emerging Technologies,S64511102,10.1016/j.trc.2026.105853,https://openalex.org/W7167724551,VERIFIED_WITH_VARIATION,D02
67,Q1,true,Q1_CORE,A_CORE,14,2026-03-23,Leveraging Functional Encryption and Deep Learning for Privacy-Preserving Traffic Forecasting,IEEE Transactions on Intelligent Transportation Systems,S144771191,10.1109/tits.2026.3673039,https://openalex.org/W7140098097,VERIFIED_WITH_VARIATION,C02
68,Q1,true,Q1_CORE,A_CORE,14,2026-01-14,UTDT: A Baseline Benchmark for Urban Traffic Flow Digital Twins via Roadside LiDAR–Camera Fusion,IEEE Transactions on Intelligent Transportation Systems,S144771191,10.1109/tits.2026.3651290,https://openalex.org/W7124159940,VERIFIED_WITH_VARIATION,D03
69,Q2,false,SUPPLEMENTARY_NON_Q1,A_CORE,14,2026-01-08,APSO-enhanced algebraic derivative estimation approach for real-time traffic flow prediction on critical road sections during wildfire evacuation,Transportmetrica B: Transport Dynamics,S2498450034,10.1080/21680566.2025.2612243,https://openalex.org/W7119157842,VERIFIED,F04
70,Q3,false,SUPPLEMENTARY_NON_Q1,A_CORE,14,2026-01-01,Correlation Analysis‐SSARF Integration for Traffic Flow Prediction With Interpretability,IET Intelligent Transport Systems,S155689059,10.1049/itr2.70327,https://openalex.org/W7212192347,VERIFIED_WITH_VARIATION,F04
71,Q1,true,Q1_CORE,A_CORE,14,2025-12-29,Cross-City Correlation Learning for Traffic Forecasting,IEEE Transactions on Intelligent Transportation Systems,S144771191,10.1109/tits.2025.3647158,https://openalex.org/W7117470147,VERIFIED_WITH_VARIATION,M04
72,Q1,true,Q1_CORE,A_CORE,14,2025-11-12,Dynamic Spatiotemporal Graph Convolutional Neural Network Based on Congestion Propagation for Traffic Prediction,IEEE Transactions on Intelligent Transportation Systems,S144771191,10.1109/tits.2025.3628554,https://openalex.org/W4416222440,VERIFIED_WITH_VARIATION,C02
73,Q1,true,Q1_CORE,A_CORE,14,2025-11-10,Contrastive Learning-Based Deep Embedded Clustering and the TCN-DMAttention Model for Traffic Congestion Prediction,IEEE Transactions on Intelligent Transportation Systems,S144771191,10.1109/tits.2025.3626524,https://openalex.org/W7104535704,VERIFIED_WITH_VARIATION,C02
74,Q2,false,SUPPLEMENTARY_NON_Q1,A_CORE,13,2026-09-09,A decision-oriented risk prioritization framework for traffic crash management using explainable machine learning and economic impact analysis,Transportmetrica B: Transport Dynamics,S2498450034,10.1080/21680566.2026.2730187,https://openalex.org/W7212071498,VERIFIED,R01
75,Q3,false,SUPPLEMENTARY_NON_Q1,A_CORE,13,2026-08-03,MulDet3D: Multiobjective Optimization-Based Unsupervised Object Detection for Multiple Roadside LiDARs,Journal of Transportation Engineering Part A: Systems,S4210178838,10.1061/jtepbs.teeng-9741,https://openalex.org/W7172254598,VERIFIED_WITH_VARIATION,D07
76,Q3,false,SUPPLEMENTARY_NON_Q1,A_CORE,13,2026-06-28,Novel Machine Learning Driven Framework for Dynamic Perspective Correction in Vision-Based Traffic Speed Estimation,Journal of Transportation Engineering Part A: Systems,S4210178838,10.1061/jtepbs.teeng-9437,https://openalex.org/W7166463861,VERIFIED_WITH_VARIATION,C04
77,Q1,true,Q1_CORE,A_CORE,13,2026-04-30,Spatial analysis of the hinterlands of container terminals,Journal of Transport Geography,S80150607,10.1016/j.jtrangeo.2026.104692,https://openalex.org/W7160135731,VERIFIED_WITH_VARIATION,D01
78,Q1,true,Q1_CORE,A_CORE,13,2026-01-16,Metamorphic Testing for Vision-Based Autonomous Driving With Road Traffic Risk Exposure Extrapolation,IEEE Transactions on Intelligent Transportation Systems,S144771191,10.1109/tits.2025.3649971,https://openalex.org/W7124436445,VERIFIED_WITH_VARIATION,R01
79,Q3,false,SUPPLEMENTARY_NON_Q1,A_CORE,13,2025-11-12,Connected Vehicle Data for Freeway Congestion Analysis: Necessity versus Luxury for Transportation Engineers,Journal of Transportation Engineering Part A: Systems,S4210178838,10.1061/jtepbs.teeng-9297,https://openalex.org/W4416127803,VERIFIED_WITH_VARIATION,C02;D02;D06
80,Q1,true,Q1_CORE,A_CORE,13,2025-11-07,Optimization of Urban Emergency Multimodal Transportation Scheduling With UAV-Ground Traffic Coordination,IEEE Transactions on Intelligent Transportation Systems,S144771191,10.1109/tits.2025.3626994,https://openalex.org/W4416010486,VERIFIED_WITH_VARIATION,D04;R01
81,Q1,true,Q1_CORE,A_CORE,13,2025-11-03,TriDGNet: Triple Feature Encoder-Based Dual Granularity Graph Learning Network for Enhanced Travel Time Estimation,IEEE Transactions on Intelligent Transportation Systems,S144771191,10.1109/tits.2025.3624395,https://openalex.org/W4415821150,VERIFIED_WITH_VARIATION,C04
82,Q3,false,SUPPLEMENTARY_NON_Q1,A_CORE,12,2026-09-27,GNN-Based Urban Congestion Prediction Considering Congestion Prior Knowledge,Journal of Transportation Engineering Part A: Systems,S4210178838,10.1061/jtepbs.teeng-9747,https://openalex.org/W7214553724,VERIFIED_WITH_VARIATION,C02
83,Q2,false,SUPPLEMENTARY_NON_Q1,A_CORE,12,2026-09-25,Data-driven traffic signal optimisation with random forest and ESO-based model-free adaptive iterative learning control,Transportmetrica B: Transport Dynamics,S2498450034,10.1080/21680566.2026.2737224,https://openalex.org/W7214335883,VERIFIED,C01
84,Q2,false,SUPPLEMENTARY_NON_Q1,A_CORE,12,2026-08-28,A new class of speed harmonization strategy with adaptive boundaries: a model predictive control approach in a mixed traffic environment,Journal of Intelligent Transportation Systems,S172631016,10.1080/15472450.2026.2669869,https://openalex.org/W7204605781,VERIFIED,D06
85,Q2,false,SUPPLEMENTARY_NON_Q1,A_CORE,12,2026-08-10,A hybrid connected and autonomous vehicles trajectory optimization for on-ramp freeway merging in mixed vehicular traffic environment,Journal of Intelligent Transportation Systems,S172631016,10.1080/15472450.2026.2707513,https://openalex.org/W7202093198,VERIFIED,D06;R01
86,Q2,false,SUPPLEMENTARY_NON_Q1,A_CORE,12,2026-07-19,Multi-objective traffic signal control considering pedestrian crossings via constraints-decoupled reinforcement learning,Transportmetrica B: Transport Dynamics,S2498450034,10.1080/21680566.2026.2693296,https://openalex.org/W7169782949,VERIFIED,C01
87,Q2,false,SUPPLEMENTARY_NON_Q1,A_CORE,12,2026-07-07,Leveraging connected vehicle data for roadway safety evaluation and management: segment- and intersection-level driving volatility analysis,Journal of Intelligent Transportation Systems,S172631016,10.1080/15472450.2026.2694716,https://openalex.org/W7167601340,VERIFIED,D06
88,Q3,false,SUPPLEMENTARY_NON_Q1,A_CORE,12,2026-07-02,Spatial–Temporal Interaction–Aware Multiagent Reinforcement Learning for Traffic Signal Control,Journal of Transportation Engineering Part A: Systems,S4210178838,10.1061/jtepbs.teeng-9516,https://openalex.org/W7167028837,VERIFIED_WITH_VARIATION,C01
89,Q1,true,Q1_CORE,A_CORE,12,2026-04-20,Event-aware analysis of cross-city visitor flows using large language models and social media data,Transportation Research Part A: Policy and Practice,S159637997,10.1016/j.tra.2026.105023,https://openalex.org/W4416011496,VERIFIED_WITH_VARIATION,M05A
90,Q1,true,Q1_CORE,A_CORE,12,2026-04-06,Traffic Signal-Vehicle Cooperative Control via Multimodal Heterogeneous Subgraph Learning,IEEE Transactions on Intelligent Transportation Systems,S144771191,10.1109/tits.2026.3664174,https://openalex.org/W7150840806,VERIFIED,C01
91,Q2,false,SUPPLEMENTARY_NON_Q1,A_CORE,12,2026-03-19,Knowledge reasoning deep learning network for traffic state estimation under sparse data,Transportmetrica B: Transport Dynamics,S2498450034,10.1080/21680566.2026.2645186,https://openalex.org/W7139118635,VERIFIED,C04
92,Q3,false,SUPPLEMENTARY_NON_Q1,A_CORE,12,2026-01-23,Movement-Wise Delay Distribution Estimation at Signalized Intersections Using Mixture Density Networks and Connected Vehicle Trajectories,Journal of Transportation Engineering Part A: Systems,S4210178838,10.1061/jtepbs.teeng-9465,https://openalex.org/W7125515360,VERIFIED_WITH_VARIATION,D06
93,Q3,false,SUPPLEMENTARY_NON_Q1,A_CORE,12,2026-01-01,The Relevance of Heterogeneous Floating Car Data for Macroscopic Fundamental Diagram Analysis,IET Intelligent Transport Systems,S155689059,10.1049/itr2.70171,https://openalex.org/W7140211665,VERIFIED_WITH_VARIATION,D01
94,Q1,true,Q1_CORE,A_CORE,12,2026-01-01,Traffic Flow Phase Transition at Bottleneck Sections Based on Driving Feedback Delay and Connected Density Difference Feedback Under Cyber-Attack Conditions,IEEE Transactions on Intelligent Transportation Systems,S144771191,10.1109/tits.2026.3674034,https://openalex.org/W7154607916,VERIFIED,R01
95,Q3,false,SUPPLEMENTARY_NON_Q1,A_CORE,12,2026-01-01,TrafTrust‐Fed: Traffic‐Trust Federated Learning with Fuzzy Inference.,IET Intelligent Transport Systems,S155689059,10.1049/itr2.70234,https://openalex.org/W7161548066,VERIFIED_WITH_VARIATION,F11;R01
96,Q2,false,SUPPLEMENTARY_NON_Q1,A_CORE,12,2025-12-17,Novel weather severity classifications based on speed reductions utilizing machine learning techniques,Transportmetrica A: Transport Science,S4210177949,10.1080/23249935.2025.2602013,https://openalex.org/W4417424303,VERIFIED,D02
97,Q2,false,SUPPLEMENTARY_NON_Q1,A_CORE,12,2025-12-11,Physics-informed deep operator network for traffic state estimation,Transportmetrica B: Transport Dynamics,S2498450034,10.1080/21680566.2025.2595549,https://openalex.org/W4417244268,VERIFIED,C04
98,Q1,true,Q1_CORE,A_CORE,12,2025-11-10,A Multi-Objective Model for Traffic Signal Coordination Control With Queue Profile Estimation,IEEE Transactions on Intelligent Transportation Systems,S144771191,10.1109/tits.2025.3616119,https://openalex.org/W7104570610,VERIFIED,C01
99,Q1,true,Q1_CORE,A_CORE,12,2025-11-07,Knowledge-data fusion oriented traffic state estimation: A stochastic physics-informed deep learning approach,Transportation Research Part C: Emerging Technologies,S64511102,10.1016/j.trc.2025.105422,https://openalex.org/W4416015775,VERIFIED_WITH_VARIATION,C04
100,Q1,true,Q1_CORE,A_CORE,12,2025-10-31,STMO: A spatio-temporal multimodal optimization algorithm for optimizing electric vehicle charging scheduling and station layout,Alexandria Engineering Journal,S2764413287,10.1016/j.aej.2025.10.032,https://openalex.org/W4415743147,VERIFIED,D04
101,Q1,true,Q1_CORE,A_CORE,12,2025-10-14,Network-Wide Freeway Traffic Estimation Using Sparse Sensor Data: A Dirichlet Graph Auto-Encoder Approach,IEEE Transactions on Intelligent Transportation Systems,S144771191,10.1109/tits.2025.3610911,https://openalex.org/W4415179034,VERIFIED_WITH_VARIATION,C04
102,Q1,true,Q1_CORE,A_CORE,12,2025-10-09,Leveraging Spatial–Temporal Heterogeneity and Cross-Mode Interactions: A Meta-Learning Approach for Multimodal Transportation Demand Prediction,IEEE Transactions on Intelligent Transportation Systems,S144771191,10.1109/tits.2025.3614270,https://openalex.org/W4415003016,VERIFIED_WITH_VARIATION,D04;M05A
103,Q3,false,SUPPLEMENTARY_NON_Q1,A_CORE,11,2026-08-04,Research on Road Traffic State Reconstruction Using License Plate Recognition Data,Journal of Transportation Engineering Part A: Systems,S4210178838,10.1061/jtepbs.teeng-9800,https://openalex.org/W7172415175,VERIFIED_WITH_VARIATION,C04
104,Q1,true,Q1_CORE,A_CORE,11,2026-07-16,A multi-agent deep reinforcement learning framework for coordinated urban traffic signal and parking lot exit control,Transportation Research Part C: Emerging Technologies,S64511102,10.1016/j.trc.2026.105856,https://openalex.org/W7169047450,VERIFIED_WITH_VARIATION,C01
105,Q1,true,Q1_CORE,A_CORE,11,2026-06-10,Physics enhanced residual policy learning (PERPL) for safety cruising in mixed traffic platooning under actuator and communication delay,Transportation Research Part C: Emerging Technologies,S64511102,10.1016/j.trc.2026.105792,https://openalex.org/W4403786386,VERIFIED_WITH_VARIATION,D06
106,Q1,true,Q1_CORE,A_CORE,11,2026-05-07,Learning to learn the macroscopic fundamental diagram using physics-informed and model agnostic machine learning,Transportation Research Part C: Emerging Technologies,S64511102,10.1016/j.trc.2026.105707,https://openalex.org/W4415238636,VERIFIED_WITH_VARIATION,M03
107,Q3,false,SUPPLEMENTARY_NON_Q1,A_CORE,11,2026-03-30,Leveraging Multisource Data for a Comprehensive Investigation of Split Failure Occurrences,Journal of Transportation Engineering Part A: Systems,S4210178838,10.1061/jtepbs.teeng-9217,https://openalex.org/W7143356360,VERIFIED_WITH_VARIATION,D02
108,Q1,true,Q1_CORE,A_CORE,11,2026-02-27,Robust Tensor Completion via Gradient Tensor Nuclear ℓ 1 - ℓ 2 Norm for Traffic Data Recovery,IEEE Transactions on Intelligent Transportation Systems,S144771191,10.1109/tits.2026.3659755,https://openalex.org/W7131863019,VERIFIED_WITH_VARIATION,D07;R01
109,Q3,false,SUPPLEMENTARY_NON_Q1,A_CORE,11,2026-01-01,An Enhanced Multilayer Machine Learning Framework With Spatio‐Temporal Learning and Explainable AI for IoT‐Enabled Smart Parking Prediction and Behaviour Analysis,IET Intelligent Transport Systems,S155689059,10.1049/itr2.70328,https://openalex.org/W7211932091,VERIFIED_WITH_VARIATION,M05A
110,Q3,false,SUPPLEMENTARY_NON_Q1,A_CORE,11,2026-01-01,Fusion of Connected Vehicle Data From Multiple Suppliers Estimating Tire‐Road Friction,IET Intelligent Transport Systems,S155689059,10.1049/itr2.70203,https://openalex.org/W7147403035,VERIFIED_WITH_VARIATION,D06
111,Q1,true,Q1_CORE,A_CORE,11,2025-12-22,Physics-Informed Deep Learning for Traffic State Estimation on Freeways: A Comprehensive Comparative Study,IEEE Transactions on Intelligent Transportation Systems,S144771191,10.1109/tits.2025.3642303,https://openalex.org/W7116719794,VERIFIED_WITH_VARIATION,C04
112,Q1,true,Q1_CORE,A_CORE,11,2025-11-25,M2NN: Multi-view multi-task graph neural network using congestion heatmap imagery for predicting traffic incidents across heterogeneous areas,Transportation Research Part C: Emerging Technologies,S64511102,10.1016/j.trc.2025.105458,https://openalex.org/W7106537463,VERIFIED_WITH_VARIATION,C02;M01
113,Q1,true,Q1_CORE,A_CORE,11,2025-11-24,Generative Adversarial Pre-Training Enabled Spatial–Temporal Graph Modeling of Traffic Data,IEEE Transactions on Intelligent Transportation Systems,S144771191,10.1109/tits.2025.3633688,https://openalex.org/W4416582761,VERIFIED_WITH_VARIATION,R01
114,Q2,false,SUPPLEMENTARY_NON_Q1,A_CORE,11,2025-11-18,Path flow reconstruction under sparse automatic vehicle identification coverage and limited probe vehicle penetration,Transportmetrica B: Transport Dynamics,S2498450034,10.1080/21680566.2025.2582570,https://openalex.org/W4416306420,VERIFIED,D02
115,Q1,true,Q1_CORE,A_CORE,11,2025-11-13,ETLight: An Evolution Transformer for Efficient Traffic Signal Control,IEEE Transactions on Intelligent Transportation Systems,S144771191,10.1109/tits.2025.3629415,https://openalex.org/W4416177831,VERIFIED_WITH_VARIATION,C01
116,Q2,false,SUPPLEMENTARY_NON_Q1,A_CORE,11,2025-11-03,Using deep learning methods to optimize freeway traffic flow sensor spacing based on empirical data,Journal of Intelligent Transportation Systems,S172631016,10.1080/15472450.2025.2578670,https://openalex.org/W4415789061,VERIFIED,C04
117,Q1,true,Q1_CORE,A_CORE,11,2025-10-27,A multi-agent reinforcement learning framework for integrated traffic signal control and dynamic bus lane access management,Transportation Research Part C: Emerging Technologies,S64511102,10.1016/j.trc.2025.105391,https://openalex.org/W4415596622,VERIFIED_WITH_VARIATION,C01
118,Q2,false,SUPPLEMENTARY_NON_Q1,A_CORE,11,2025-10-16,A physics-informed traffic state estimation model for freeways under sparse observation data,Transportmetrica B: Transport Dynamics,S2498450034,10.1080/21680566.2025.2564701,https://openalex.org/W4415260565,VERIFIED,C04
119,Q1,true,Q1_CORE,A_CORE,10,2026-05-27,Sketching the Dynamics of Traffic: Data-Efficient Predictive Connected Cruise Control,IEEE Transactions on Intelligent Transportation Systems,S144771191,10.1109/tits.2026.3694599,https://openalex.org/W7162500971,VERIFIED_WITH_VARIATION,D06
120,Q2,false,SUPPLEMENTARY_NON_Q1,A_CORE,10,2026-05-15,Decentralized signal predictive control with real-time detection-based vehicle trajectory data,Journal of Intelligent Transportation Systems,S172631016,10.1080/15472450.2026.2669483,https://openalex.org/W7161306767,VERIFIED,D02
121,Q1,true,Q1_CORE,A_CORE,10,2026-05-01,Traffic flow signal control and optimization based on multi-agent deep reinforcement learning,Alexandria Engineering Journal,S2764413287,10.1016/j.aej.2026.04.025,https://openalex.org/W7160334418,VERIFIED,C01
122,Q1,true,Q1_CORE,A_CORE,10,2026-04-27,An Energy-Efficient Lyapunov-Based Cooperative Adaptive Cruise Controller for Electric Vehicles,IEEE Transactions on Intelligent Transportation Systems,S144771191,10.1109/tits.2026.3682623,https://openalex.org/W7154363428,VERIFIED_WITH_VARIATION,D06
123,Q1,true,Q1_CORE,A_CORE,10,2026-04-07,Leveraging connected vehicle data for near-crash detection and analysis in urban environments,Journal of Transport Geography,S80150607,10.1016/j.jtrangeo.2026.104645,https://openalex.org/W4403707307,VERIFIED,D06
124,Q2,false,SUPPLEMENTARY_NON_Q1,A_CORE,10,2026-02-11,A machine-learning approach for traffic state classification tackling spatial heterogeneity,Transportmetrica B: Transport Dynamics,S2498450034,10.1080/21680566.2026.2628695,https://openalex.org/W7128595276,VERIFIED,C02
125,Q1,true,Q1_CORE,A_CORE,10,2026-01-14,An End-to-End Traffic Signal Control Approach Driven by Fixed-Location Detector Occupancy Patterns Under Demand Uncertainty,IEEE Transactions on Intelligent Transportation Systems,S144771191,10.1109/tits.2026.3651721,https://openalex.org/W7124168330,VERIFIED_WITH_VARIATION,C01
126,Q2,false,SUPPLEMENTARY_NON_Q1,A_CORE,10,2026-01-05,Vehicle detection and classification from mobile LIDAR sensors,Journal of Intelligent Transportation Systems,S172631016,10.1080/15472450.2025.2603541,https://openalex.org/W7118189522,VERIFIED,D02
127,Q1,true,Q1_CORE,A_CORE,10,2025-11-28,Before–after study of pavement roughness impact on vehicle fuel consumption and emissions,Transportation Research Part D: Transport and Environment,S45181156,10.1016/j.trd.2025.105131,https://openalex.org/W4416759941,VERIFIED_WITH_VARIATION,D06
128,Q1,true,Q1_CORE,A_CORE,10,2025-10-23,Multi-Scale Reinforcement Learning of Dynamic Energy Controller for Connected Electrified Vehicles,IEEE Transactions on Intelligent Transportation Systems,S144771191,10.1109/tits.2025.3622917,https://openalex.org/W4415482405,VERIFIED_WITH_VARIATION,D06
129,Q1,true,Q1_CORE,A_CORE,9,2026-06-26,Network-wide spatiotemporal speed and flow estimation under recurrent and non-recurrent traffic conditions: A physics-informed computational graph framework,Transportation Research Part C: Emerging Technologies,S64511102,10.1016/j.trc.2026.105832,https://openalex.org/W7166085999,VERIFIED_WITH_VARIATION,C04
130,Q1,true,Q1_CORE,A_CORE,9,2026-03-13,OAlight: Overflow-Aware Adaptive Traffic Signal Control via State-Wise Reinforcement Learning,IEEE Transactions on Intelligent Transportation Systems,S144771191,10.1109/tits.2026.3670387,https://openalex.org/W7135231512,VERIFIED_WITH_VARIATION,C01
131,Q1,true,Q1_CORE,A_CORE,9,2026-03-12,A queue-battery model for electrified traffic flow considering endogenous congestion propagation,Transportation Research Part C: Emerging Technologies,S64511102,10.1016/j.trc.2026.105620,https://openalex.org/W7135117643,VERIFIED_WITH_VARIATION,C02
132,Q1,true,Q1_CORE,A_CORE,9,2026-02-19,A Cognitive-Informed Car-Following Strategy for Intelligent Connected Vehicles Considering Driver Physiological Activation,IEEE Transactions on Intelligent Transportation Systems,S144771191,10.1109/tits.2026.3662740,https://openalex.org/W7130614428,VERIFIED_WITH_VARIATION,D06
133,Q1,true,Q1_CORE,A_CORE,9,2026-02-12,Scalable Cooperative Maneuvering Using Conflict Analysis: Merging in Mixed Traffic,IEEE Transactions on Intelligent Transportation Systems,S144771191,10.1109/tits.2026.3661951,https://openalex.org/W7128680676,VERIFIED_WITH_VARIATION,D06
134,Q1,true,Q1_CORE,A_CORE,9,2026-01-05,Enhancing Trust Management System for Connected Autonomous Vehicles Using Machine Learning Methods: A Survey,IEEE Transactions on Intelligent Transportation Systems,S144771191,10.1109/tits.2025.3647284,https://openalex.org/W7118165755,VERIFIED_WITH_VARIATION,D06
135,Q3,false,SUPPLEMENTARY_NON_Q1,A_CORE,9,2026-01-01,Eco‐Driving and Energy Management for Connected Hybrid Hub Motor Electric Vehicles: A Hierarchical Approach in Multi‐Signalised Traffic Intersections,IET Intelligent Transport Systems,S155689059,10.1049/itr2.70196,https://openalex.org/W7151527370,VERIFIED_WITH_VARIATION,D06
136,Q3,false,SUPPLEMENTARY_NON_Q1,A_CORE,9,2026-01-01,Integrated‐Hybrid Framework for Connected Vehicles Micro‐ and Macroscopic Highway Merging Control Using Combined Data‐and‐Model‐Driven Approaches,IET Intelligent Transport Systems,S155689059,10.1049/itr2.70149,https://openalex.org/W7125095021,VERIFIED,D06
137,Q1,true,Q1_CORE,A_CORE,9,2026-01-01,Safe and Stable Connected Cruise Control for Connected Automated Vehicles With Response Lag,IEEE Transactions on Intelligent Transportation Systems,S144771191,10.1109/tits.2026.3727135,https://openalex.org/W4403621094,VERIFIED,D06
138,Q1,true,Q1_CORE,A_CORE,9,2025-12-01,An optimization framework for multi-objective traffic signal control using intersection similarity and reinforcement learning,Alexandria Engineering Journal,S2764413287,10.1016/j.aej.2025.11.025,https://openalex.org/W4416909705,VERIFIED,C01
139,Q2,false,SUPPLEMENTARY_NON_Q1,A_CORE,9,2025-10-28,"Android application-based automated prediction for green transportation mode detection: architecture, challenges and results",Journal of Intelligent Transportation Systems,S172631016,10.1080/15472450.2025.2576935,https://openalex.org/W4415623121,VERIFIED,M03
140,Q1,true,Q1_CORE,A_CORE,9,2025-10-09,MetaSignal: Meta Reinforcement Learning for Traffic Signal Control via Fourier Basis Approximation,IEEE Transactions on Intelligent Transportation Systems,S144771191,10.1109/tits.2025.3587473,https://openalex.org/W4415003009,VERIFIED,C01
141,Q2,false,SUPPLEMENTARY_NON_Q1,A_CORE,8,2026-06-19,Kriformer: a novel spatiotemporal kriging approach based on graph transformers,Transportmetrica A: Transport Science,S4210177949,10.1080/23249935.2026.2689597,https://openalex.org/W4401305588,VERIFIED,C04
142,Q1,true,Q1_CORE,A_CORE,6,2026-05-25,Artificial intelligence in urban transportation systems: A systematic survey and taxonomy,Alexandria Engineering Journal,S2764413287,10.1016/j.aej.2026.05.021,https://openalex.org/W7162299405,VERIFIED,C02
143,Q2,false,SUPPLEMENTARY_NON_Q1,A_CORE,6,2025-11-26,Estimating traffic states and analysing the entropy-state relationships of electric two-wheeler flow,Transportmetrica B: Transport Dynamics,S2498450034,10.1080/21680566.2025.2578624,https://openalex.org/W4416743834,VERIFIED,C04
144,Q1,true,Q1_CORE,A_CORE,5,2026-03-16,A Review of Stop-and-Go Traffic Wave Suppression Strategies: Variable Speed Limit Versus Jam-Absorption Driving,IEEE Transactions on Intelligent Transportation Systems,S144771191,10.1109/tits.2026.3658644,https://openalex.org/W7136512126,VERIFIED_WITH_VARIATION,C04
145,Q1,true,Q1_CORE,A_CORE,5,2026-03-16,Neighbor-Embedded Graph Neural Network-Based Crowd Delivery Traffic Management in Smart City,IEEE Transactions on Emerging Topics in Computational Intelligence,S4210210251,10.1109/tetci.2026.3670691,https://openalex.org/W7136521552,VERIFIED_WITH_VARIATION,C02
146,Q1,true,Q1_CORE,A_CORE,5,2026-01-03,Joint optimization of flood water routing and congestion-aware evacuation scheduling,Transportation Research Part E: Logistics and Transportation Review,S173966628,10.1016/j.tre.2025.104645,https://openalex.org/W7118085228,VERIFIED_WITH_VARIATION,C02
147,Q2,false,SUPPLEMENTARY_NON_Q1,A_CORE,5,2025-11-19,Arterial vehicle trajectory reconstruction by integrating driving behaviour pattern recognition,Transportmetrica B: Transport Dynamics,S2498450034,10.1080/21680566.2025.2575955,https://openalex.org/W7106002417,VERIFIED,C04
148,Q1,true,Q1_CORE,A_CORE,5,2025-10-13,A Multi-Centralized Strategy for Trajectory-Based Active Traffic Management With Cooperative Automation,IEEE Transactions on Intelligent Transportation Systems,S144771191,10.1109/tits.2025.3614981,https://openalex.org/W4415123992,VERIFIED_WITH_VARIATION,C02
149,Q1,true,Q1_CORE,B_RELATED,12,2026-03-15,Stress-testing road network resilience using counterfactual flood events (1953–2024) in Great Britain,Transportation Research Part D: Transport and Environment,S45181156,10.1016/j.trd.2026.105292,https://openalex.org/W7136053344,VERIFIED_WITH_VARIATION,R02
150,Q3,false,SUPPLEMENTARY_NON_Q1,B_RELATED,10,2026-01-29,Novel Method for Camera Perspective Changes Detection Based on Semantic Understanding of Traffic Scenes,Journal of Transportation Engineering Part A: Systems,S4210178838,10.1061/jtepbs.teeng-9112,https://openalex.org/W7126105409,VERIFIED_WITH_VARIATION,R01
151,Q1,true,Q1_CORE,B_RELATED,9,2025-12-19,Efficient Haze Removal via Scene Depth Ordering for Robust Traffic Monitoring,IEEE Transactions on Intelligent Transportation Systems,S144771191,10.1109/tits.2025.3642629,https://openalex.org/W4417508467,VERIFIED_WITH_VARIATION,R01
152,Q1,true,Q1_CORE,B_RELATED,8,2026-03-16,NextSim: Multi-Level Traffic Simulation for Urban Networks Using Dynamic Level Assignment,IEEE Transactions on Intelligent Transportation Systems,S144771191,10.1109/tits.2026.3671220,https://openalex.org/W7137322684,VERIFIED_WITH_VARIATION,R01
153,Q3,false,SUPPLEMENTARY_NON_Q1,B_RELATED,8,2025-11-28,Impact of Transportation Network Development on Service Resilience: Insights from Beijing,Journal of Transportation Engineering Part A: Systems,S4210178838,10.1061/jtepbs.teeng-8850,https://openalex.org/W4416773465,VERIFIED_WITH_VARIATION,R03
154,Q2,false,SUPPLEMENTARY_NON_Q1,B_RELATED,7,2026-06-28,Machine learning classification of recurring and non-recurring congestion using threshold-based traffic sensor alerts,Journal of Intelligent Transportation Systems,S172631016,10.1080/15472450.2026.2693996,https://openalex.org/W7166560690,VERIFIED,C02
155,Q3,false,SUPPLEMENTARY_NON_Q1,B_RELATED,5,2026-01-01,Proactive Congestion Detection in V2V Scenarios With an Integrated Multi‐Layer Information Fusion Approach,IET Intelligent Transport Systems,S155689059,10.1049/itr2.70266,https://openalex.org/W7165744210,VERIFIED_WITH_VARIATION,C02
156,Q3,false,SUPPLEMENTARY_NON_Q1,C_MANAGEMENT,10,2026-06-13,Joint Lane Selection and Coordinated Signal Control for Mixed Traffic Arterials with CAV-Dedicated Lanes,Journal of Transportation Engineering Part A: Systems,S4210178838,10.1061/jtepbs.teeng-9752,https://openalex.org/W7164651074,VERIFIED_WITH_VARIATION,C01
157,Q1,true,Q1_CORE,C_MANAGEMENT,10,2026-05-30,"Cross-regional cooperative multiple-timescale joint traffic control, signal control, and routing for maximum network throughput",Transportation Research Part B: Methodological,S96305778,10.1016/j.trb.2026.103519,https://openalex.org/W7162870661,VERIFIED_WITH_VARIATION,C01
158,Q3,false,SUPPLEMENTARY_NON_Q1,C_MANAGEMENT,10,2026-05-28,Review and Taxonomy of Advanced Traffic Signal Control,Journal of Transportation Engineering Part A: Systems,S4210178838,10.1061/jtepbs.teeng-9398,https://openalex.org/W7162676408,VERIFIED_WITH_VARIATION,C01
159,Q1,true,Q1_CORE,C_MANAGEMENT,10,2026-05-05,Distributed MPC-Based Coordination of Traffic Perimeter and Signal Control: A Lexicographic Optimization Approach,IEEE Transactions on Intelligent Transportation Systems,S144771191,10.1109/tits.2026.3683849,https://openalex.org/W4414970979,VERIFIED_WITH_VARIATION,C01
160,Q1,true,Q1_CORE,C_MANAGEMENT,10,2026-04-24,Robust Adversarial Weighted Meta Reinforcement Learning for Generalizable Traffic Signal Control,IEEE Transactions on Intelligent Transportation Systems,S144771191,10.1109/tits.2026.3683084,https://openalex.org/W7155502295,VERIFIED_WITH_VARIATION,C01
161,Q3,false,SUPPLEMENTARY_NON_Q1,C_MANAGEMENT,10,2026-01-01,Pre‐Trained DRL Selection and Fine‐Tuning for Traffic Signal Control,IET Intelligent Transport Systems,S155689059,10.1049/itr2.70210,https://openalex.org/W7153140255,VERIFIED_WITH_VARIATION,C01
162,Q1,true,Q1_CORE,C_MANAGEMENT,9,2026-03-16,Scalable Multi-Objective Optimization for Robust Traffic Signal Control in Uncertain Environments Based on Hierarchical Reinforcement Learning,IEEE Transactions on Intelligent Transportation Systems,S144771191,10.1109/tits.2026.3670486,https://openalex.org/W7136202726,VERIFIED_WITH_VARIATION,C01
163,Q3,false,SUPPLEMENTARY_NON_Q1,C_MANAGEMENT,9,2026-01-01,Coordination in Traffic Signal Control: A Mechanism‐Oriented Survey of Multi‐Agent Learning Approaches,IET Intelligent Transport Systems,S155689059,10.1049/itr2.70296,https://openalex.org/W7169596053,VERIFIED_WITH_VARIATION,C01
164,Q3,false,SUPPLEMENTARY_NON_Q1,C_MANAGEMENT,9,2026-01-01,Smart Traffic Signal Control in Urban Environments Leveraging SUMO and Curiosity‐Enhanced MAPPO,IET Intelligent Transport Systems,S155689059,10.1049/itr2.70247,https://openalex.org/W7163026927,VERIFIED_WITH_VARIATION,C01
165,Q3,false,SUPPLEMENTARY_NON_Q1,C_MANAGEMENT,6,2026-04-25,Deep Reinforcement Learning for Hybrid Traffic Control: Coordinating AI and Fixed-Time Signal Controllers in Urban Networks,Journal of Transportation Engineering Part A: Systems,S4210178838,10.1061/jtepbs.teeng-9357,https://openalex.org/W7155603044,VERIFIED_WITH_VARIATION,C01
166,Q1,true,Q1_CORE,C_MANAGEMENT,6,2026-01-01,Hybrid Frame-Enhanced LiDAR/GNSS/IMU Fusion for Accurate and Robust Mapping in Mixed Traffic Environments,IEEE Transactions on Intelligent Transportation Systems,S144771191,10.1109/tits.2026.3680283,https://openalex.org/W7161580560,VERIFIED,C04
167,Q3,false,SUPPLEMENTARY_NON_Q1,C_MANAGEMENT,5,2026-01-01,AID‐VLM: The Vision‐Language Model for Traffic Incident Understanding,IET Intelligent Transport Systems,S155689059,10.1049/itr2.70271,https://openalex.org/W7167211688,VERIFIED_WITH_VARIATION,C03
168,Q1,true,Q1_CORE,C_MANAGEMENT,5,2025-11-18,Event-Triggered Regulation of Mixed-Autonomy Traffic Under Varying Traffic Conditions,IEEE Transactions on Intelligent Transportation Systems,S144771191,10.1109/tits.2025.3632297,https://openalex.org/W4416323594,VERIFIED_WITH_VARIATION,C02
169,Q1,true,Q1_CORE,D_PERIPHERAL,12,2026-09-04,Border effects in European air passenger transport,Journal of Transport Geography,S80150607,10.1016/j.jtrangeo.2026.104823,https://openalex.org/W7208757272,VERIFIED_WITH_VARIATION,X02
