rank,score,relevance_class,publication_date,title,journal,doi,openalex_id,query_ids,matched_query_count,query_priority_max,query_priority_sum,primary_topic,subfield,oa_status
1,21,A_CORE,2026-06-15,W-Diffusion: A Probabilistic Generative Framework for Traffic Forecasting via Shallow Diffusion Mechanism,IEEE Transactions on Intelligent Transportation Systems,10.1109/tits.2026.3695665,https://openalex.org/W7164858134,F09;M01;M06,3,5,13,Traffic Prediction and Management Techniques,Building and Construction,closed
2,21,A_CORE,2026-03-19,Emergency Events Traffic Flow Forecasting Using Text-Prompt-Guided Multimodal Large Language Models,IEEE Transactions on Intelligent Transportation Systems,10.1109/tits.2026.3672914,https://openalex.org/W7139003023,D05;F03;F12,3,5,14,Traffic Prediction and Management Techniques,Building and Construction,closed
3,21,A_CORE,2026-03-06,How to Accurately Forecast Highway Traffic Speed? A Self-Supervised Spatio-Temporal Bilateral Learning Network,IEEE Transactions on Intelligent Transportation Systems,10.1109/tits.2026.3667856,https://openalex.org/W7134132861,F01;F02;M02,3,5,14,Traffic Prediction and Management Techniques,Building and Construction,closed
4,21,A_CORE,2026-01-01,MAS‐Mamba: A Compact Missing‐Aware Selective State‐Space Model With Calibrated Uncertainty for Short‐Term Traffic Forecasting Under Sensor Outages,IET Intelligent Transport Systems,10.1049/itr2.70304,https://openalex.org/W7172396211,F11;M02;M06,3,5,13,Traffic Prediction and Management Techniques,Building and Construction,gold
5,21,A_CORE,2025-12-11,Traffic Flow Forecasting Methods Considering Meteorological Factors,Journal of Transportation Engineering Part A: Systems,10.1061/jtepbs.teeng-9315,https://openalex.org/W4417240861,F03;F04;M06,3,5,14,Traffic Prediction and Management Techniques,Building and Construction,closed
6,21,A_CORE,2026-07-08,Unveiling stochasticity: Universal multi-modal probabilistic modeling for traffic forecasting,Transportation Research Part C: Emerging Technologies,10.1016/j.trc.2026.105854,https://openalex.org/W7167668785,F09;M06,2,5,9,Traffic Prediction and Management Techniques,Building and Construction,hybrid
7,20,A_CORE,2026-01-01,A Multi‐Level Spatiotemporal and Abrupt‐change‐aware Fusion Model for Traffic Flow Forecasting,IET Intelligent Transport Systems,10.1049/itr2.70344,https://openalex.org/W7214228212,F03;M01;M02,3,5,13,Traffic Prediction and Management Techniques,Building and Construction,gold
8,20,A_CORE,2026-01-01,MSMT: A Memory‐Augmented Transformer With Multi‐Scale Spatio‐Temporal Modelling for Network‐Wide Traffic Flow Prediction,IET Intelligent Transport Systems,10.1049/itr2.70311,https://openalex.org/W7210290017,F04;F10;M02,3,5,14,Traffic Prediction and Management Techniques,Building and Construction,gold
9,20,A_CORE,2026-04-07,Multi-modal traffic flow joint prediction with a multi-source information knowledge graph,Transportmetrica A: Transport Science,10.1080/23249935.2026.2654754,https://openalex.org/W7151739766,D03;D04;M05A,3,4,12,Traffic Prediction and Management Techniques,Building and Construction,closed
10,19,A_CORE,2026-01-01,Accounting for Work Zone Disruptions in Traffic Flow Forecasting via Multi‐Channel Attention‐Based Spatio‐Temporal Graph Convolutional Networks,IET Intelligent Transport Systems,10.1049/itr2.70248,https://openalex.org/W7163420875,F01;F03;M01,3,5,14,Traffic Prediction and Management Techniques,Building and Construction,gold
11,19,A_CORE,2026-09-19,Short-Term Traffic Speed Prediction Integrating Traffic Flow Theory for Enhanced Urban Congestion Mitigation,Journal of Transportation Engineering Part A: Systems,10.1061/jtepbs.teeng-9834,https://openalex.org/W7213641877,C02;F02,2,5,7,Traffic Prediction and Management Techniques,Building and Construction,closed
12,19,A_CORE,2026-01-01,A Long‐Term Traffic Flow Prediction Method Based on Weather‐Grouped Temporal Feature Reconstruction,IET Intelligent Transport Systems,10.1049/itr2.70313,https://openalex.org/W7210271054,F04;M02,2,5,9,Traffic Prediction and Management Techniques,Building and Construction,gold
13,19,A_CORE,2025-11-15,Decoupled spatiotemporal graph convolution with probabilistic sparse self-attention for traffic flow forecasting,Transportmetrica B: Transport Dynamics,10.1080/21680566.2025.2575959,https://openalex.org/W4416242184,F03;F09,2,5,10,Traffic Prediction and Management Techniques,Building and Construction,closed
14,19,A_CORE,2026-04-15,A Bayesian Markov mesh regime-switching regression model for bus travel time forecasting,Transportation Research Part E: Logistics and Transportation Review,10.1016/j.tre.2026.104872,https://openalex.org/W7154456502,F06,1,5,5,Traffic Prediction and Management Techniques,Building and Construction,hybrid
15,19,A_CORE,2026-06-05,Connected Vehicle Trajectory–Based Estimation of Cycle-by-Cycle Traffic Volume: A Deep Learning–Based Approach Considering Slowed Vehicles and Spatiotemporal Shockwave Dissipation,Journal of Transportation Engineering Part A: Systems,10.1061/jtepbs.teeng-9582,https://openalex.org/W7163649305,C04;D02;D06,3,4,10,Traffic control and management,Control and Systems Engineering,closed
16,19,A_CORE,2026-09-15,TransMoE: Multimodal traffic prediction with large language model and mixture of experts,Transportation Research Part C: Emerging Technologies,10.1016/j.trc.2026.106018,https://openalex.org/W7213250237,D04;D05,2,4,8,Traffic Prediction and Management Techniques,Building and Construction,hybrid
17,19,A_CORE,2026-06-04,Heterogeneous fixed sensor data fusion based on interpolation and deep learning for freeway traffic state estimation,Transportmetrica A: Transport Science,10.1080/23249935.2026.2679545,https://openalex.org/W7163559785,C04;D03,2,4,6,Traffic Prediction and Management Techniques,Building and Construction,closed
18,18,A_CORE,2026-01-01,Graph-based spatial-temporal networks for traffic speed prediction in intelligent transport systems,Alexandria Engineering Journal,10.1016/j.aej.2025.12.055,https://openalex.org/W7118530442,F01;F02;M02,3,5,14,Traffic Prediction and Management Techniques,Building and Construction,gold
19,18,A_CORE,2026-08-16,Adaptive Diffused Spatiotemporal Graph Convolution for Traffic Flow Forecasting,Journal of Transportation Engineering Part A: Systems,10.1061/jtepbs.teeng-9363,https://openalex.org/W7203573652,F03;F04,2,5,10,Traffic Prediction and Management Techniques,Building and Construction,closed
20,18,A_CORE,2026-04-27,Multi-Scale Spatiotemporal-Enhanced Network for Multimodal Traffic Flow Joint Prediction,IEEE Transactions on Intelligent Transportation Systems,10.1109/tits.2026.3685287,https://openalex.org/W7156206424,D04;F04,2,5,9,Traffic Prediction and Management Techniques,Building and Construction,closed
21,18,A_CORE,2026-01-24,Regional Bus Travel Time Prediction Using Graph Neural Networks,Journal of Transportation Engineering Part A: Systems,10.1061/jtepbs.teeng-9006,https://openalex.org/W7125595678,F05;M01,2,5,9,Traffic Prediction and Management Techniques,Building and Construction,closed
22,18,A_CORE,2025-12-13,MSDA-DiffNet: traffic flow prediction via multi-scale feature fusion and dual adaptive graph convolution with conditional diffusion,Transportmetrica B: Transport Dynamics,10.1080/21680566.2025.2586719,https://openalex.org/W4417298907,C04;F04,2,5,7,Traffic Prediction and Management Techniques,Building and Construction,closed
23,18,A_CORE,2026-06-08,Adap-STWT: Real-Time Traffic Flow Prediction Based on Multi-Scale Graph Adaptive Fusion and Spatio-Temporal Wavelet Transformer,IEEE Transactions on Intelligent Transportation Systems,10.1109/tits.2026.3698123,https://openalex.org/W7163882427,F04,1,5,5,Traffic Prediction and Management Techniques,Building and Construction,closed
24,18,A_CORE,2026-03-11,Deep structured Gaussian modeling for Real-Time probabilistic bus travel time prediction,Transportation Research Part C: Emerging Technologies,10.1016/j.trc.2026.105617,https://openalex.org/W7135025839,F05,1,5,5,Traffic Prediction and Management Techniques,Building and Construction,hybrid
25,18,A_CORE,2026-01-01,XGBoost–LSTM Regional Traffic Congestion Ratio Prediction Integrating Spatio‐Temporal and Weather Features,IET Intelligent Transport Systems,10.1049/itr2.70145,https://openalex.org/W7119607974,C02;D03,2,4,6,Traffic Prediction and Management Techniques,Building and Construction,gold
26,18,A_CORE,2026-05-06,Schedule adherence oriented traffic signal control for large-scale scheduled vehicle operations: A multi-agent reinforcement learning approach,Transportation Research Part C: Emerging Technologies,10.1016/j.trc.2026.105720,https://openalex.org/W7160423274,C01;C02;R01,3,3,7,Traffic control and management,Control and Systems Engineering,hybrid
27,17,A_CORE,2026-06-17,Physics-constrained multi-parameter lane-level traffic prediction from surveillance videos,Transportmetrica A: Transport Science,10.1080/23249935.2026.2689600,https://openalex.org/W7165053227,C02;F04,2,5,7,Traffic Prediction and Management Techniques,Building and Construction,closed
28,17,A_CORE,2026-05-25,Variational Autoencoder–Generative Adversarial Network Traffic Prediction with Ramps,Journal of Transportation Engineering Part A: Systems,10.1061/jtepbs.teeng-9452,https://openalex.org/W7162306276,F04;F09,2,5,10,Traffic Prediction and Management Techniques,Building and Construction,hybrid
29,17,A_CORE,2026-04-30,Spatio-temporal few-shot traffic flow prediction based on transfer learning and graph convolutional neural networks,Alexandria Engineering Journal,10.1016/j.aej.2026.04.045,https://openalex.org/W7160385229,F04;M03,2,5,9,Traffic Prediction and Management Techniques,Building and Construction,gold
30,17,A_CORE,2026-01-01,Acceleration-Enriched Input Preprocessing for Traffic Speed Forecasting: A Dual-Channel Framework,IEEE Transactions on Intelligent Transportation Systems,10.1109/tits.2026.3708746,https://openalex.org/W7167687223,F01;M02,2,5,9,Traffic Prediction and Management Techniques,Building and Construction,closed
31,17,A_CORE,2025-11-19,A Spatiotemporal Graph Attention-Based Traffic Speed Prediction Method With Bayesian Optimization and Evolutionary Algorithm Mutual Feedback Optimization,IEEE Transactions on Intelligent Transportation Systems,10.1109/tits.2025.3632402,https://openalex.org/W7105991323,C02;F02,2,5,7,Traffic Prediction and Management Techniques,Building and Construction,closed
32,17,A_CORE,2025-10-09,Dynamic Spatio-Temporal Attention-Based Graph Neural Network Using Ordinary Differential Equation and Multi-Scale Semantics for Traffic Prediction,IEEE Transactions on Intelligent Transportation Systems,10.1109/tits.2025.3612204,https://openalex.org/W4415003053,F04;M01,2,5,9,Traffic Prediction and Management Techniques,Building and Construction,closed
33,17,A_CORE,2025-10-07,Landformer: years ahead long-term traffic forecasting with land use information,Transportmetrica A: Transport Science,10.1080/23249935.2025.2565379,https://openalex.org/W4414923831,F12;M02,2,5,9,Traffic Prediction and Management Techniques,Building and Construction,hybrid
34,17,A_CORE,2026-01-01,Multi‐Step Ahead Traffic State Prediction Using a Stochastic Residual Long Short‐Term Memory and Temporal Dilated Attention Mechanism,IET Intelligent Transport Systems,10.1049/itr2.70243,https://openalex.org/W7204001747,F07,1,5,5,Traffic Prediction and Management Techniques,Building and Construction,gold
35,17,A_CORE,2025-11-07,A Physics-Informed Deep learning framework for traffic state estimation in signalized arterial roads,Transportation Research Part C: Emerging Technologies,10.1016/j.trc.2025.105420,https://openalex.org/W4416015782,C02;C04;D02,3,4,8,Traffic Prediction and Management Techniques,Building and Construction,hybrid
36,17,A_CORE,2026-06-17,Q-Net: Queue length estimation via Kalman-based neural networks,Transportation Research Part C: Emerging Technologies,10.1016/j.trc.2026.105809,https://openalex.org/W4415337201,C04;D01,2,4,6,Network Traffic and Congestion Control,Computer Networks and Communications,hybrid
37,17,A_CORE,2026-05-12,Empirical distribution of probe vehicle penetration rates and implications for traffic state estimation,Transportation Research Part C: Emerging Technologies,10.1016/j.trc.2026.105729,https://openalex.org/W7160927867,C04;D02,2,4,6,Traffic control and management,Control and Systems Engineering,hybrid
38,17,A_CORE,2025-11-26,Multi-Source Transfer Learning With Spatial-Temporal Graph Neural Network for Short-Term Bicycle Traffic Prediction,IEEE Transactions on Intelligent Transportation Systems,10.1109/tits.2025.3633930,https://openalex.org/W4416707163,M03,1,4,4,Traffic Prediction and Management Techniques,Building and Construction,closed
39,16,A_CORE,2026-06-15,DSTIGFN: Dynamic Spatio-Temporal Interactive Graph Fusion Network for Traffic Flow Prediction,IEEE Transactions on Intelligent Transportation Systems,10.1109/tits.2026.3696998,https://openalex.org/W7164863513,F04,1,5,5,Traffic Prediction and Management Techniques,Building and Construction,closed
40,16,A_CORE,2026-04-13,Adaptive graph-Aware contrasting for heterogeneous traffic flow forecasting,Transportation Research Part C: Emerging Technologies,10.1016/j.trc.2026.105685,https://openalex.org/W7154099775,F03,1,5,5,Traffic Prediction and Management Techniques,Building and Construction,hybrid
41,16,A_CORE,2026-03-25,Spatiotemporal Traffic Speed Forecasting via Conditional Flow-Based Generative Deep Learning With Dynamic Graph Pooling,IEEE Transactions on Emerging Topics in Computational Intelligence,10.1109/tetci.2026.3670662,https://openalex.org/W7140318468,F01,1,5,5,Traffic Prediction and Management Techniques,Building and Construction,closed
42,16,A_CORE,2026-01-01,Fusion State Space Model with Mixed Graph Learner for Long‐Term Traffic Flow Prediction,IET Intelligent Transport Systems,10.1049/itr2.70315,https://openalex.org/W7204632880,F04,1,5,5,Traffic Prediction and Management Techniques,Building and Construction,gold
43,16,A_CORE,2025-10-29,Spatio-temporal dynamic masking and direction-aware dynamic graph convolution for traffic prediction,Transportmetrica A: Transport Science,10.1080/23249935.2025.2578229,https://openalex.org/W4415664384,F03,1,5,5,Traffic Prediction and Management Techniques,Building and Construction,closed
44,16,A_CORE,2026-01-08,Multi-reservoir traffic dynamics: Outflow network MFD and state estimation with sparse traffic data,Transportation Research Part C: Emerging Technologies,10.1016/j.trc.2025.105504,https://openalex.org/W7118234103,C04;D01;D02,3,4,10,Traffic control and management,Control and Systems Engineering,hybrid
45,16,A_CORE,2025-10-27,R 2 Com: Reliable and Resilient Communication in Duty-Cycled SDN-Based WSN for Urban Traffic Monitoring in Intelligent Transportation Systems,IEEE Transactions on Intelligent Transportation Systems,10.1109/tits.2025.3611518,https://openalex.org/W4415593698,C02;D07;R01,3,4,9,Energy Efficient Wireless Sensor Networks,Computer Networks and Communications,closed
46,16,A_CORE,2026-07-08,Hopf Bifurcation Control Based on a Stochastic Traffic Flow Model,Journal of Transportation Engineering Part A: Systems,10.1061/jtepbs.teeng-9906,https://openalex.org/W7167693596,C02;D06,2,4,6,Traffic control and management,Control and Systems Engineering,closed
47,16,A_CORE,2025-12-25,A Dynamic Unmanned Aerial Vehicle Routing Framework for Urban Traffic Monitoring,IEEE Transactions on Intelligent Transportation Systems,10.1109/tits.2025.3646969,https://openalex.org/W7117255856,D02,1,4,4,UAV Applications and Optimization,Aerospace Engineering,closed
48,16,A_CORE,2026-08-24,Uncertainty quantification for traffic state estimation at signalized intersections with low penetration vehicle trajectory data,Transportation Research Part C: Emerging Technologies,10.1016/j.trc.2026.105961,https://openalex.org/W7204139924,C04;R01,2,3,5,Traffic control and management,Control and Systems Engineering,hybrid
49,16,A_CORE,2026-09-30,Generative modeling and reinforcement learning for road network resilience optimization under rainfall-induced landslides,Reliability Engineering & System Safety,10.1016/j.ress.2026.113578,https://openalex.org/W7214987351,R02,1,3,3,Landslides and related hazards,"Management, Monitoring, Policy and Law",hybrid
50,16,A_CORE,2026-09-28,High-resolution spatiotemporal freeway traffic state estimation under sparse observations using METANET-EnKF data assimilation,Transportation Research Part C: Emerging Technologies,10.1016/j.trc.2026.106032,https://openalex.org/W7214605014,C04,1,2,2,Traffic control and management,Control and Systems Engineering,hybrid
51,15,A_CORE,2026-03-09,A spatio-temporal synchronous graph machine learning for prediction and optimization of regional traffic flow,Alexandria Engineering Journal,10.1016/j.aej.2026.03.007,https://openalex.org/W7134284724,F04;M01,2,5,9,Traffic Prediction and Management Techniques,Building and Construction,gold
52,15,A_CORE,2026-01-15,Probabilistic Forecasting of Long-Term Origin-Destination Demands: An Interpretable Bayesian Framework for Periodicity and Residual Learning,IEEE Transactions on Intelligent Transportation Systems,10.1109/tits.2026.3652367,https://openalex.org/W7124466725,F09;M06,2,5,9,Traffic Prediction and Management Techniques,Building and Construction,closed
53,15,A_CORE,2025-10-29,Road traffic attributes prediction using deep learning hybridization by the traffic fundamental diagram,Journal of Intelligent Transportation Systems,10.1080/15472450.2025.2577735,https://openalex.org/W4415665262,C02;F04,2,5,7,Traffic Prediction and Management Techniques,Building and Construction,hybrid
54,15,A_CORE,2026-01-01,A Novel Attention‐Weighted VMD‐LSSVM Model for High‐Accuracy Short‐Term Traffic Prediction,IET Intelligent Transport Systems,10.1049/itr2.70144,https://openalex.org/W7125714643,F04,1,5,5,Traffic Prediction and Management Techniques,Building and Construction,gold
55,15,A_CORE,2025-12-06,Game-theoretic incentives for federated learning in traffic prediction: Balancing resource allocation and prediction accuracy via Stackelberg contracts,Transportation Research Part C: Emerging Technologies,10.1016/j.trc.2025.105474,https://openalex.org/W7109074312,F04,1,5,5,Traffic Prediction and Management Techniques,Building and Construction,hybrid
56,15,A_CORE,2025-11-20,Effect of Time Intervals on Short-Term Traffic Flow Prediction Performance for an Adaptive Fuzzy Inference System Approach,Journal of Transportation Engineering Part A: Systems,10.1061/jtepbs.teeng-9049,https://openalex.org/W4416424644,F04,1,5,5,Traffic Prediction and Management Techniques,Building and Construction,closed
57,15,A_CORE,2026-01-29,Intelligent traffic management with Mamba-ATSP: Optimizing signal control and path planning using multi-modal data fusion,Alexandria Engineering Journal,10.1016/j.aej.2026.01.010,https://openalex.org/W7126044743,C01;D03,2,4,6,Traffic control and management,Control and Systems Engineering,gold
58,15,A_CORE,2026-06-21,Evaluating the Need for Traffic Signal Retiming Using Connected Vehicle Data,Journal of Transportation Engineering Part A: Systems,10.1061/jtepbs.teeng-8600,https://openalex.org/W4391054335,D06,1,4,4,Traffic Prediction and Management Techniques,Building and Construction,green
59,15,A_CORE,2026-04-24,Channel-Independence for Traffic Forecasting: A Cascaded Spatio-Temporal MLP Framework,IEEE Transactions on Intelligent Transportation Systems,10.1109/tits.2026.3682251,https://openalex.org/W7155526549,M01,1,4,4,Traffic Prediction and Management Techniques,Building and Construction,closed
60,15,A_CORE,2026-02-14,Short-term lagged interactions between freight and passenger volumes in urban traffic: inter- and intra-modal effects with explainable machine learning,Transportation Research Part A: Policy and Practice,10.1016/j.tra.2026.104927,https://openalex.org/W7128919652,D05,1,4,4,Urban and Freight Transport Logistics,Building and Construction,hybrid
61,15,A_CORE,2026-07-09,A stochastic queueing model for travel time reliability with spatial density heterogeneity,Transportation Research Part B: Methodological,10.1016/j.trb.2026.103544,https://openalex.org/W7167819727,R01,1,3,3,Advanced Queuing Theory Analysis,Management Information Systems,hybrid
62,15,A_CORE,2026-05-30,Effectiveness of Travel Time Reliability as a Measure of a Level of Service for Urban Roads,Journal of Transportation Engineering Part A: Systems,10.1061/jtepbs.teeng-9190,https://openalex.org/W7162866672,R01,1,3,3,Traffic and Road Safety,"Safety, Risk, Reliability and Quality",closed
63,14,A_CORE,2026-07-11,A Predictive–Prescriptive Analytics Framework forRoute Planning via Discrete Time–SpaceGraph and ST-GCN-GRU Model,Journal of Transportation Engineering Part A: Systems,10.1061/jtepbs.teeng-9529,https://openalex.org/W7168023741,F01,1,5,5,Traffic Prediction and Management Techniques,Building and Construction,closed
64,14,A_CORE,2026-01-08,APSO-enhanced algebraic derivative estimation approach for real-time traffic flow prediction on critical road sections during wildfire evacuation,Transportmetrica B: Transport Dynamics,10.1080/21680566.2025.2612243,https://openalex.org/W7119157842,F04,1,5,5,Evacuation and Crowd Dynamics,Ocean Engineering,closed
65,14,A_CORE,2026-01-01,Correlation Analysis‐SSARF Integration for Traffic Flow Prediction With Interpretability,IET Intelligent Transport Systems,10.1049/itr2.70327,https://openalex.org/W7212192347,F04,1,5,5,Traffic Prediction and Management Techniques,Building and Construction,gold
66,14,A_CORE,2026-07-08,Improving coordinated actuated control performance by measuring “early return to green” using probe vehicle data,Transportation Research Part C: Emerging Technologies,10.1016/j.trc.2026.105853,https://openalex.org/W7167724551,D02,1,4,4,Vehicle Dynamics and Control Systems,Automotive Engineering,hybrid
67,14,A_CORE,2026-01-14,UTDT: A Baseline Benchmark for Urban Traffic Flow Digital Twins via Roadside LiDAR–Camera Fusion,IEEE Transactions on Intelligent Transportation Systems,10.1109/tits.2026.3651290,https://openalex.org/W7124159940,D03,1,4,4,Traffic control and management,Control and Systems Engineering,closed
68,14,A_CORE,2025-12-29,Cross-City Correlation Learning for Traffic Forecasting,IEEE Transactions on Intelligent Transportation Systems,10.1109/tits.2025.3647158,https://openalex.org/W7117470147,M04,1,4,4,Traffic Prediction and Management Techniques,Building and Construction,closed
69,14,A_CORE,2026-08-29,Congestion Propagation Identification and Prediction Using Self Attention–Based Diffusion Convolutional Approach,Journal of Transportation Engineering Part A: Systems,10.1061/jtepbs.teeng-9253,https://openalex.org/W4405654787,C02,1,2,2,Traffic Prediction and Management Techniques,Building and Construction,green
70,14,A_CORE,2026-08-23,Integrated movement-level traffic arrival prediction and signal control optimization using AVI data,Transportmetrica B: Transport Dynamics,10.1080/21680566.2026.2717537,https://openalex.org/W7204144092,C01,1,2,2,Traffic Prediction and Management Techniques,Building and Construction,closed
71,14,A_CORE,2026-03-23,Leveraging Functional Encryption and Deep Learning for Privacy-Preserving Traffic Forecasting,IEEE Transactions on Intelligent Transportation Systems,10.1109/tits.2026.3673039,https://openalex.org/W7140098097,C02,1,2,2,Privacy-Preserving Technologies in Data,Artificial Intelligence,closed
72,14,A_CORE,2025-11-12,Dynamic Spatiotemporal Graph Convolutional Neural Network Based on Congestion Propagation for Traffic Prediction,IEEE Transactions on Intelligent Transportation Systems,10.1109/tits.2025.3628554,https://openalex.org/W4416222440,C02,1,2,2,Traffic Prediction and Management Techniques,Building and Construction,closed
73,14,A_CORE,2025-11-10,Contrastive Learning-Based Deep Embedded Clustering and the TCN-DMAttention Model for Traffic Congestion Prediction,IEEE Transactions on Intelligent Transportation Systems,10.1109/tits.2025.3626524,https://openalex.org/W7104535704,C02,1,2,2,Traffic Prediction and Management Techniques,Building and Construction,closed
74,13,A_CORE,2025-11-12,Connected Vehicle Data for Freeway Congestion Analysis: Necessity versus Luxury for Transportation Engineers,Journal of Transportation Engineering Part A: Systems,10.1061/jtepbs.teeng-9297,https://openalex.org/W4416127803,C02;D02;D06,3,4,10,Traffic Prediction and Management Techniques,Building and Construction,closed
75,13,A_CORE,2025-11-07,Optimization of Urban Emergency Multimodal Transportation Scheduling With UAV-Ground Traffic Coordination,IEEE Transactions on Intelligent Transportation Systems,10.1109/tits.2025.3626994,https://openalex.org/W4416010486,D04;R01,2,4,7,UAV Applications and Optimization,Aerospace Engineering,closed
76,13,A_CORE,2026-08-03,MulDet3D: Multiobjective Optimization-Based Unsupervised Object Detection for Multiple Roadside LiDARs,Journal of Transportation Engineering Part A: Systems,10.1061/jtepbs.teeng-9741,https://openalex.org/W7172254598,D07,1,4,4,Advanced Neural Network Applications,Computer Vision and Pattern Recognition,closed
77,13,A_CORE,2026-04-30,Spatial analysis of the hinterlands of container terminals,Journal of Transport Geography,10.1016/j.jtrangeo.2026.104692,https://openalex.org/W7160135731,D01,1,4,4,Maritime Ports and Logistics,Industrial and Manufacturing Engineering,hybrid
78,13,A_CORE,2026-09-09,A decision-oriented risk prioritization framework for traffic crash management using explainable machine learning and economic impact analysis,Transportmetrica B: Transport Dynamics,10.1080/21680566.2026.2730187,https://openalex.org/W7212071498,R01,1,3,3,Traffic and Road Safety,"Safety, Risk, Reliability and Quality",closed
79,13,A_CORE,2026-01-16,Metamorphic Testing for Vision-Based Autonomous Driving With Road Traffic Risk Exposure Extrapolation,IEEE Transactions on Intelligent Transportation Systems,10.1109/tits.2025.3649971,https://openalex.org/W7124436445,R01,1,3,3,Autonomous Vehicle Technology and Safety,Automotive Engineering,closed
80,13,A_CORE,2026-06-28,Novel Machine Learning Driven Framework for Dynamic Perspective Correction in Vision-Based Traffic Speed Estimation,Journal of Transportation Engineering Part A: Systems,10.1061/jtepbs.teeng-9437,https://openalex.org/W7166463861,C04,1,2,2,Traffic control and management,Control and Systems Engineering,closed
81,13,A_CORE,2025-11-03,TriDGNet: Triple Feature Encoder-Based Dual Granularity Graph Learning Network for Enhanced Travel Time Estimation,IEEE Transactions on Intelligent Transportation Systems,10.1109/tits.2025.3624395,https://openalex.org/W4415821150,C04,1,2,2,Traffic Prediction and Management Techniques,Building and Construction,closed
82,12,A_CORE,2026-01-01,TrafTrust‐Fed: Traffic‐Trust Federated Learning with Fuzzy Inference.,IET Intelligent Transport Systems,10.1049/itr2.70234,https://openalex.org/W7161548066,F11;R01,2,5,8,Traffic Prediction and Management Techniques,Building and Construction,gold
83,12,A_CORE,2026-08-10,A hybrid connected and autonomous vehicles trajectory optimization for on-ramp freeway merging in mixed vehicular traffic environment,Journal of Intelligent Transportation Systems,10.1080/15472450.2026.2707513,https://openalex.org/W7202093198,D06;R01,2,4,7,Traffic control and management,Control and Systems Engineering,closed
84,12,A_CORE,2025-10-09,Leveraging Spatial–Temporal Heterogeneity and Cross-Mode Interactions: A Meta-Learning Approach for Multimodal Transportation Demand Prediction,IEEE Transactions on Intelligent Transportation Systems,10.1109/tits.2025.3614270,https://openalex.org/W4415003016,D04;M05A,2,4,8,Traffic Prediction and Management Techniques,Building and Construction,closed
85,12,A_CORE,2026-08-28,A new class of speed harmonization strategy with adaptive boundaries: a model predictive control approach in a mixed traffic environment,Journal of Intelligent Transportation Systems,10.1080/15472450.2026.2669869,https://openalex.org/W7204605781,D06,1,4,4,Traffic control and management,Control and Systems Engineering,closed
86,12,A_CORE,2026-07-07,Leveraging connected vehicle data for roadway safety evaluation and management: segment- and intersection-level driving volatility analysis,Journal of Intelligent Transportation Systems,10.1080/15472450.2026.2694716,https://openalex.org/W7167601340,D06,1,4,4,Traffic and Road Safety,"Safety, Risk, Reliability and Quality",closed
87,12,A_CORE,2026-04-20,Event-aware analysis of cross-city visitor flows using large language models and social media data,Transportation Research Part A: Policy and Practice,10.1016/j.tra.2026.105023,https://openalex.org/W4416011496,M05A,1,4,4,Digital Marketing and Social Media,Sociology and Political Science,hybrid
88,12,A_CORE,2026-01-23,Movement-Wise Delay Distribution Estimation at Signalized Intersections Using Mixture Density Networks and Connected Vehicle Trajectories,Journal of Transportation Engineering Part A: Systems,10.1061/jtepbs.teeng-9465,https://openalex.org/W7125515360,D06,1,4,4,Traffic Prediction and Management Techniques,Building and Construction,closed
89,12,A_CORE,2026-01-01,The Relevance of Heterogeneous Floating Car Data for Macroscopic Fundamental Diagram Analysis,IET Intelligent Transport Systems,10.1049/itr2.70171,https://openalex.org/W7140211665,D01,1,4,4,Traffic Prediction and Management Techniques,Building and Construction,gold
90,12,A_CORE,2025-12-17,Novel weather severity classifications based on speed reductions utilizing machine learning techniques,Transportmetrica A: Transport Science,10.1080/23249935.2025.2602013,https://openalex.org/W4417424303,D02,1,4,4,Hydrological Forecasting Using AI,Environmental Engineering,closed
91,12,A_CORE,2025-10-31,STMO: A spatio-temporal multimodal optimization algorithm for optimizing electric vehicle charging scheduling and station layout,Alexandria Engineering Journal,10.1016/j.aej.2025.10.032,https://openalex.org/W4415743147,D04,1,4,4,Electric Vehicles and Infrastructure,Electrical and Electronic Engineering,gold
92,12,A_CORE,2026-01-01,Traffic Flow Phase Transition at Bottleneck Sections Based on Driving Feedback Delay and Connected Density Difference Feedback Under Cyber-Attack Conditions,IEEE Transactions on Intelligent Transportation Systems,10.1109/tits.2026.3674034,https://openalex.org/W7154607916,R01,1,3,3,Traffic control and management,Control and Systems Engineering,closed
93,12,A_CORE,2026-09-27,GNN-Based Urban Congestion Prediction Considering Congestion Prior Knowledge,Journal of Transportation Engineering Part A: Systems,10.1061/jtepbs.teeng-9747,https://openalex.org/W7214553724,C02,1,2,2,Traffic Prediction and Management Techniques,Building and Construction,closed
94,12,A_CORE,2026-09-25,Data-driven traffic signal optimisation with random forest and ESO-based model-free adaptive iterative learning control,Transportmetrica B: Transport Dynamics,10.1080/21680566.2026.2737224,https://openalex.org/W7214335883,C01,1,2,2,Traffic control and management,Control and Systems Engineering,closed
95,12,A_CORE,2026-07-19,Multi-objective traffic signal control considering pedestrian crossings via constraints-decoupled reinforcement learning,Transportmetrica B: Transport Dynamics,10.1080/21680566.2026.2693296,https://openalex.org/W7169782949,C01,1,2,2,Traffic control and management,Control and Systems Engineering,closed
96,12,A_CORE,2026-07-02,Spatial–Temporal Interaction–Aware Multiagent Reinforcement Learning for Traffic Signal Control,Journal of Transportation Engineering Part A: Systems,10.1061/jtepbs.teeng-9516,https://openalex.org/W7167028837,C01,1,2,2,Traffic control and management,Control and Systems Engineering,closed
97,12,A_CORE,2026-04-06,Traffic Signal-Vehicle Cooperative Control via Multimodal Heterogeneous Subgraph Learning,IEEE Transactions on Intelligent Transportation Systems,10.1109/tits.2026.3664174,https://openalex.org/W7150840806,C01,1,2,2,Traffic control and management,Control and Systems Engineering,closed
98,12,A_CORE,2026-03-19,Knowledge reasoning deep learning network for traffic state estimation under sparse data,Transportmetrica B: Transport Dynamics,10.1080/21680566.2026.2645186,https://openalex.org/W7139118635,C04,1,2,2,Traffic Prediction and Management Techniques,Building and Construction,closed
99,12,A_CORE,2025-12-11,Physics-informed deep operator network for traffic state estimation,Transportmetrica B: Transport Dynamics,10.1080/21680566.2025.2595549,https://openalex.org/W4417244268,C04,1,2,2,Software-Defined Networks and 5G,Computer Networks and Communications,closed
100,12,A_CORE,2025-11-10,A Multi-Objective Model for Traffic Signal Coordination Control With Queue Profile Estimation,IEEE Transactions on Intelligent Transportation Systems,10.1109/tits.2025.3616119,https://openalex.org/W7104570610,C01,1,2,2,Traffic control and management,Control and Systems Engineering,closed
101,12,A_CORE,2025-11-07,Knowledge-data fusion oriented traffic state estimation: A stochastic physics-informed deep learning approach,Transportation Research Part C: Emerging Technologies,10.1016/j.trc.2025.105422,https://openalex.org/W4416015775,C04,1,2,2,Traffic Prediction and Management Techniques,Building and Construction,hybrid
102,12,A_CORE,2025-10-14,Network-Wide Freeway Traffic Estimation Using Sparse Sensor Data: A Dirichlet Graph Auto-Encoder Approach,IEEE Transactions on Intelligent Transportation Systems,10.1109/tits.2025.3610911,https://openalex.org/W4415179034,C04,1,2,2,Traffic Prediction and Management Techniques,Building and Construction,green
103,11,A_CORE,2026-02-27,Robust Tensor Completion via Gradient Tensor Nuclear ℓ 1 - ℓ 2 Norm for Traffic Data Recovery,IEEE Transactions on Intelligent Transportation Systems,10.1109/tits.2026.3659755,https://openalex.org/W7131863019,D07;R01,2,4,7,Tensor decomposition and applications,Computational Mathematics,closed
104,11,A_CORE,2025-11-25,M2NN: Multi-view multi-task graph neural network using congestion heatmap imagery for predicting traffic incidents across heterogeneous areas,Transportation Research Part C: Emerging Technologies,10.1016/j.trc.2025.105458,https://openalex.org/W7106537463,C02;M01,2,4,6,Traffic Prediction and Management Techniques,Building and Construction,hybrid
105,11,A_CORE,2026-06-10,Physics enhanced residual policy learning (PERPL) for safety cruising in mixed traffic platooning under actuator and communication delay,Transportation Research Part C: Emerging Technologies,10.1016/j.trc.2026.105792,https://openalex.org/W4403786386,D06,1,4,4,Traffic control and management,Control and Systems Engineering,hybrid
106,11,A_CORE,2026-05-07,Learning to learn the macroscopic fundamental diagram using physics-informed and model agnostic machine learning,Transportation Research Part C: Emerging Technologies,10.1016/j.trc.2026.105707,https://openalex.org/W4415238636,M03,1,4,4,Machine Learning and Data Classification,Artificial Intelligence,hybrid
107,11,A_CORE,2026-03-30,Leveraging Multisource Data for a Comprehensive Investigation of Split Failure Occurrences,Journal of Transportation Engineering Part A: Systems,10.1061/jtepbs.teeng-9217,https://openalex.org/W7143356360,D02,1,4,4,Traffic control and management,Control and Systems Engineering,closed
108,11,A_CORE,2026-01-01,An Enhanced Multilayer Machine Learning Framework With Spatio‐Temporal Learning and Explainable AI for IoT‐Enabled Smart Parking Prediction and Behaviour Analysis,IET Intelligent Transport Systems,10.1049/itr2.70328,https://openalex.org/W7211932091,M05A,1,4,4,Smart Parking Systems Research,Building and Construction,gold
109,11,A_CORE,2026-01-01,Fusion of Connected Vehicle Data From Multiple Suppliers Estimating Tire‐Road Friction,IET Intelligent Transport Systems,10.1049/itr2.70203,https://openalex.org/W7147403035,D06,1,4,4,Vehicle Dynamics and Control Systems,Automotive Engineering,gold
110,11,A_CORE,2025-11-18,Path flow reconstruction under sparse automatic vehicle identification coverage and limited probe vehicle penetration,Transportmetrica B: Transport Dynamics,10.1080/21680566.2025.2582570,https://openalex.org/W4416306420,D02,1,4,4,Traffic control and management,Control and Systems Engineering,closed
111,11,A_CORE,2025-11-24,Generative Adversarial Pre-Training Enabled Spatial–Temporal Graph Modeling of Traffic Data,IEEE Transactions on Intelligent Transportation Systems,10.1109/tits.2025.3633688,https://openalex.org/W4416582761,R01,1,3,3,Traffic Prediction and Management Techniques,Building and Construction,closed
112,11,A_CORE,2026-08-04,Research on Road Traffic State Reconstruction Using License Plate Recognition Data,Journal of Transportation Engineering Part A: Systems,10.1061/jtepbs.teeng-9800,https://openalex.org/W7172415175,C04,1,2,2,Traffic Prediction and Management Techniques,Building and Construction,closed
113,11,A_CORE,2026-07-16,A multi-agent deep reinforcement learning framework for coordinated urban traffic signal and parking lot exit control,Transportation Research Part C: Emerging Technologies,10.1016/j.trc.2026.105856,https://openalex.org/W7169047450,C01,1,2,2,Smart Parking Systems Research,Building and Construction,hybrid
114,11,A_CORE,2025-12-22,Physics-Informed Deep Learning for Traffic State Estimation on Freeways: A Comprehensive Comparative Study,IEEE Transactions on Intelligent Transportation Systems,10.1109/tits.2025.3642303,https://openalex.org/W7116719794,C04,1,2,2,Traffic Prediction and Management Techniques,Building and Construction,closed
115,11,A_CORE,2025-11-13,ETLight: An Evolution Transformer for Efficient Traffic Signal Control,IEEE Transactions on Intelligent Transportation Systems,10.1109/tits.2025.3629415,https://openalex.org/W4416177831,C01,1,2,2,Traffic control and management,Control and Systems Engineering,closed
116,11,A_CORE,2025-11-03,Using deep learning methods to optimize freeway traffic flow sensor spacing based on empirical data,Journal of Intelligent Transportation Systems,10.1080/15472450.2025.2578670,https://openalex.org/W4415789061,C04,1,2,2,Traffic Prediction and Management Techniques,Building and Construction,closed
117,11,A_CORE,2025-10-27,A multi-agent reinforcement learning framework for integrated traffic signal control and dynamic bus lane access management,Transportation Research Part C: Emerging Technologies,10.1016/j.trc.2025.105391,https://openalex.org/W4415596622,C01,1,2,2,Traffic control and management,Control and Systems Engineering,hybrid
118,11,A_CORE,2025-10-16,A physics-informed traffic state estimation model for freeways under sparse observation data,Transportmetrica B: Transport Dynamics,10.1080/21680566.2025.2564701,https://openalex.org/W4415260565,C04,1,2,2,Traffic Prediction and Management Techniques,Building and Construction,closed
119,10,A_CORE,2026-05-27,Sketching the Dynamics of Traffic: Data-Efficient Predictive Connected Cruise Control,IEEE Transactions on Intelligent Transportation Systems,10.1109/tits.2026.3694599,https://openalex.org/W7162500971,D06,1,4,4,Traffic control and management,Control and Systems Engineering,closed
120,10,A_CORE,2026-05-15,Decentralized signal predictive control with real-time detection-based vehicle trajectory data,Journal of Intelligent Transportation Systems,10.1080/15472450.2026.2669483,https://openalex.org/W7161306767,D02,1,4,4,Advanced Control Systems Optimization,Control and Systems Engineering,closed
121,10,A_CORE,2026-04-27,An Energy-Efficient Lyapunov-Based Cooperative Adaptive Cruise Controller for Electric Vehicles,IEEE Transactions on Intelligent Transportation Systems,10.1109/tits.2026.3682623,https://openalex.org/W7154363428,D06,1,4,4,Traffic control and management,Control and Systems Engineering,green
122,10,A_CORE,2026-04-07,Leveraging connected vehicle data for near-crash detection and analysis in urban environments,Journal of Transport Geography,10.1016/j.jtrangeo.2026.104645,https://openalex.org/W4403707307,D06,1,4,4,Vehicular Ad Hoc Networks (VANETs),Electrical and Electronic Engineering,hybrid
123,10,A_CORE,2026-01-05,Vehicle detection and classification from mobile LIDAR sensors,Journal of Intelligent Transportation Systems,10.1080/15472450.2025.2603541,https://openalex.org/W7118189522,D02,1,4,4,Advanced Optical Sensing Technologies,Instrumentation,hybrid
124,10,A_CORE,2025-11-28,Before–after study of pavement roughness impact on vehicle fuel consumption and emissions,Transportation Research Part D: Transport and Environment,10.1016/j.trd.2025.105131,https://openalex.org/W4416759941,D06,1,4,4,Vehicle emissions and performance,Automotive Engineering,hybrid
125,10,A_CORE,2025-10-23,Multi-Scale Reinforcement Learning of Dynamic Energy Controller for Connected Electrified Vehicles,IEEE Transactions on Intelligent Transportation Systems,10.1109/tits.2025.3622917,https://openalex.org/W4415482405,D06,1,4,4,Electric Vehicles and Infrastructure,Electrical and Electronic Engineering,closed
126,10,A_CORE,2026-05-01,Traffic flow signal control and optimization based on multi-agent deep reinforcement learning,Alexandria Engineering Journal,10.1016/j.aej.2026.04.025,https://openalex.org/W7160334418,C01,1,2,2,Traffic control and management,Control and Systems Engineering,gold
127,10,A_CORE,2026-02-11,A machine-learning approach for traffic state classification tackling spatial heterogeneity,Transportmetrica B: Transport Dynamics,10.1080/21680566.2026.2628695,https://openalex.org/W7128595276,C02,1,2,2,Internet Traffic Analysis and Secure E-voting,Artificial Intelligence,closed
128,10,A_CORE,2026-01-14,An End-to-End Traffic Signal Control Approach Driven by Fixed-Location Detector Occupancy Patterns Under Demand Uncertainty,IEEE Transactions on Intelligent Transportation Systems,10.1109/tits.2026.3651721,https://openalex.org/W7124168330,C01,1,2,2,Traffic control and management,Control and Systems Engineering,closed
129,9,A_CORE,2026-02-19,A Cognitive-Informed Car-Following Strategy for Intelligent Connected Vehicles Considering Driver Physiological Activation,IEEE Transactions on Intelligent Transportation Systems,10.1109/tits.2026.3662740,https://openalex.org/W7130614428,D06,1,4,4,Traffic control and management,Control and Systems Engineering,closed
130,9,A_CORE,2026-02-12,Scalable Cooperative Maneuvering Using Conflict Analysis: Merging in Mixed Traffic,IEEE Transactions on Intelligent Transportation Systems,10.1109/tits.2026.3661951,https://openalex.org/W7128680676,D06,1,4,4,Traffic control and management,Control and Systems Engineering,closed
131,9,A_CORE,2026-01-05,Enhancing Trust Management System for Connected Autonomous Vehicles Using Machine Learning Methods: A Survey,IEEE Transactions on Intelligent Transportation Systems,10.1109/tits.2025.3647284,https://openalex.org/W7118165755,D06,1,4,4,Vehicular Ad Hoc Networks (VANETs),Electrical and Electronic Engineering,closed
132,9,A_CORE,2026-01-01,Eco‐Driving and Energy Management for Connected Hybrid Hub Motor Electric Vehicles: A Hierarchical Approach in Multi‐Signalised Traffic Intersections,IET Intelligent Transport Systems,10.1049/itr2.70196,https://openalex.org/W7151527370,D06,1,4,4,Electric and Hybrid Vehicle Technologies,Automotive Engineering,gold
133,9,A_CORE,2026-01-01,Integrated‐Hybrid Framework for Connected Vehicles Micro‐ and Macroscopic Highway Merging Control Using Combined Data‐and‐Model‐Driven Approaches,IET Intelligent Transport Systems,10.1049/itr2.70149,https://openalex.org/W7125095021,D06,1,4,4,Traffic control and management,Control and Systems Engineering,gold
134,9,A_CORE,2026-01-01,Safe and Stable Connected Cruise Control for Connected Automated Vehicles With Response Lag,IEEE Transactions on Intelligent Transportation Systems,10.1109/tits.2026.3727135,https://openalex.org/W4403621094,D06,1,4,4,Traffic control and management,Control and Systems Engineering,green
135,9,A_CORE,2025-10-28,"Android application-based automated prediction for green transportation mode detection: architecture, challenges and results",Journal of Intelligent Transportation Systems,10.1080/15472450.2025.2576935,https://openalex.org/W4415623121,M03,1,4,4,Traffic Prediction and Management Techniques,Building and Construction,green
136,9,A_CORE,2026-06-26,Network-wide spatiotemporal speed and flow estimation under recurrent and non-recurrent traffic conditions: A physics-informed computational graph framework,Transportation Research Part C: Emerging Technologies,10.1016/j.trc.2026.105832,https://openalex.org/W7166085999,C04,1,2,2,Traffic control and management,Control and Systems Engineering,hybrid
137,9,A_CORE,2026-03-13,OAlight: Overflow-Aware Adaptive Traffic Signal Control via State-Wise Reinforcement Learning,IEEE Transactions on Intelligent Transportation Systems,10.1109/tits.2026.3670387,https://openalex.org/W7135231512,C01,1,2,2,Software-Defined Networks and 5G,Computer Networks and Communications,closed
138,9,A_CORE,2026-03-12,A queue-battery model for electrified traffic flow considering endogenous congestion propagation,Transportation Research Part C: Emerging Technologies,10.1016/j.trc.2026.105620,https://openalex.org/W7135117643,C02,1,2,2,Advanced Queuing Theory Analysis,Management Information Systems,hybrid
139,9,A_CORE,2025-12-01,An optimization framework for multi-objective traffic signal control using intersection similarity and reinforcement learning,Alexandria Engineering Journal,10.1016/j.aej.2025.11.025,https://openalex.org/W4416909705,C01,1,2,2,Traffic control and management,Control and Systems Engineering,gold
140,9,A_CORE,2025-10-09,MetaSignal: Meta Reinforcement Learning for Traffic Signal Control via Fourier Basis Approximation,IEEE Transactions on Intelligent Transportation Systems,10.1109/tits.2025.3587473,https://openalex.org/W4415003009,C01,1,2,2,Traffic control and management,Control and Systems Engineering,closed
141,8,A_CORE,2026-06-19,Kriformer: a novel spatiotemporal kriging approach based on graph transformers,Transportmetrica A: Transport Science,10.1080/23249935.2026.2689597,https://openalex.org/W4401305588,C04,1,2,2,Data Management and Algorithms,Signal Processing,green
142,6,A_CORE,2026-05-25,Artificial intelligence in urban transportation systems: A systematic survey and taxonomy,Alexandria Engineering Journal,10.1016/j.aej.2026.05.021,https://openalex.org/W7162299405,C02,1,2,2,Traffic Prediction and Management Techniques,Building and Construction,gold
143,6,A_CORE,2025-11-26,Estimating traffic states and analysing the entropy-state relationships of electric two-wheeler flow,Transportmetrica B: Transport Dynamics,10.1080/21680566.2025.2578624,https://openalex.org/W4416743834,C04,1,2,2,Traffic control and management,Control and Systems Engineering,closed
144,5,A_CORE,2026-03-16,A Review of Stop-and-Go Traffic Wave Suppression Strategies: Variable Speed Limit Versus Jam-Absorption Driving,IEEE Transactions on Intelligent Transportation Systems,10.1109/tits.2026.3658644,https://openalex.org/W7136512126,C04,1,2,2,Traffic control and management,Control and Systems Engineering,closed
145,5,A_CORE,2026-03-16,Neighbor-Embedded Graph Neural Network-Based Crowd Delivery Traffic Management in Smart City,IEEE Transactions on Emerging Topics in Computational Intelligence,10.1109/tetci.2026.3670691,https://openalex.org/W7136521552,C02,1,2,2,Mobile Crowdsensing and Crowdsourcing,Computer Science Applications,green
146,5,A_CORE,2026-01-03,Joint optimization of flood water routing and congestion-aware evacuation scheduling,Transportation Research Part E: Logistics and Transportation Review,10.1016/j.tre.2025.104645,https://openalex.org/W7118085228,C02,1,2,2,Evacuation and Crowd Dynamics,Ocean Engineering,hybrid
147,5,A_CORE,2025-11-19,Arterial vehicle trajectory reconstruction by integrating driving behaviour pattern recognition,Transportmetrica B: Transport Dynamics,10.1080/21680566.2025.2575955,https://openalex.org/W7106002417,C04,1,2,2,Traffic control and management,Control and Systems Engineering,closed
148,5,A_CORE,2025-10-13,A Multi-Centralized Strategy for Trajectory-Based Active Traffic Management With Cooperative Automation,IEEE Transactions on Intelligent Transportation Systems,10.1109/tits.2025.3614981,https://openalex.org/W4415123992,C02,1,2,2,Traffic control and management,Control and Systems Engineering,closed
149,12,B_RELATED,2026-03-15,Stress-testing road network resilience using counterfactual flood events (1953–2024) in Great Britain,Transportation Research Part D: Transport and Environment,10.1016/j.trd.2026.105292,https://openalex.org/W7136053344,R02,1,3,3,Infrastructure Resilience and Vulnerability Analysis,Civil and Structural Engineering,hybrid
150,10,B_RELATED,2026-01-29,Novel Method for Camera Perspective Changes Detection Based on Semantic Understanding of Traffic Scenes,Journal of Transportation Engineering Part A: Systems,10.1061/jtepbs.teeng-9112,https://openalex.org/W7126105409,R01,1,3,3,Video Surveillance and Tracking Methods,Computer Vision and Pattern Recognition,closed
151,9,B_RELATED,2025-12-19,Efficient Haze Removal via Scene Depth Ordering for Robust Traffic Monitoring,IEEE Transactions on Intelligent Transportation Systems,10.1109/tits.2025.3642629,https://openalex.org/W4417508467,R01,1,3,3,Image Enhancement Techniques,Computer Vision and Pattern Recognition,closed
152,8,B_RELATED,2026-03-16,NextSim: Multi-Level Traffic Simulation for Urban Networks Using Dynamic Level Assignment,IEEE Transactions on Intelligent Transportation Systems,10.1109/tits.2026.3671220,https://openalex.org/W7137322684,R01,1,3,3,Traffic control and management,Control and Systems Engineering,closed
153,8,B_RELATED,2025-11-28,Impact of Transportation Network Development on Service Resilience: Insights from Beijing,Journal of Transportation Engineering Part A: Systems,10.1061/jtepbs.teeng-8850,https://openalex.org/W4416773465,R03,1,3,3,Infrastructure Resilience and Vulnerability Analysis,Civil and Structural Engineering,green
154,7,B_RELATED,2026-06-28,Machine learning classification of recurring and non-recurring congestion using threshold-based traffic sensor alerts,Journal of Intelligent Transportation Systems,10.1080/15472450.2026.2693996,https://openalex.org/W7166560690,C02,1,2,2,Traffic Prediction and Management Techniques,Building and Construction,closed
155,5,B_RELATED,2026-01-01,Proactive Congestion Detection in V2V Scenarios With an Integrated Multi‐Layer Information Fusion Approach,IET Intelligent Transport Systems,10.1049/itr2.70266,https://openalex.org/W7165744210,C02,1,2,2,Traffic Prediction and Management Techniques,Building and Construction,gold
156,10,C_MANAGEMENT,2026-06-13,Joint Lane Selection and Coordinated Signal Control for Mixed Traffic Arterials with CAV-Dedicated Lanes,Journal of Transportation Engineering Part A: Systems,10.1061/jtepbs.teeng-9752,https://openalex.org/W7164651074,C01,1,2,2,Traffic control and management,Control and Systems Engineering,closed
157,10,C_MANAGEMENT,2026-05-30,"Cross-regional cooperative multiple-timescale joint traffic control, signal control, and routing for maximum network throughput",Transportation Research Part B: Methodological,10.1016/j.trb.2026.103519,https://openalex.org/W7162870661,C01,1,2,2,Network Traffic and Congestion Control,Computer Networks and Communications,hybrid
158,10,C_MANAGEMENT,2026-05-28,Review and Taxonomy of Advanced Traffic Signal Control,Journal of Transportation Engineering Part A: Systems,10.1061/jtepbs.teeng-9398,https://openalex.org/W7162676408,C01,1,2,2,Traffic control and management,Control and Systems Engineering,closed
159,10,C_MANAGEMENT,2026-05-05,Distributed MPC-Based Coordination of Traffic Perimeter and Signal Control: A Lexicographic Optimization Approach,IEEE Transactions on Intelligent Transportation Systems,10.1109/tits.2026.3683849,https://openalex.org/W4414970979,C01,1,2,2,Neural Networks and Applications,Artificial Intelligence,green
160,10,C_MANAGEMENT,2026-04-24,Robust Adversarial Weighted Meta Reinforcement Learning for Generalizable Traffic Signal Control,IEEE Transactions on Intelligent Transportation Systems,10.1109/tits.2026.3683084,https://openalex.org/W7155502295,C01,1,2,2,Adversarial Robustness in Machine Learning,Artificial Intelligence,closed
161,10,C_MANAGEMENT,2026-01-01,Pre‐Trained DRL Selection and Fine‐Tuning for Traffic Signal Control,IET Intelligent Transport Systems,10.1049/itr2.70210,https://openalex.org/W7153140255,C01,1,2,2,Traffic control and management,Control and Systems Engineering,gold
162,9,C_MANAGEMENT,2026-03-16,Scalable Multi-Objective Optimization for Robust Traffic Signal Control in Uncertain Environments Based on Hierarchical Reinforcement Learning,IEEE Transactions on Intelligent Transportation Systems,10.1109/tits.2026.3670486,https://openalex.org/W7136202726,C01,1,2,2,Traffic control and management,Control and Systems Engineering,closed
163,9,C_MANAGEMENT,2026-01-01,Coordination in Traffic Signal Control: A Mechanism‐Oriented Survey of Multi‐Agent Learning Approaches,IET Intelligent Transport Systems,10.1049/itr2.70296,https://openalex.org/W7169596053,C01,1,2,2,Traffic control and management,Control and Systems Engineering,gold
164,9,C_MANAGEMENT,2026-01-01,Smart Traffic Signal Control in Urban Environments Leveraging SUMO and Curiosity‐Enhanced MAPPO,IET Intelligent Transport Systems,10.1049/itr2.70247,https://openalex.org/W7163026927,C01,1,2,2,Traffic control and management,Control and Systems Engineering,gold
165,6,C_MANAGEMENT,2026-04-25,Deep Reinforcement Learning for Hybrid Traffic Control: Coordinating AI and Fixed-Time Signal Controllers in Urban Networks,Journal of Transportation Engineering Part A: Systems,10.1061/jtepbs.teeng-9357,https://openalex.org/W7155603044,C01,1,2,2,Traffic control and management,Control and Systems Engineering,closed
166,6,C_MANAGEMENT,2026-01-01,Hybrid Frame-Enhanced LiDAR/GNSS/IMU Fusion for Accurate and Robust Mapping in Mixed Traffic Environments,IEEE Transactions on Intelligent Transportation Systems,10.1109/tits.2026.3680283,https://openalex.org/W7161580560,C04,1,2,2,Robotics and Sensor-Based Localization,Aerospace Engineering,closed
167,5,C_MANAGEMENT,2026-01-01,AID‐VLM: The Vision‐Language Model for Traffic Incident Understanding,IET Intelligent Transport Systems,10.1049/itr2.70271,https://openalex.org/W7167211688,C03,1,2,2,Traffic Prediction and Management Techniques,Building and Construction,gold
168,5,C_MANAGEMENT,2025-11-18,Event-Triggered Regulation of Mixed-Autonomy Traffic Under Varying Traffic Conditions,IEEE Transactions on Intelligent Transportation Systems,10.1109/tits.2025.3632297,https://openalex.org/W4416323594,C02,1,2,2,Traffic control and management,Control and Systems Engineering,closed
169,12,D_PERIPHERAL,2026-09-04,Border effects in European air passenger transport,Journal of Transport Geography,10.1016/j.jtrangeo.2026.104823,https://openalex.org/W7208757272,X02,1,5,5,Aviation Industry Analysis and Trends,"General Economics, Econometrics and Finance",hybrid
