metric,value,unit
Newly unreachable population minimum,2553.734966058284,people
Newly unreachable population median,4961.045478571206,people
Newly unreachable population maximum,5079.075270641595,people
Newly unreachable share minimum,0.1340009697189528,% of total population
Newly unreachable share maximum,0.2665119993215433,% of total population
Mukim Tebrau newly unreachable minimum,2275.630647916347,people
Mukim Tebrau newly unreachable maximum,4691.305013168603,people
Mukim Tebrau share of newly unreachable minimum,85.44078524985306,%
Mukim Tebrau share of newly unreachable maximum,94.40367456973814,%
