canonical_location,evidence_row_count,distinct_event_or_history_ids,distinct_years,independent_evidence_groups,distinct_source_ids,official_2025_policy_hotspot,official_policy_name,policy_match_method,explicit_road_impact_any,recurrence_class,event_ids,years,source_ids,year_set,observed_2022,observed_2023,observed_2025,core_year_overlap_n,core_overlap_class,high_consequence_evidence_flag,target_name,match_status,osm_name,osm_layer,candidate_count,fuzzy_score,longitude,latitude,accepted_coordinate,coordinate_source,coordinate_source_url,coordinate_status,coordinate_note,polygon_ready,polygon_status,d09_used,grid_id_500m,row_id_500m,col_id_500m,x_epsg3377,y_epsg3377,grid_id_valid
Kampung Kangkar Tebrau,4,3,3,4,4,True,Kg. Kangkar Tebrau,MANUAL_ALIAS,False,OFFICIAL_2025_POLICY_HOTSPOT,HIST-2015-RECURRENT;JB-FLD-20231206-01;JB-FLD-20250319-01,2015;2023;2025,SRC_2023_MDJ_MAIN;SRC_2025_MAYOR;SRC_2025_PPS;SRC_DUN2015,"{'2023', '2025', '2015'}",False,True,True,2,TWO_OF_THREE_YEARS,True,Kampung Kangkar Tebrau,EXACT_OSM,Kampung Kangkar Tebrau,multipolygons,1,100.0,103.75660417305872,1.531815,True,Existing D07C exact OSM/alias match,Local OSM-derived D07C audit,EXACT_OSM,,False,REFERENCE_POINT_RESOLVED_POLYGON_NOT_YET_DEFINED,False,JB0500_R0055_C0049,55.0,49.0,21763.59776924717,-56463.414012371024,True
Kampung Laut Skudai,3,3,3,3,3,True,Kg. Laut Skudai,MANUAL_ALIAS,False,OFFICIAL_2025_POLICY_HOTSPOT,HIST-2020-RECURRENT;JB-FLD-20250319-01;JPS-20220820-JB,2020;2022;2025,SRC_2022_JPS_ANNUAL;SRC_2025_PPS;SRC_DUN2020,"{'2022', '2025', '2020'}",True,False,True,2,TWO_OF_THREE_YEARS,True,Kampung Skudai Laut,FUZZY_REVIEW_90,Skudai,points,4,90.0,,,False,,,UNRESOLVED,,False,COORDINATE_REVIEW_REQUIRED,False,,,,,,
Kampung Maju Jaya,3,3,3,3,3,True,Kg. Maju Jaya,MANUAL_ALIAS,False,OFFICIAL_2025_POLICY_HOTSPOT,HIST-2015-RECURRENT;HIST-2017-RECURRENT;JPS-20220820-JB,2015;2017;2022,SRC_2022_JPS_ANNUAL;SRC_DUN2015;SRC_DUN2017,"{'2022', '2017', '2015'}",True,False,False,1,ONE_OF_THREE_YEARS,False,Kampung Maju Jaya,EXACT_OSM,Kampung Maju Jaya,points,1,100.0,103.7159181,1.5810921,True,Existing D07C exact OSM/alias match,Local OSM-derived D07C audit,EXACT_OSM,,False,REFERENCE_POINT_RESOLVED_POLYGON_NOT_YET_DEFINED,False,JB0500_R0065_C0040,65.0,40.0,17235.308720200337,-51015.176121567594,True
Kampung Pasir Tebrau,3,3,3,3,3,True,Kg. Pasir Tebrau,MANUAL_ALIAS,False,OFFICIAL_2025_POLICY_HOTSPOT,JB-FLD-20231206-01;JB-FLD-20250319-01;JPS-20220820-JB,2022;2023;2025,SRC_2022_JPS_ANNUAL;SRC_2023_PAULTAN;SRC_2025_PPS,"{'2022', '2023', '2025'}",True,True,True,3,THREE_OF_THREE_YEARS,True,Kampung Pasir Tebrau,FUZZY_REVIEW_90,Tebrau,points,1,90.0,103.74288131,1.54457461,True,MyGeoName/MyGeoportal Official Gazetteer,https://mygeoname.mygeoportal.gov.my/exportpdffasa3.jsp?kodnegeri=01,OFFICIAL_GAZETTEER_EXACT_NAME,Official Johor gazetteer entry: Kg. Pasir Tebrau.,False,REFERENCE_POINT_RESOLVED_POLYGON_NOT_YET_DEFINED,False,JB0500_R0057_C0046,57.0,46.0,20236.309739743716,-55052.72702592172,True
Kampung Paya Kenangan,3,3,3,3,3,True,Kg. Paya Kenangan,MANUAL_ALIAS,False,OFFICIAL_2025_POLICY_HOTSPOT,JB-FLD-20231206-01;JB-FLD-20250319-01;JPS-20220820-JB,2022;2023;2025,SRC_2022_JPS_ANNUAL;SRC_2023_PAULTAN;SRC_2025_PPS,"{'2022', '2023', '2025'}",True,True,True,3,THREE_OF_THREE_YEARS,True,Kampung Paya Kenangan,FUZZY_REVIEW_86,Paya Lebar,points,16,85.5,103.74961954,1.5403203,True,MyGeoName/MyGeoportal Official Gazetteer,https://mygeoname.mygeoportal.gov.my/exportpdffasa3.jsp?kodnegeri=01,OFFICIAL_GAZETTEER_EXACT_NAME,Official Johor gazetteer entry: Kg. Paya Kenangan.,False,REFERENCE_POINT_RESOLVED_POLYGON_NOT_YET_DEFINED,False,JB0500_R0056_C0047,56.0,47.0,20986.206439275244,-55523.042860066664,True
Jalan Ayer Molek,8,2,2,8,8,True,Jln. Ayer Molek,MANUAL_ALIAS,True,OFFICIAL_2025_POLICY_HOTSPOT,JB-FLD-20220802-01;JB-FLD-20231206-01,2022;2023,SRC_2022_BERNAMA;SRC_2022_MALAYMAIL;SRC_2022_MBJB;SRC_2023_FMT;SRC_2023_MDJ_MAIN;SRC_2023_MDJ_RESP;SRC_2023_MKINI;SRC_2023_UTUSAN,"{'2022', '2023'}",True,True,False,2,TWO_OF_THREE_YEARS,True,Jalan Ayer Molek,EXACT_OSM,Jalan Ayer Molek,lines,15,100.0,103.7587117,1.4594963,True,Existing D07C exact OSM/alias match,Local OSM-derived D07C audit,EXACT_OSM,,False,REFERENCE_POINT_RESOLVED_POLYGON_NOT_YET_DEFINED,False,JB0500_R0039_C0049,39.0,49.0,21999.328300774418,-64460.15450626749,True
Kampung Mohd Amin,5,2,2,5,5,True,Kg. Mohd Amin,MANUAL_ALIAS,False,OFFICIAL_2025_POLICY_HOTSPOT,JB-FLD-20220802-01;JB-FLD-20231206-01,2022;2023,SRC_2022_BERNAMA;SRC_2022_MALAYMAIL;SRC_2022_MBJB;SRC_2023_MDJ_MAIN;SRC_2023_MDJ_RESP,"{'2022', '2023'}",True,True,False,2,TWO_OF_THREE_YEARS,False,Kampung Mohd Amin,EXACT_OSM,Kampung Mohd Amin,points,2,100.0,103.7354126,1.4673637000000002,True,Existing D07C exact OSM/alias match,Local OSM-derived D07C audit,EXACT_OSM,,False,REFERENCE_POINT_RESOLVED_POLYGON_NOT_YET_DEFINED,False,JB0500_R0040_C0044,40.0,44.0,19406.40094860879,-63590.57199251156,True
Jalan Kolam Ayer,4,2,2,4,4,True,Jln. Kolam Air,MANUAL_ALIAS,True,OFFICIAL_2025_POLICY_HOTSPOT,JB-FLD-20220802-01;JB-FLD-20231206-01,2022;2023,SRC_2022_BERNAMA;SRC_2022_MBJB;SRC_2023_FMT;SRC_2023_MDJ_MAIN,"{'2022', '2023'}",True,True,False,2,TWO_OF_THREE_YEARS,True,Jalan Kolam Air,EXACT_ALIAS_OSM,Jalan Kolam Air,lines,3,100.0,103.7220526,1.4823854,True,Existing D07C exact OSM/alias match,Local OSM-derived D07C audit,EXACT_ALIAS_OSM,,False,REFERENCE_POINT_RESOLVED_POLYGON_NOT_YET_DEFINED,False,JB0500_R0044_C0041,44.0,41.0,17919.437540599167,-61929.725218070795,True
Kampung Melayu Pandan,1,1,1,1,1,True,Kg. Melayu Pandan,MANUAL_ALIAS,False,OFFICIAL_2025_POLICY_HOTSPOT,JB-FLD-20250319-01,2025,SRC_2025_MAYOR,{'2025'},False,False,True,1,ONE_OF_THREE_YEARS,False,Kampung Melayu Pandan,EXACT_OSM,Kampung Melayu Pandan,multipolygons,1,100.0,103.77385834642078,1.52264915,True,Existing D07C exact OSM/alias match,Local OSM-derived D07C audit,EXACT_OSM,,False,REFERENCE_POINT_RESOLVED_POLYGON_NOT_YET_DEFINED,False,JB0500_R0053_C0053,53.0,53.0,23683.804819360746,-57476.644873648846,True
Kampung Pasir,1,1,1,1,1,True,Kg. Pasir,NORMALIZED_EXACT,False,OFFICIAL_2025_POLICY_HOTSPOT,JB-FLD-20250319-01,2025,SRC_2025_MAYOR,{'2025'},False,False,True,1,ONE_OF_THREE_YEARS,False,Kampung Pasir,EXACT_OSM,Kampung Pasir,points,1,100.0,103.6969651,1.4955303000000002,True,Existing D07C exact OSM/alias match,Local OSM-derived D07C audit,EXACT_OSM,,False,REFERENCE_POINT_RESOLVED_POLYGON_NOT_YET_DEFINED,False,JB0500_R0047_C0036,47.0,36.0,15127.460899986398,-60476.56639280184,True
Kampung Plentong Baru,1,1,1,1,1,True,Kg. Plentong Baru,MANUAL_ALIAS,False,OFFICIAL_2025_POLICY_HOTSPOT,JPS-20220906-JB,2022,SRC_2022_JPS_ANNUAL,{'2022'},True,False,False,1,ONE_OF_THREE_YEARS,False,Kampung Plentong Baru,EXACT_OSM,Kampung Plentong Baru,points,2,100.0,103.8166885,1.5179158,True,Existing D07C exact OSM/alias match,Local OSM-derived D07C audit,EXACT_OSM,,False,REFERENCE_POINT_RESOLVED_POLYGON_NOT_YET_DEFINED,False,JB0500_R0052_C0062,52.0,62.0,28450.057593752375,-57999.235441062665,True
Kampung Sentosa Barat,1,1,1,1,1,True,Kg. Sentosa Barat,MANUAL_ALIAS,False,OFFICIAL_2025_POLICY_HOTSPOT,JPS-20220905-JB,2022,SRC_2022_JPS_ANNUAL,{'2022'},True,False,False,1,ONE_OF_THREE_YEARS,False,Kampung Sentosa Barat,FUZZY_REVIEW_90,Sentosa,lines,4,90.0,,,False,,,UNRESOLVED,,False,COORDINATE_REVIEW_REQUIRED,False,,,,,,
Kampung Sri Serdang,1,1,1,1,1,True,Kg. Sri Serdang,MANUAL_ALIAS,False,OFFICIAL_2025_POLICY_HOTSPOT,JB-FLD-20250319-01,2025,SRC_2025_MAYOR,{'2025'},False,False,True,1,ONE_OF_THREE_YEARS,False,Kampung Sri Serdang,EXACT_OSM,Kampung Sri Serdang,points,1,100.0,103.6919335,1.5017487,True,Existing D07C exact OSM/alias match,Local OSM-derived D07C audit,EXACT_OSM,,False,REFERENCE_POINT_RESOLVED_POLYGON_NOT_YET_DEFINED,False,JB0500_R0048_C0035,48.0,35.0,14567.45241381744,-59789.027231526525,True
Taman Tampoi Indah,1,1,1,1,1,True,Taman Lily Jasmine / Taman Tampoi Indah,MANUAL_ALIAS,False,OFFICIAL_2025_POLICY_HOTSPOT,JB-FLD-20250319-01,2025,SRC_2025_MAYOR,{'2025'},False,False,True,1,ONE_OF_THREE_YEARS,True,Taman Tampoi Indah,EXACT_OSM,Taman Tampoi Indah,points,1,100.0,103.6818886,1.5104756,True,Existing D07C exact OSM/alias match,Local OSM-derived D07C audit,EXACT_OSM,,False,REFERENCE_POINT_RESOLVED_POLYGON_NOT_YET_DEFINED,False,JB0500_R0050_C0032,50.0,32.0,13449.528351952255,-58824.17277502451,True
Kampung Belantik,3,3,3,3,3,False,,NO_EXACT_POLICY_MATCH,False,MULTI_EVENT_OR_MULTI_YEAR_RECURRENT,HIST-2012-2025-BELANTIK;HIST-2022-RECURRENT;JB-FLD-20250319-01,2012;2022;2025,SRC_2025_BELANTIK;SRC_2025_MAYOR;SRC_DUN2022,"{'2022', '2012', '2025'}",True,False,True,2,TWO_OF_THREE_YEARS,False,Kampung Belantik,FUZZY_REVIEW_86,Kampung Pengkalan Rinting,points,1,85.5,103.76650814,1.51378258,True,MyGeoName/MyGeoportal Official Gazetteer,https://mygeoname.mygeoportal.gov.my/exportpdffasa3.jsp?kodnegeri=01,OFFICIAL_GAZETTEER_EXACT_NAME,Official Johor gazetteer entry: Kg. Belantik.,False,REFERENCE_POINT_RESOLVED_POLYGON_NOT_YET_DEFINED,False,JB0500_R0051_C0051,51.0,51.0,22866.024074521643,-58457.21338002229,True
Jalan Stulang Darat,4,2,2,4,4,False,,NO_EXACT_POLICY_MATCH,True,MULTI_EVENT_OR_MULTI_YEAR_RECURRENT,JB-FLD-20220802-01;JB-FLD-20231206-01,2022;2023,SRC_2022_MBJB;SRC_2023_FMT;SRC_2023_MDJ_MAIN;SRC_2023_MDJ_RESP,"{'2022', '2023'}",True,True,False,2,TWO_OF_THREE_YEARS,True,Jalan Stulang Darat,EXACT_OSM,Jalan Stulang Darat,lines,21,100.0,103.7773894,1.4724632,True,Existing D07C exact OSM/alias match,Local OSM-derived D07C audit,EXACT_OSM,,False,REFERENCE_POINT_RESOLVED_POLYGON_NOT_YET_DEFINED,False,JB0500_R0041_C0054,41.0,54.0,24077.626583384583,-63025.99842214096,True
Jalan Tun Abdul Razak,4,2,2,4,4,False,,NO_EXACT_POLICY_MATCH,True,MULTI_EVENT_OR_MULTI_YEAR_RECURRENT,JB-FLD-20220802-01;JB-FLD-20231206-01,2022;2023,SRC_2022_BERNAMA;SRC_2022_MBJB;SRC_2023_FMT;SRC_2023_MDJ_MAIN,"{'2022', '2023'}",True,True,False,2,TWO_OF_THREE_YEARS,True,Jalan Tun Abdul Razak,EXACT_OSM,Jalan Tun Abdul Razak,points,90,100.0,103.7527329,1.4803791000000002,True,Existing D07C exact OSM/alias match,Local OSM-derived D07C audit,EXACT_OSM,,False,REFERENCE_POINT_RESOLVED_POLYGON_NOT_YET_DEFINED,False,JB0500_R0043_C0048,43.0,48.0,21333.65002118609,-62151.09841003529,True
Jalan Yahya Awal,4,2,2,4,4,False,,NO_EXACT_POLICY_MATCH,True,MULTI_EVENT_OR_MULTI_YEAR_RECURRENT,JB-FLD-20220802-01;JB-FLD-20231206-01,2022;2023,SRC_2022_BERNAMA;SRC_2022_MALAYMAIL;SRC_2023_FMT;SRC_2023_MDJ_MAIN,"{'2022', '2023'}",True,True,False,2,TWO_OF_THREE_YEARS,True,Jalan Yahya Awal,EXACT_OSM,Jalan Yahya Awal,lines,43,100.0,103.7553464,1.4633725,True,Existing D07C exact OSM/alias match,Local OSM-derived D07C audit,EXACT_OSM,,False,REFERENCE_POINT_RESOLVED_POLYGON_NOT_YET_DEFINED,False,JB0500_R0039_C0049,39.0,49.0,21624.763077976393,-64031.59145211391,True
Jalan Mahmoodiah,3,2,2,3,3,False,,NO_EXACT_POLICY_MATCH,True,MULTI_EVENT_OR_MULTI_YEAR_RECURRENT,JB-FLD-20220802-01;JB-FLD-20231206-01,2022;2023,SRC_2022_MALAYMAIL;SRC_2023_FMT;SRC_2023_MDJ_MAIN,"{'2022', '2023'}",True,True,False,2,TWO_OF_THREE_YEARS,True,Jalan Mahmoodiah,EXACT_OSM,Jalan Mahmoodiah,lines,23,100.0,103.7482815,1.4629658,True,Existing D07C exact OSM/alias match,Local OSM-derived D07C audit,EXACT_OSM,,False,REFERENCE_POINT_RESOLVED_POLYGON_NOT_YET_DEFINED,False,JB0500_R0039_C0047,39.0,47.0,20838.563220153585,-64076.676510135825,True
Jalan Tebrau,3,2,2,3,3,False,,NO_EXACT_POLICY_MATCH,True,MULTI_EVENT_OR_MULTI_YEAR_RECURRENT,JB-FLD-20220802-01;JB-FLD-20231206-01,2022;2023,SRC_2022_MBJB;SRC_2023_FMT;SRC_2023_MDJ_MAIN,"{'2022', '2023'}",True,True,False,2,TWO_OF_THREE_YEARS,True,Jalan Tebrau,EXACT_OSM,Jalan Tebrau,lines,142,100.0,103.762918,1.4748694,True,Existing D07C exact OSM/alias match,Local OSM-derived D07C audit,EXACT_OSM,,False,REFERENCE_POINT_RESOLVED_POLYGON_NOT_YET_DEFINED,False,JB0500_R0042_C0050,42.0,50.0,22467.166109188394,-62760.17543638603,True
Jalan Sungai Chat,2,2,2,2,2,False,,NO_EXACT_POLICY_MATCH,True,MULTI_EVENT_OR_MULTI_YEAR_RECURRENT,JB-FLD-20220802-01;JB-FLD-20231206-01,2022;2023,SRC_2022_MBJB;SRC_2023_UTUSAN,"{'2022', '2023'}",True,True,False,2,TWO_OF_THREE_YEARS,True,Jalan Sungai Chat,EXACT_OSM,Jalan Sungai Chat,lines,22,100.0,103.7385575,1.4609922,True,Existing D07C exact OSM/alias match,Local OSM-derived D07C audit,EXACT_OSM,,False,REFERENCE_POINT_RESOLVED_POLYGON_NOT_YET_DEFINED,False,JB0500_R0039_C0045,39.0,45.0,19756.473173434206,-64295.06267824378,True
Kampung Bunga Ros,2,2,2,2,2,False,,NO_EXACT_POLICY_MATCH,False,MULTI_EVENT_OR_MULTI_YEAR_RECURRENT,JB-FLD-20250319-01;JPS-20220820-JB,2022;2025,SRC_2022_JPS_ANNUAL;SRC_2025_PPS,"{'2022', '2025'}",True,False,True,2,TWO_OF_THREE_YEARS,True,Kampung Bunga Ros,FUZZY_REVIEW_95,Surau Kampung Bunga Ros,multipolygons,1,95.0,103.75965347,1.53411714,True,MyGeoName/MyGeoportal Official Gazetteer,https://mygeoname.mygeoportal.gov.my/exportpdffasa3.jsp?kodnegeri=01,OFFICIAL_GAZETTEER_EXACT_NAME,Official Johor gazetteer entry: Kg. Bunga Ros.,False,REFERENCE_POINT_RESOLVED_POLYGON_NOT_YET_DEFINED,False,JB0500_R0055_C0050,55.0,50.0,22102.884026268723,-56208.798154323726,True
Kampung Tawakal,2,2,2,2,2,False,,NO_EXACT_POLICY_MATCH,False,MULTI_EVENT_OR_MULTI_YEAR_RECURRENT,HIST-2015-RECURRENT;HIST-2017-RECURRENT,2015;2017,SRC_DUN2015;SRC_DUN2017,"{'2017', '2015'}",False,False,False,0,NO_2022_2023_2025_EVENT,False,Kampung Tawakal,FUZZY_REVIEW_86,Kampung Pengkalan Rinting,points,1,85.5,,,False,,,UNRESOLVED,,False,COORDINATE_REVIEW_REQUIRED,False,,,,,,
Kampung Tengah Tebrau,2,2,2,2,2,False,,NO_EXACT_POLICY_MATCH,False,MULTI_EVENT_OR_MULTI_YEAR_RECURRENT,JB-FLD-20231206-01;JPS-20220820-JB,2022;2023,SRC_2022_JPS_ANNUAL;SRC_2023_PAULTAN,"{'2022', '2023'}",True,True,False,2,TWO_OF_THREE_YEARS,False,Kampung Tengah Tebrau,FUZZY_REVIEW_90,Tengah,points,7,90.0,,,False,,,UNRESOLVED,,False,COORDINATE_REVIEW_REQUIRED,False,,,,,,
Taman Istimewa,2,2,2,2,2,False,,NO_EXACT_POLICY_MATCH,False,MULTI_EVENT_OR_MULTI_YEAR_RECURRENT,HIST-2015-RECURRENT;HIST-2017-RECURRENT,2015;2017,SRC_DUN2015;SRC_DUN2017,"{'2017', '2015'}",False,False,False,0,NO_2022_2023_2025_EVENT,False,Taman Istimewa,EXACT_OSM,Taman Istimewa,points,1,100.0,103.7698568,1.5305637,True,Existing D07C exact OSM/alias match,Local OSM-derived D07C audit,EXACT_OSM,,False,REFERENCE_POINT_RESOLVED_POLYGON_NOT_YET_DEFINED,False,JB0500_R0054_C0052,54.0,52.0,23238.3718140095,-56601.54836231794,True
Jalan Wong Ah Fook,3,1,1,3,3,False,,NO_EXACT_POLICY_MATCH,True,MULTI_SOURCE_SUPPORTED_SINGLE_EVENT,JB-FLD-20220802-01,2022,SRC_2022_BERNAMA;SRC_2022_MALAYMAIL;SRC_2022_MBJB,{'2022'},True,False,False,1,ONE_OF_THREE_YEARS,True,Jalan Wong Ah Fook,EXACT_OSM,Jalan Wong Ah Fook,lines,6,100.0,103.7656178,1.4576093,True,Existing D07C exact OSM/alias match,Local OSM-derived D07C audit,EXACT_OSM,,False,REFERENCE_POINT_RESOLVED_POLYGON_NOT_YET_DEFINED,False,JB0500_R0038_C0051,38.0,51.0,22767.89538987993,-64668.698975094834,True
Dataran Bandaraya Johor Bahru,2,1,1,2,2,False,,NO_EXACT_POLICY_MATCH,True,MULTI_SOURCE_SUPPORTED_SINGLE_EVENT,JB-FLD-20231206-01,2023,SRC_2023_FMT;SRC_2023_MDJ_MAIN,{'2023'},False,True,False,1,ONE_OF_THREE_YEARS,True,Dataran Bandaraya Johor Bahru,EXACT_OSM,Dataran Bandaraya Johor Bahru,multipolygons,1,100.0,103.7419633654604,1.4597388,True,Existing D07C exact OSM/alias match,Local OSM-derived D07C audit,EXACT_OSM,,False,REFERENCE_POINT_RESOLVED_POLYGON_NOT_YET_DEFINED,False,JB0500_R0039_C0046,39.0,46.0,20135.50930994755,-64433.6067943063,True
Hospital Sultanah Aminah,2,1,1,2,2,False,,NO_EXACT_POLICY_MATCH,False,MULTI_SOURCE_SUPPORTED_SINGLE_EVENT,JB-FLD-20220802-01,2022,SRC_2022_BERNAMA;SRC_2022_MBJB,{'2022'},True,False,False,1,ONE_OF_THREE_YEARS,False,Hospital Sultanah Aminah,EXACT_OSM,Hospital Sultanah Aminah,points,2,100.0,103.7466457,1.4575013,True,Existing D07C exact OSM/alias match,Local OSM-derived D07C audit,EXACT_OSM,,False,REFERENCE_POINT_RESOLVED_POLYGON_NOT_YET_DEFINED,False,JB0500_R0038_C0047,38.0,47.0,20656.611410526588,-64680.948898696945,True
Jalan Ibrahim Sultan,2,1,1,2,2,False,,NO_EXACT_POLICY_MATCH,True,MULTI_SOURCE_SUPPORTED_SINGLE_EVENT,JB-FLD-20231206-01,2023,SRC_2023_FMT;SRC_2023_MDJ_MAIN,{'2023'},False,True,False,1,ONE_OF_THREE_YEARS,True,Jalan Ibrahim Sultan,EXACT_OSM,Jalan Ibrahim Sultan,lines,23,100.0,103.7755173,1.4644141,True,Existing D07C exact OSM/alias match,Local OSM-derived D07C audit,EXACT_OSM,,False,REFERENCE_POINT_RESOLVED_POLYGON_NOT_YET_DEFINED,False,JB0500_R0040_C0053,40.0,53.0,23869.432088649497,-63916.076725721105,True
Jalan Padi Makmur,2,1,1,2,2,False,,NO_EXACT_POLICY_MATCH,True,MULTI_SOURCE_SUPPORTED_SINGLE_EVENT,JB-FLD-20231206-01,2023,SRC_2023_FMT;SRC_2023_MDJ_MAIN,{'2023'},False,True,False,1,ONE_OF_THREE_YEARS,True,Jalan Padi Makmur,EXACT_OSM,Jalan Padi Makmur,lines,4,100.0,103.7208677,1.4866099,True,Existing D07C exact OSM/alias match,Local OSM-derived D07C audit,EXACT_OSM,,False,REFERENCE_POINT_RESOLVED_POLYGON_NOT_YET_DEFINED,False,JB0500_R0045_C0041,45.0,41.0,17787.517055052253,-61462.612379228354,True
Hutan Bandar Johor Bahru,1,1,1,1,1,False,,NO_EXACT_POLICY_MATCH,False,SINGLE_SOURCE_OR_SINGLE_EVENT,JB-FLD-20231206-01,2023,SRC_2023_MDJ_MAIN,{'2023'},False,True,False,1,ONE_OF_THREE_YEARS,False,Hutan Bandar Johor Bahru,FUZZY_REVIEW_90,Johor Bahru,points,80,90.0,,,False,,,UNRESOLVED,,False,COORDINATE_REVIEW_REQUIRED,False,,,,,,
Jalan Bilal Mahmood,1,1,1,1,1,False,,NO_EXACT_POLICY_MATCH,True,SINGLE_SOURCE_OR_SINGLE_EVENT,JB-FLD-20231206-01,2023,SRC_2023_FMT,{'2023'},False,True,False,1,ONE_OF_THREE_YEARS,True,Jalan Bilal Mahmood,EXACT_OSM,Jalan Bilal Mahmood,lines,7,100.0,103.7460468,1.46528,True,Existing D07C exact OSM/alias match,Local OSM-derived D07C audit,EXACT_OSM,,False,REFERENCE_POINT_RESOLVED_POLYGON_NOT_YET_DEFINED,False,JB0500_R0040_C0047,40.0,47.0,20589.841801072194,-63820.81525361812,True
"Jalan Cempaka, Taman Plentong Baru",1,1,1,1,1,False,,NO_EXACT_POLICY_MATCH,False,SINGLE_SOURCE_OR_SINGLE_EVENT,HIST-2022-RECURRENT,2022,SRC_DUN2022,{'2022'},True,False,False,1,ONE_OF_THREE_YEARS,False,"Jalan Cempaka, Taman Plentong Baru",FUZZY_REVIEW_90,Plentong,points,1,90.0,,,False,,,UNRESOLVED,,False,COORDINATE_REVIEW_REQUIRED,False,,,,,,
Jalan Dato Sulaiman,1,1,1,1,1,False,,NO_EXACT_POLICY_MATCH,True,SINGLE_SOURCE_OR_SINGLE_EVENT,JB-FLD-20231206-01,2023,SRC_2023_FMT,{'2023'},False,True,False,1,ONE_OF_THREE_YEARS,True,Jalan Dato Sulaiman,EXACT_OSM,Jalan Dato Sulaiman,lines,42,100.0,103.7570514,1.4807312,True,Existing D07C exact OSM/alias match,Local OSM-derived D07C audit,EXACT_OSM,,False,REFERENCE_POINT_RESOLVED_POLYGON_NOT_YET_DEFINED,False,JB0500_R0043_C0049,43.0,49.0,21814.218078150116,-62112.09345062849,True
Jalan Dato' Sulaiman,1,1,1,1,1,False,,NO_EXACT_POLICY_MATCH,True,SINGLE_SOURCE_OR_SINGLE_EVENT,JB-FLD-20231206-01,2023,SRC_2023_MDJ_MAIN,{'2023'},False,True,False,1,ONE_OF_THREE_YEARS,True,Jalan Dato' Sulaiman,EXACT_OSM,Jalan Dato Sulaiman,lines,42,100.0,103.7570514,1.4807312,True,Existing D07C exact OSM/alias match,Local OSM-derived D07C audit,EXACT_OSM,,False,REFERENCE_POINT_RESOLVED_POLYGON_NOT_YET_DEFINED,False,JB0500_R0043_C0049,43.0,49.0,21814.218078150116,-62112.09345062849,True
Jalan Ismail Sultan,1,1,1,1,1,False,,NO_EXACT_POLICY_MATCH,True,SINGLE_SOURCE_OR_SINGLE_EVENT,JB-FLD-20231206-01,2023,SRC_2023_FMT,{'2023'},False,True,False,1,ONE_OF_THREE_YEARS,True,Jalan Ismail Sultan,EXACT_OSM,Jalan Ismail Sultan,points,42,100.0,103.6763692,1.4725852,True,Existing D07C exact OSM/alias match,Local OSM-derived D07C audit,EXACT_OSM,,False,REFERENCE_POINT_RESOLVED_POLYGON_NOT_YET_DEFINED,False,JB0500_R0041_C0031,41.0,31.0,12835.796489974933,-63014.015399567674,True
Jalan Kolam Ayer menghala pusat bandar/Nong Chik Heights,1,1,1,1,1,False,,NO_EXACT_POLICY_MATCH,True,SINGLE_SOURCE_OR_SINGLE_EVENT,JB-FLD-20231206-01,2023,SRC_2023_MKINI,{'2023'},False,True,False,1,ONE_OF_THREE_YEARS,True,Jalan Kolam Ayer menghala pusat bandar/Nong Chik Heights,FUZZY_REVIEW_90,Jalan Kolam Ayer,lines,53,90.0,,,False,,,UNRESOLVED,,False,COORDINATE_REVIEW_REQUIRED,False,,,,,,
Jalan Lurah 3,1,1,1,1,1,False,,NO_EXACT_POLICY_MATCH,True,SINGLE_SOURCE_OR_SINGLE_EVENT,JB-FLD-20231206-01,2023,SRC_2023_FMT,{'2023'},False,True,False,1,ONE_OF_THREE_YEARS,True,Jalan Lurah 3,EXACT_OSM,Jalan Lurah 3,lines,1,100.0,103.7155955,1.5302594,True,Existing D07C exact OSM/alias match,Local OSM-derived D07C audit,EXACT_OSM,,False,REFERENCE_POINT_RESOLVED_POLYGON_NOT_YET_DEFINED,False,JB0500_R0054_C0040,54.0,40.0,17200.17676470024,-56636.082904459814,True
"Jalan Makmur 19-24, Taman Damai Jaya",1,1,1,1,1,False,,NO_EXACT_POLICY_MATCH,False,SINGLE_SOURCE_OR_SINGLE_EVENT,HIST-2020-RECURRENT,2020,SRC_DUN2020,{'2020'},False,False,False,0,NO_2022_2023_2025_EVENT,False,"Jalan Makmur 19-24, Taman Damai Jaya",FUZZY_REVIEW_90,Makmur,points,1,90.0,,,False,,,UNRESOLVED,,False,COORDINATE_REVIEW_REQUIRED,False,,,,,,
Jalan Mohd Amin,1,1,1,1,1,False,,NO_EXACT_POLICY_MATCH,True,SINGLE_SOURCE_OR_SINGLE_EVENT,JB-FLD-20231206-01,2023,SRC_2023_FMT,{'2023'},False,True,False,1,ONE_OF_THREE_YEARS,True,Jalan Mohd Amin,EXACT_OSM,Jalan Mohd Amin,lines,17,100.0,103.7363992,1.4675757,True,Existing D07C exact OSM/alias match,Local OSM-derived D07C audit,EXACT_OSM,,False,REFERENCE_POINT_RESOLVED_POLYGON_NOT_YET_DEFINED,False,JB0500_R0040_C0045,40.0,45.0,19516.189750676684,-63567.11463765955,True
Jalan Padi Huma 10,1,1,1,1,1,False,,NO_EXACT_POLICY_MATCH,True,SINGLE_SOURCE_OR_SINGLE_EVENT,JB-FLD-20231206-01,2023,SRC_2023_MDJ_MAIN,{'2023'},False,True,False,1,ONE_OF_THREE_YEARS,True,Jalan Padi Huma 10,EXACT_OSM,Jalan Padi Huma 10,lines,1,100.0,103.7234744,1.4989124,True,Existing D07C exact OSM/alias match,Local OSM-derived D07C audit,EXACT_OSM,,False,REFERENCE_POINT_RESOLVED_POLYGON_NOT_YET_DEFINED,False,JB0500_R0047_C0042,47.0,42.0,18077.413758860617,-60102.2062387667,True
Jalan Padi Huma 9,1,1,1,1,1,False,,NO_EXACT_POLICY_MATCH,True,SINGLE_SOURCE_OR_SINGLE_EVENT,JB-FLD-20231206-01,2023,SRC_2023_MDJ_MAIN,{'2023'},False,True,False,1,ONE_OF_THREE_YEARS,True,Jalan Padi Huma 9,EXACT_OSM,Jalan Padi Huma 9,lines,1,100.0,103.7237744,1.4983831,True,Existing D07C exact OSM/alias match,Local OSM-derived D07C audit,EXACT_OSM,,False,REFERENCE_POINT_RESOLVED_POLYGON_NOT_YET_DEFINED,False,JB0500_R0047_C0042,47.0,42.0,18110.8061584635,-60160.72988249726,True
Jalan Pantai Lido,1,1,1,1,1,False,,NO_EXACT_POLICY_MATCH,True,SINGLE_SOURCE_OR_SINGLE_EVENT,JB-FLD-20220802-01,2022,SRC_2022_MALAYMAIL,{'2022'},True,False,False,1,ONE_OF_THREE_YEARS,True,Jalan Pantai Lido,FUZZY_REVIEW_95,Jalan Pantai,lines,26,95.0,,,False,,,UNRESOLVED,,False,COORDINATE_REVIEW_REQUIRED,False,,,,,,
Jalan Seelong Jaya 2,1,1,1,1,1,False,,NO_EXACT_POLICY_MATCH,True,SINGLE_SOURCE_OR_SINGLE_EVENT,JPS-20220820-JB,2022,SRC_2022_JPS_ANNUAL,{'2022'},True,False,False,1,ONE_OF_THREE_YEARS,True,Jalan Seelong Jaya 2,FUZZY_REVIEW_95,Jalan Seelong 2,lines,1,95.0,,,False,,,UNRESOLVED,,False,COORDINATE_REVIEW_REQUIRED,False,,,,,,
Jalan Seri Pelangi,1,1,1,1,1,False,,NO_EXACT_POLICY_MATCH,True,SINGLE_SOURCE_OR_SINGLE_EVENT,JB-FLD-20220802-01,2022,SRC_2022_MALAYMAIL,{'2022'},True,False,False,1,ONE_OF_THREE_YEARS,True,Jalan Seri Pelangi,FUZZY_REVIEW_97,Jalan Sri Pelangi,lines,12,97.14285714285714,,,False,,,UNRESOLVED,,False,COORDINATE_REVIEW_REQUIRED,False,,,,,,
Jalan Serigala,1,1,1,1,1,False,,NO_EXACT_POLICY_MATCH,True,SINGLE_SOURCE_OR_SINGLE_EVENT,JB-FLD-20231206-01,2023,SRC_2023_FMT,{'2023'},False,True,False,1,ONE_OF_THREE_YEARS,True,Jalan Serigala,EXACT_OSM,Jalan Serigala,lines,7,100.0,103.760885,1.4853831,True,Existing D07C exact OSM/alias match,Local OSM-derived D07C audit,EXACT_OSM,,False,REFERENCE_POINT_RESOLVED_POLYGON_NOT_YET_DEFINED,False,JB0500_R0044_C0050,44.0,50.0,22240.7535584117,-61597.63709115715,True
Jalan Skudai Pantai Lido hadapan IBS,1,1,1,1,1,False,,NO_EXACT_POLICY_MATCH,True,SINGLE_SOURCE_OR_SINGLE_EVENT,JB-FLD-20231206-01,2023,SRC_2023_PAULTAN,{'2023'},False,True,False,1,ONE_OF_THREE_YEARS,True,Jalan Skudai Pantai Lido hadapan IBS,FUZZY_REVIEW_90,Skudai,points,4,90.0,,,False,,,UNRESOLVED,,False,COORDINATE_REVIEW_REQUIRED,False,,,,,,
Jalan Tun Abdul Razak Susur 2,1,1,1,1,1,False,,NO_EXACT_POLICY_MATCH,True,SINGLE_SOURCE_OR_SINGLE_EVENT,JB-FLD-20231206-01,2023,SRC_2023_FMT,{'2023'},False,True,False,1,ONE_OF_THREE_YEARS,True,Jalan Tun Abdul Razak Susur 2,FUZZY_REVIEW_97,Jalan Tun Abdul Razak Susur 7,lines,14,96.55172413793105,,,False,,,UNRESOLVED,,False,COORDINATE_REVIEW_REQUIRED,False,,,,,,
Jalan Tun Abdul Razak Susur 3,1,1,1,1,1,False,,NO_EXACT_POLICY_MATCH,True,SINGLE_SOURCE_OR_SINGLE_EVENT,JB-FLD-20231206-01,2023,SRC_2023_FMT,{'2023'},False,True,False,1,ONE_OF_THREE_YEARS,True,Jalan Tun Abdul Razak Susur 3,FUZZY_REVIEW_97,Jalan Tun Abdul Razak Susur 7,lines,14,96.55172413793105,,,False,,,UNRESOLVED,,False,COORDINATE_REVIEW_REQUIRED,False,,,,,,
KD Kangkar Tebrau,1,1,1,1,1,False,,NO_EXACT_POLICY_MATCH,False,SINGLE_SOURCE_OR_SINGLE_EVENT,JB-FLD-20250319-01,2025,SRC_2025_SITREP,{'2025'},False,False,True,1,ONE_OF_THREE_YEARS,False,KD Kangkar Tebrau,FUZZY_REVIEW_95,Kangkar Tebrau,points,1,95.0,,,False,,,UNRESOLVED,,False,COORDINATE_REVIEW_REQUIRED,False,,,,,,
KD Maju Jaya,1,1,1,1,1,False,,NO_EXACT_POLICY_MATCH,False,SINGLE_SOURCE_OR_SINGLE_EVENT,JB-FLD-20250319-01,2025,SRC_2025_SITREP,{'2025'},False,False,True,1,ONE_OF_THREE_YEARS,False,KD Maju Jaya,FUZZY_REVIEW_90,Maju,lines,1,90.0,,,False,,,UNRESOLVED,,False,COORDINATE_REVIEW_REQUIRED,False,,,,,,
KD Plentong,1,1,1,1,1,False,,NO_EXACT_POLICY_MATCH,False,SINGLE_SOURCE_OR_SINGLE_EVENT,JB-FLD-20250319-01,2025,SRC_2025_SITREP,{'2025'},False,False,True,1,ONE_OF_THREE_YEARS,False,KD Plentong,FUZZY_REVIEW_95,Plentong,points,1,95.0,,,False,,,UNRESOLVED,,False,COORDINATE_REVIEW_REQUIRED,False,,,,,,
Kampung Baru Sri Aman,1,1,1,1,1,False,,NO_EXACT_POLICY_MATCH,False,SINGLE_SOURCE_OR_SINGLE_EVENT,HIST-2017-RECURRENT,2017,SRC_DUN2017,{'2017'},False,False,False,0,NO_2022_2023_2025_EVENT,False,Kampung Baru Sri Aman,FUZZY_REVIEW_86,Kempas Baru,points,4,85.5,,,False,,,UNRESOLVED,,False,COORDINATE_REVIEW_REQUIRED,False,,,,,,
Kampung Bendahara,1,1,1,1,1,False,,NO_EXACT_POLICY_MATCH,False,SINGLE_SOURCE_OR_SINGLE_EVENT,HIST-2021-RECURRENT,2021,SRC_DUN2021,{'2021'},False,False,False,0,NO_2022_2023_2025_EVENT,False,Kampung Bendahara,EXACT_OSM,Kampung Bendahara,points,1,100.0,103.7627931,1.5126160000000002,True,Existing D07C exact OSM/alias match,Local OSM-derived D07C audit,EXACT_OSM,,False,REFERENCE_POINT_RESOLVED_POLYGON_NOT_YET_DEFINED,False,JB0500_R0050_C0050,50.0,50.0,22452.630992633123,-58586.27442066461,True
Kampung Laut Batu 10,1,1,1,1,1,False,,NO_EXACT_POLICY_MATCH,False,SINGLE_SOURCE_OR_SINGLE_EVENT,JPS-20220820-JB,2022,SRC_2022_JPS_ANNUAL,{'2022'},True,False,False,1,ONE_OF_THREE_YEARS,False,Kampung Laut Batu 10,FUZZY_REVIEW_90,Kampung Melayu Batu 10,multipolygons,1,90.47619047619048,,,False,,,UNRESOLVED,,False,COORDINATE_REVIEW_REQUIRED,False,,,,,,
Kampung Poh Chi Leng,1,1,1,1,1,False,,NO_EXACT_POLICY_MATCH,False,SINGLE_SOURCE_OR_SINGLE_EVENT,HIST-2020-RECURRENT,2020,SRC_DUN2020,{'2020'},False,False,False,0,NO_2022_2023_2025_EVENT,False,Kampung Poh Chi Leng,FUZZY_REVIEW_95,Kampung Poh Che Leng,multipolygons,1,95.0,,,False,,,UNRESOLVED,,False,COORDINATE_REVIEW_REQUIRED,False,,,,,,
Kampung Saujana,1,1,1,1,1,False,,NO_EXACT_POLICY_MATCH,False,SINGLE_SOURCE_OR_SINGLE_EVENT,HIST-2021-RECURRENT,2021,SRC_DUN2021,{'2021'},False,False,False,0,NO_2022_2023_2025_EVENT,False,Kampung Saujana,FUZZY_REVIEW_95,Kampung Saujana Baru,points,2,95.0,,,False,,,UNRESOLVED,,False,COORDINATE_REVIEW_REQUIRED,False,,,,,,
Kampung Ubi,1,1,1,1,1,False,,NO_EXACT_POLICY_MATCH,False,SINGLE_SOURCE_OR_SINGLE_EVENT,HIST-2015-RECURRENT,2015,SRC_DUN2015,{'2015'},False,False,False,0,NO_2022_2023_2025_EVENT,False,Kampung Ubi,FUZZY_REVIEW_95,Kampung Ubi Baru,multipolygons,1,95.0,,,False,,,UNRESOLVED,,False,COORDINATE_REVIEW_REQUIRED,False,,,,,,
Kampung Ubi Majidee,1,1,1,1,1,False,,NO_EXACT_POLICY_MATCH,False,SINGLE_SOURCE_OR_SINGLE_EVENT,JB-FLD-20231206-01,2023,SRC_2023_PAULTAN,{'2023'},False,True,False,1,ONE_OF_THREE_YEARS,False,Kampung Ubi Majidee,FUZZY_REVIEW_90,Ubi,points,3,90.0,,,False,,,UNRESOLVED,,False,COORDINATE_REVIEW_REQUIRED,False,,,,,,
Kampung Ulu Pandan,1,1,1,1,1,False,,NO_EXACT_POLICY_MATCH,False,SINGLE_SOURCE_OR_SINGLE_EVENT,JB-FLD-20250319-01,2025,SRC_2025_PPS,{'2025'},False,False,True,1,ONE_OF_THREE_YEARS,True,Kampung Ulu Pandan,EXACT_OSM,Kampung Ulu Pandan,points,1,100.0,103.7683272,1.5345501,True,Existing D07C exact OSM/alias match,Local OSM-derived D07C audit,EXACT_OSM,,False,REFERENCE_POINT_RESOLVED_POLYGON_NOT_YET_DEFINED,False,JB0500_R0055_C0052,55.0,52.0,23068.087828065953,-56160.77115453674,True
Majidee,1,1,1,1,1,False,,NO_EXACT_POLICY_MATCH,False,SINGLE_SOURCE_OR_SINGLE_EVENT,JB-FLD-20231206-01,2023,SRC_2023_MDJ_RESP,{'2023'},False,True,False,1,ONE_OF_THREE_YEARS,False,Majidee,EXACT_OSM,Majidee,points,1,100.0,103.7579076,1.5145389,True,Existing D07C exact OSM/alias match,Local OSM-derived D07C audit,EXACT_OSM,,False,REFERENCE_POINT_RESOLVED_POLYGON_NOT_YET_DEFINED,False,JB0500_R0051_C0049,51.0,49.0,21908.935526160014,-58373.72937461889,True
Nong Chik,1,1,1,1,1,False,,NO_EXACT_POLICY_MATCH,False,SINGLE_SOURCE_OR_SINGLE_EVENT,JB-FLD-20231206-01,2023,SRC_2023_MDJ_RESP,{'2023'},False,True,False,1,ONE_OF_THREE_YEARS,False,Nong Chik,FUZZY_REVIEW_90,Kampung Nong Chik,points,1,90.0,,,False,,,UNRESOLVED,,False,COORDINATE_REVIEW_REQUIRED,False,,,,,,
Pandan,1,1,1,1,1,False,,NO_EXACT_POLICY_MATCH,False,SINGLE_SOURCE_OR_SINGLE_EVENT,JB-FLD-20250319-01,2025,SRC_2025_MAYOR,{'2025'},False,False,True,1,ONE_OF_THREE_YEARS,False,Pandan,EXACT_OSM,Pandan,points,6,100.0,103.7639473,1.5218297,True,Existing D07C exact OSM/alias match,Local OSM-derived D07C audit,EXACT_OSM,,False,REFERENCE_POINT_RESOLVED_POLYGON_NOT_YET_DEFINED,False,JB0500_R0052_C0051,52.0,51.0,22580.91327587102,-57567.43158059588,True
Persiaran Abu Bakar Sultan,1,1,1,1,1,False,,NO_EXACT_POLICY_MATCH,True,SINGLE_SOURCE_OR_SINGLE_EVENT,JB-FLD-20220802-01,2022,SRC_2022_MALAYMAIL,{'2022'},True,False,False,1,ONE_OF_THREE_YEARS,True,Persiaran Abu Bakar Sultan,EXACT_OSM,Persiaran Abu Bakar Sultan,lines,91,100.0,103.7190029,1.4843025,True,Existing D07C exact OSM/alias match,Local OSM-derived D07C audit,EXACT_OSM,,False,REFERENCE_POINT_RESOLVED_POLYGON_NOT_YET_DEFINED,False,JB0500_R0044_C0041,44.0,41.0,17580.031474291725,-61717.78393293282,True
Persimpangan Jalan Gertak Merah menghala Wisma Persekutuan,1,1,1,1,1,False,,NO_EXACT_POLICY_MATCH,True,SINGLE_SOURCE_OR_SINGLE_EVENT,JB-FLD-20231206-01,2023,SRC_2023_MKINI,{'2023'},False,True,False,1,ONE_OF_THREE_YEARS,True,Persimpangan Jalan Gertak Merah menghala Wisma Persekutuan,FUZZY_REVIEW_90,Wisma Persekutuan,points,3,90.0,,,False,,,UNRESOLVED,,False,COORDINATE_REVIEW_REQUIRED,False,,,,,,
Puteri Harbour Iskandar Puteri,1,1,1,1,1,False,,NO_EXACT_POLICY_MATCH,False,SINGLE_SOURCE_OR_SINGLE_EVENT,JPS-20220905-JB,2022,SRC_2022_JPS_ANNUAL,{'2022'},True,False,False,1,ONE_OF_THREE_YEARS,False,Puteri Harbour Iskandar Puteri,EXACT_OSM,Puteri harbour (Iskandar Puteri),points,2,100.0,103.66077,1.414074,True,Existing D07C exact OSM/alias match,Local OSM-derived D07C audit,EXACT_OSM,,False,REFERENCE_POINT_RESOLVED_POLYGON_NOT_YET_DEFINED,False,JB0500_R0029_C0028,29.0,28.0,11100.533409120608,-69484.13126568057,True
SK Kampung Maju Jaya,1,1,1,1,1,False,,NO_EXACT_POLICY_MATCH,False,SINGLE_SOURCE_OR_SINGLE_EVENT,JB-FLD-20250319-01,2025,SRC_2025_SITREP,{'2025'},False,False,True,1,ONE_OF_THREE_YEARS,False,SK Kampung Maju Jaya,EXACT_OSM,SK Kampung Maju Jaya,multipolygons,1,100.0,103.71827520455456,1.5804887,True,Existing D07C exact OSM/alias match,Local OSM-derived D07C audit,EXACT_OSM,,False,REFERENCE_POINT_RESOLVED_POLYGON_NOT_YET_DEFINED,False,JB0500_R0065_C0040,65.0,40.0,17497.610492781016,-51081.861485533096,True
SK Kangkar Tebrau,1,1,1,1,1,False,,NO_EXACT_POLICY_MATCH,False,SINGLE_SOURCE_OR_SINGLE_EVENT,JB-FLD-20250319-01,2025,SRC_2025_SITREP,{'2025'},False,False,True,1,ONE_OF_THREE_YEARS,False,SK Kangkar Tebrau,FUZZY_REVIEW_95,Kangkar Tebrau,points,1,95.0,,,False,,,UNRESOLVED,,False,COORDINATE_REVIEW_REQUIRED,False,,,,,,
SK Perigi Acheh,1,1,1,1,1,False,,NO_EXACT_POLICY_MATCH,False,SINGLE_SOURCE_OR_SINGLE_EVENT,JB-FLD-20250319-01,2025,SRC_2025_SITREP,{'2025'},False,False,True,1,ONE_OF_THREE_YEARS,False,SK Perigi Acheh,FUZZY_REVIEW_90,He,points,1,90.0,,,False,,,UNRESOLVED,,False,COORDINATE_REVIEW_REQUIRED,False,,,,,,
Taman Abad,1,1,1,1,1,False,,NO_EXACT_POLICY_MATCH,False,SINGLE_SOURCE_OR_SINGLE_EVENT,JB-FLD-20231206-01,2023,SRC_2023_UTUSAN,{'2023'},False,True,False,1,ONE_OF_THREE_YEARS,False,Taman Abad,FUZZY_REVIEW_86,Taman Jurong Greens,points,2,85.5,,,False,,,UNRESOLVED,,False,COORDINATE_REVIEW_REQUIRED,False,,,,,,
Taman Bunga Ros,1,1,1,1,1,False,,NO_EXACT_POLICY_MATCH,False,SINGLE_SOURCE_OR_SINGLE_EVENT,JB-FLD-20231206-01,2023,SRC_2023_PAULTAN,{'2023'},False,True,False,1,ONE_OF_THREE_YEARS,False,Taman Bunga Ros,EXACT_OSM,Taman Bunga Ros,points,3,100.0,103.8206509,1.5212749,True,Existing D07C exact OSM/alias match,Local OSM-derived D07C audit,EXACT_OSM,,False,REFERENCE_POINT_RESOLVED_POLYGON_NOT_YET_DEFINED,False,JB0500_R0052_C0063,52.0,63.0,28890.928674859206,-57627.714339105085,True
Taman Dato' Onn,1,1,1,1,1,False,,NO_EXACT_POLICY_MATCH,False,SINGLE_SOURCE_OR_SINGLE_EVENT,HIST-2015-RECURRENT,2015,SRC_DUN2015,{'2015'},False,False,False,0,NO_2022_2023_2025_EVENT,False,Taman Dato' Onn,EXACT_OSM,Taman Dato Onn,points,3,100.0,103.7515869,1.4877309,True,Existing D07C exact OSM/alias match,Local OSM-derived D07C audit,EXACT_OSM,,False,REFERENCE_POINT_RESOLVED_POLYGON_NOT_YET_DEFINED,False,JB0500_R0045_C0048,45.0,48.0,21206.001251796937,-61338.178578386585,True
Taman Desa Mutiara,1,1,1,1,1,False,,NO_EXACT_POLICY_MATCH,False,SINGLE_SOURCE_OR_SINGLE_EVENT,JB-FLD-20250319-01,2025,SRC_2025_MAYOR,{'2025'},False,False,True,1,ONE_OF_THREE_YEARS,False,Taman Desa Mutiara,EXACT_OSM,Taman Desa Mutiara,multipolygons,1,100.0,103.7472561674363,1.5406298,True,Existing D07C exact OSM/alias match,Local OSM-derived D07C audit,EXACT_OSM,,False,REFERENCE_POINT_RESOLVED_POLYGON_NOT_YET_DEFINED,False,JB0500_R0057_C0047,57.0,47.0,20723.20631408751,-55488.85888503989,True
Taman Melodies,1,1,1,1,1,False,,NO_EXACT_POLICY_MATCH,False,SINGLE_SOURCE_OR_SINGLE_EVENT,JB-FLD-20231206-01,2023,SRC_2023_MDJ_RESP,{'2023'},False,True,False,1,ONE_OF_THREE_YEARS,False,Taman Melodies,EXACT_OSM,Taman Melodies,points,1,100.0,103.7613894,1.4901965,True,Existing D07C exact OSM/alias match,Local OSM-derived D07C audit,EXACT_OSM,,False,REFERENCE_POINT_RESOLVED_POLYGON_NOT_YET_DEFINED,False,JB0500_R0045_C0050,45.0,50.0,22296.803941305916,-61065.37774486538,True
Taman Nong Chik,1,1,1,1,1,False,,NO_EXACT_POLICY_MATCH,False,SINGLE_SOURCE_OR_SINGLE_EVENT,JB-FLD-20231206-01,2023,SRC_2023_PAULTAN,{'2023'},False,True,False,1,ONE_OF_THREE_YEARS,False,Taman Nong Chik,EXACT_OSM,Taman Nong Chik,points,1,100.0,103.7395647,1.4765564,True,Existing D07C exact OSM/alias match,Local OSM-derived D07C audit,EXACT_OSM,,False,REFERENCE_POINT_RESOLVED_POLYGON_NOT_YET_DEFINED,False,JB0500_R0042_C0045,42.0,45.0,19868.318026923844,-62574.01006810838,True
Taman Saujana,1,1,1,1,1,False,,NO_EXACT_POLICY_MATCH,False,SINGLE_SOURCE_OR_SINGLE_EVENT,HIST-2022-RECURRENT,2022,SRC_DUN2022,{'2022'},True,False,False,1,ONE_OF_THREE_YEARS,False,Taman Saujana,FUZZY_REVIEW_95,Taman Sri Saujana,points,2,95.0,,,False,,,UNRESOLVED,,False,COORDINATE_REVIEW_REQUIRED,False,,,,,,
Taman Seri Pandan,1,1,1,1,1,False,,NO_EXACT_POLICY_MATCH,False,SINGLE_SOURCE_OR_SINGLE_EVENT,HIST-2021-RECURRENT,2021,SRC_DUN2021,{'2021'},False,False,False,0,NO_2022_2023_2025_EVENT,False,Taman Seri Pandan,FUZZY_REVIEW_90,Pandan,points,6,90.0,,,False,,,UNRESOLVED,,False,COORDINATE_REVIEW_REQUIRED,False,,,,,,
Taman Setia Indah,1,1,1,1,1,False,,NO_EXACT_POLICY_MATCH,False,SINGLE_SOURCE_OR_SINGLE_EVENT,HIST-2015-RECURRENT,2015,SRC_DUN2015,{'2015'},False,False,False,0,NO_2022_2023_2025_EVENT,False,Taman Setia Indah,EXACT_OSM,Taman Setia Indah,points,1,100.0,103.7592769,1.5689894000000002,True,Existing D07C exact OSM/alias match,Local OSM-derived D07C audit,EXACT_OSM,,False,REFERENCE_POINT_RESOLVED_POLYGON_NOT_YET_DEFINED,False,JB0500_R0063_C0050,63.0,50.0,22060.375582021195,-52352.73654383367,True
Taman Tampoi Utama,1,1,1,1,1,False,,NO_EXACT_POLICY_MATCH,False,SINGLE_SOURCE_OR_SINGLE_EVENT,JB-FLD-20250319-01,2025,SRC_2025_MAYOR,{'2025'},False,False,True,1,ONE_OF_THREE_YEARS,False,Taman Tampoi Utama,EXACT_OSM,Taman Tampoi Utama,points,1,100.0,103.6859554,1.502518,True,Existing D07C exact OSM/alias match,Local OSM-derived D07C audit,EXACT_OSM,,False,REFERENCE_POINT_RESOLVED_POLYGON_NOT_YET_DEFINED,False,JB0500_R0048_C0033,48.0,33.0,13902.19037427168,-59704.040410700625,True
Tasek Merdeka,1,1,1,1,1,False,,NO_EXACT_POLICY_MATCH,False,SINGLE_SOURCE_OR_SINGLE_EVENT,JB-FLD-20231206-01,2023,SRC_2023_UTUSAN,{'2023'},False,True,False,1,ONE_OF_THREE_YEARS,False,Tasek Merdeka,FUZZY_REVIEW_90,De,points,1,90.0,,,False,,,UNRESOLVED,,False,COORDINATE_REVIEW_REQUIRED,False,,,,,,
