subset,n_zones,AB_strict_k,AB_strict_pct,ABC_strict_k,ABC_strict_pct,AB_250m_k,AB_250m_pct,ABC_250m_k,ABC_250m_pct,terrain25_strict_k,terrain25_strict_pct,terrain50_strict_k,terrain50_strict_pct,terrain25_250m_k,terrain25_250m_pct,terrain50_250m_k,terrain50_250m_pct
All 19,19,6,31.57894736842105,12,63.1578947368421,8,42.10526315789474,14,73.6842105263158,5,26.31578947368421,3,15.789473684210526,6,31.57894736842105,5,26.31578947368421
Excluding LOW-confidence proxies,15,6,40.0,11,73.33333333333333,8,53.333333333333336,13,86.66666666666667,5,33.333333333333336,3,20.0,6,40.0,5,33.333333333333336
Severe,9,3,33.333333333333336,4,44.44444444444444,4,44.44444444444444,5,55.55555555555556,2,22.22222222222222,1,11.11111111111111,2,22.22222222222222,2,22.22222222222222
Recurrent,8,3,37.5,8,100.0,4,50.0,8,100.0,3,37.5,2,25.0,4,50.0,3,37.5
Mild,2,0,0.0,0,0.0,0,0.0,1,50.0,0,0.0,0,0.0,0,0.0,0,0.0
3/3 core-year recurrence,2,0,0.0,0,0.0,0,0.0,0,0.0,0,0.0,0,0.0,0,0.0,0,0.0
2/3 core-year recurrence,15,6,40.0,12,80.0,8,53.333333333333336,13,86.66666666666667,5,33.333333333333336,3,20.0,6,40.0,5,33.333333333333336
D09-input-exposed,11,6,54.54545454545455,11,100.0,7,63.63636363636363,11,100.0,4,36.36363636363637,2,18.181818181818183,5,45.45454545454545,4,36.36363636363637
D09-input-unexposed holdout,8,0,0.0,1,12.5,1,12.5,3,37.5,1,12.5,1,12.5,1,12.5,1,12.5
