zone_id,canonical_location,location_type,grid_id_500m,years,core_year_overlap_n,official_2025_policy_hotspot,final_class,class_cn,fill_hex,fill_opacity,outline_hex,geometry_method,geometry_confidence,geometry_is_proxy,geometry_source_feature,road_segment_count,road_centerline_length_m,reference_lon,reference_lat,area_km2,centroid_lon,centroid_lat,lon_min,lat_min,lon_max,lat_max,classification_rationale,d09_used
F01,Kampung Kangkar Tebrau,COMMUNITY,JB0500_R0055_C0049,2015;2023;2025,2,True,SEVERE,严重洪涝区域,#FF0000,0.3,#B30000,OSM_NAMED_RESIDENTIAL_POLYGON,HIGH,False,name=Kampung Kangkar Tebrau; osm_way_id=657910839,0,0.0,103.75660417305872,1.531815,0.3701976505391244,103.75576055071981,1.5312990618709135,103.7515001,1.5286639999999982,103.7602739,1.5348635999999993,High-consequence historical evidence: EVACUATION_OR_TRAPPED_VEHICLE,False
F02,Kampung Laut Skudai,COMMUNITY,JB0500_R0058_C0028,2020;2022;2025,2,True,SEVERE,严重洪涝区域,#FF0000,0.3,#B30000,FROZEN_500M_GRID_SUPPORT,LOW,True,JB0500_R0058_C0028,0,0.0,103.6605,1.5453,0.25,103.66212707134802,1.547322835379163,103.65988022403945,1.54506169686038,103.66437392377604,1.5495839721852944,High-consequence historical evidence: EVACUATION_OR_TRAPPED_VEHICLE,False
F03,Kampung Pasir Tebrau,COMMUNITY,JB0500_R0057_C0046,2022;2023;2025,3,True,SEVERE,严重洪涝区域,#FF0000,0.3,#B30000,OSM_RESIDENTIAL_POLYGON_CONTAINING_OFFICIAL_POINT,MEDIUM,True,name=None; osm_way_id=564100506,0,0.0,103.74288131,1.54457461,0.05601788581849885,103.7425049756479,1.5454118474847458,103.7403003,1.543447299999996,103.7445698,1.5474383999999912,High-consequence historical evidence: EVACUATION_OR_TRAPPED_VEHICLE,False
F04,Kampung Paya Kenangan,COMMUNITY,JB0500_R0056_C0047,2022;2023;2025,3,True,SEVERE,严重洪涝区域,#FF0000,0.3,#B30000,OSM_RESIDENTIAL_POLYGON_CONTAINING_OFFICIAL_POINT,MEDIUM,True,name=None; osm_way_id=408116848,0,0.0,103.74961954,1.5403203,0.04807823092889299,103.75003929380105,1.5402512998568538,103.74858,1.5393700999999993,103.752449,1.5415413999999878,High-consequence historical evidence: EVACUATION_OR_TRAPPED_VEHICLE,False
F05,Jalan Ayer Molek,ROAD,JB0500_R0039_C0049,2022;2023,2,True,SEVERE,严重洪涝区域,#FF0000,0.3,#B30000,OSM_NAMED_ROAD_CORRIDOR_WITHIN_FROZEN_500M_GRID,MEDIUM,True,10 named OSM road segments; aliases=Jalan Ayer Molek,10,574.318979603819,103.7587117,1.4594963,0.007006642622030256,103.75700944406842,1.4615218325007588,103.75530390052958,1.4594562126169588,103.75871775295224,1.4634111576846043,High-consequence historical evidence: EVACUATION_OR_TRAPPED_VEHICLE,False
F06,Kampung Mohd Amin,COMMUNITY,JB0500_R0040_C0044,2022;2023,2,True,RECURRENT,经常内涝区域,#FFD700,0.3,#B38F00,OSM_NAMED_RESIDENTIAL_POLYGON,HIGH,False,name=Kampung Mohd Amin; osm_way_id=None,0,0.0,103.7354126,1.4673637000000002,0.1920622120546278,103.73564548671322,1.4644827361067143,103.73224920000001,1.4607479999999937,103.7389546,1.467429499999995,"Observed in at least two of the 2022/2023/2025 core years, without a Step 3B severe trigger.",False
F07,Jalan Kolam Ayer,ROAD,JB0500_R0044_C0041,2022;2023,2,True,SEVERE,严重洪涝区域,#FF0000,0.3,#B30000,OSM_NAMED_ROAD_CORRIDOR_WITHIN_FROZEN_500M_GRID,MEDIUM,True,3 named OSM road segments; aliases=Jalan Kolam Ayer;Jalan Kolam Air,3,478.3587900759907,103.7220526,1.4823854,0.004730530561840379,103.72061023828896,1.4833475412668669,103.71885702808687,1.4822275075948128,103.72211296233358,1.4845795625740714,Explicit 6 Dec 2023 road-closure evidence for part of Jalan Kolam Ayer.,False
F08,Kampung Belantik,COMMUNITY,JB0500_R0051_C0051,2012;2022;2025,2,False,SEVERE,严重洪涝区域,#FF0000,0.3,#B30000,FROZEN_500M_GRID_SUPPORT,LOW,True,JB0500_R0051_C0051,0,0.0,103.76650814,1.51378258,0.25,103.76546580653934,1.5156566722251235,103.76321889015439,1.5133954509486975,103.76771272810596,1.5179178921607714,Long-term recurrent flooding; reported ~1 m water depth and ~70 of >100 houses affected.,False
F09,Jalan Stulang Darat,ROAD,JB0500_R0041_C0054,2022;2023,2,False,RECURRENT,经常内涝区域,#FFD700,0.3,#B38F00,OSM_NAMED_ROAD_CORRIDOR_WITHIN_FROZEN_500M_GRID,MEDIUM,True,3 named OSM road segments; aliases=Jalan Stulang Darat,3,338.13115557352575,103.7773894,1.4724632,0.003165311893332948,103.77728984060444,1.4721983103692007,103.77669169965996,1.4715274981889217,103.7780687498138,1.4726982797904153,"Observed in at least two of the 2022/2023/2025 core years, without a Step 3B severe trigger.",False
F10,Jalan Tun Abdul Razak,ROAD,JB0500_R0043_C0048,2022;2023,2,False,RECURRENT,经常内涝区域,#FFD700,0.3,#B38F00,OSM_NAMED_ROAD_CORRIDOR_WITHIN_FROZEN_500M_GRID,MEDIUM,True,9 named OSM road segments; aliases=Jalan Tun Abdul Razak,9,1065.78733555388,103.7527329,1.4803791000000002,0.01223638056791676,103.75295442363593,1.4791921578483465,103.75250118885545,1.4772236887726709,103.75363734695473,1.4817454934643852,"Observed in at least two of the 2022/2023/2025 core years, without a Step 3B severe trigger.",False
F11,Jalan Yahya Awal,ROAD,JB0500_R0039_C0049,2022;2023,2,False,RECURRENT,经常内涝区域,#FFD700,0.3,#B38F00,OSM_NAMED_ROAD_CORRIDOR_WITHIN_FROZEN_500M_GRID,MEDIUM,True,2 named OSM road segments; aliases=Jalan Yahya Awal,2,42.23142746656796,103.7553464,1.4633725,0.0005460407501628673,103.75521711766646,1.4635132934152124,103.75503945482853,1.4633338004774763,103.75538886186189,1.4636582338507822,"Observed in at least two of the 2022/2023/2025 core years, without a Step 3B severe trigger.",False
F12,Jalan Mahmoodiah,ROAD,JB0500_R0039_C0047,2022;2023,2,False,RECURRENT,经常内涝区域,#FFD700,0.3,#B38F00,OSM_NAMED_ROAD_CORRIDOR_WITHIN_FROZEN_500M_GRID,MEDIUM,True,11 named OSM road segments; aliases=Jalan Mahmoodiah,11,567.8715283393891,103.7482815,1.4629658,0.006619034700217806,103.747154257365,1.4625254015158005,103.74523892428232,1.461308253530508,103.74973227599267,1.463659020821018,"Observed in at least two of the 2022/2023/2025 core years, without a Step 3B severe trigger.",False
F13,Jalan Tebrau,ROAD,JB0500_R0042_C0050,2022;2023,2,False,RECURRENT,经常内涝区域,#FFD700,0.3,#B38F00,OSM_NAMED_ROAD_CORRIDOR_WITHIN_FROZEN_500M_GRID,MEDIUM,True,6 named OSM road segments; aliases=Jalan Tebrau,6,698.7237223012152,103.762918,1.4748694,0.006894580954667357,103.76285150851203,1.4743094523577585,103.76242423841225,1.4727005999550618,103.76321323359042,1.476118223520084,"Observed in at least two of the 2022/2023/2025 core years, without a Step 3B severe trigger.",False
F14,Jalan Sungai Chat,ROAD,JB0500_R0039_C0045,2022;2023,2,False,RECURRENT,经常内涝区域,#FFD700,0.3,#B38F00,OSM_NAMED_ROAD_CORRIDOR_WITHIN_FROZEN_500M_GRID,MEDIUM,True,14 named OSM road segments; aliases=Jalan Sungai Chat,14,977.0882985232264,103.7385575,1.4609922,0.010090600526484667,103.73927407373617,1.4618994699274466,103.73807424512268,1.45943846024666,103.74074600420509,1.4632027859238494,"Observed in at least two of the 2022/2023/2025 core years, without a Step 3B severe trigger.",False
F15,Kampung Bunga Ros,COMMUNITY,JB0500_R0055_C0050,2022;2025,2,False,SEVERE,严重洪涝区域,#FF0000,0.3,#B30000,OSM_NAMED_RESIDENTIAL_POLYGON,HIGH,False,name=Taman Bunga Ros; osm_way_id=955933758,0,0.0,103.75965347,1.53411714,0.03990814136864288,103.75943591533175,1.5341336829204317,103.7582009,1.5321417000000104,103.76093240000002,1.5357754000000186,High-consequence historical evidence: EVACUATION_OR_TRAPPED_VEHICLE,False
F16,Kampung Tengah Tebrau,COMMUNITY,JB0500_R0050_C0051,2022;2023,2,False,RECURRENT,经常内涝区域,#FFD700,0.3,#B38F00,FROZEN_500M_GRID_SUPPORT,LOW,True,JB0500_R0050_C0051,0,0.0,103.76595541,1.51143829,0.25,103.76546510747862,1.5111349355017751,103.76321819678492,1.5088737151856335,103.76771202334008,1.5133961544842742,"Observed in at least two of the 2022/2023/2025 core years, without a Step 3B severe trigger.",False
