facility_id,facility_name,snap_distance_m,route_subedge_idx,mapping_gap_m,route_node_u,route_node_v,route_edge_length_m,chainage_from_u_m,distance_to_v_m,oneway_code,speed_kmh,weak_component
HOSP_001,Hospital Sultanah Aminah Johor Bahru,0.6024263535518297,186765,1.5801409639669116e-11,213675,215688,204.905841449942,181.0173928175627,23.888448632379294,1,30.0,0
HOSP_002,Hospital Sultan Ismail Johor Bahru,2.6061580154293287,115458,2.8489979926832393e-11,268068,268080,39.44350455046505,17.291969815728176,22.151534734736874,0,20.0,0
HOSP_003,Hospital Pasir Gudang,7.8594534146845545,420655,3.3257316012433134e-12,314358,314359,32.30512330939541,8.728232529458804,23.57689077993661,0,35.0,0
PRIV_001,Columbia Asia Hospital Tebrau,6.377892270280513,396456,5.316012188766012e-13,252724,252751,3.207233991148206,2.093654565514951,1.113579425633255,1,20.0,0
PRIV_002,Columbia Asia Hospital Iskandar Puteri,0.7841647199525096,306149,3.9688102903101347e-11,99880,100080,56.413595468543996,55.81455278534505,0.5990426831989453,1,20.0,0
PRIV_003,Gleneagles Hospital Johor,4.701892489652819,309048,2.0965923351672176e-12,99689,99259,29.284661957010037,28.90968506429115,0.37497689271888746,0,20.0,0
PRIV_004,KPJ Johor Specialist Hospital,35.604617700690895,363372,0.0,208668,208221,35.444855495392076,35.444855495392076,0.0,1,20.0,0
PRIV_005,Hospital Penawar,23.602197019787294,87713,4.084736910069355e-11,343600,343884,85.81195454699063,53.43980870870772,32.37214583828291,1,30.0,0
PRIV_006,Kempas Medical Centre,15.496755400001673,368862,2.050851428173605e-11,190451,190985,69.05964054145035,33.66472078546288,35.394919755987466,1,20.0,0
PRIV_007,Kensington Hospital Johor,7.583412102133342,175084,5.0643485357103824e-11,91117,91489,104.70411836036509,63.10722521938361,41.59689314098148,1,30.0,0
PRIV_008,KPJ Bandar Dato' Onn Specialist Hospital,0.5101794537666252,280526,1.973314489425339e-11,206945,206901,21.511106583947424,2.9656913388276975,18.545415245119727,0,20.0,0
PRIV_009,KPJ Puteri Specialist Hospital,30.42795968731894,419126,3.284062596918545e-11,209093,209317,27.140311167448093,14.337963923946647,12.802347243501446,1,20.0,0
PRIV_010,KPJ Pasir Gudang Specialist Hospital,10.517753124941525,293378,1.9011395104781522e-11,337398,337329,12.184857630687278,6.885009365566688,5.299848265120589,1,20.0,0
PRIV_011,Regency Specialist Hospital,32.0614861042489,397993,3.6805005789987766e-11,320219,320344,32.49209775478415,17.12307074991022,15.369027004873928,1,20.0,0
