order_id,order,stage,restored_closure_id,restored_road,roads_still_closed,incremental_population_restored,cumulative_population_restored,cumulative_recovery_pct_of_initial_loss,remaining_newly_unreachable_population,remaining_newly_unreachable_pct_total,weighted_mean_delay_common_reachable_min,population_within_30min_pct,population_within_45min_pct,population_within_60min_pct,Tebrau_incremental_population_restored,Tebrau_remaining_newly_unreachable_population,Tebrau_remaining_newly_unreachable_pct,Plentong_incremental_population_restored,Plentong_remaining_newly_unreachable_population,subdistrict_weighted_gini_unreachable_rate,subdistrict_weighted_sd_unreachable_rate_pct,subdistrict_max_unreachable_rate_pct,subdistrict_rate_range_pp,subdistrict_weighted_gini_30min_coverage_loss,subdistrict_max_30min_coverage_loss_pp
1,J105 → FT01 → FT003,1,C2025_J105_7.0_7.5,J105,FT003;FT01,3219.757496956736,3219.757496956736,64.90078574897552,1741.2879816144705,0.09136980978744676,0.009172708609921925,99.5339611348699,99.63816132465008,99.63816132465008,3219.757496956736,1463.1836634725332,0.3032872332313749,0.0,278.10431814193726,0.6556021745841571,0.12492519946637523,0.3032872332313749,0.3032872332313749,0.6556021745841578,0.30328723323137297
1,J105 → FT01 → FT003,2,C2025_FT01_19.6_20.0,FT01,FT003,1278.999496564269,4498.756993521005,90.68163178412665,462.2884850502014,0.024257452754484005,0.009166534391924653,99.60107349190285,99.70527368168305,99.70527368168305,1278.999496564269,184.18416690826416,0.03817750825214965,0.0,278.10431814193726,0.45418846253893286,0.021208959040018543,0.045863116215131304,0.045863116215131304,0.4541884625388888,0.04586311621513062
1,J105 → FT01 → FT003,3,C2025_FT003_9.1_10.0,FT003,NONE,462.2884850502014,4961.045478571206,100.0,0.0,0.0,0.0,99.62533094465734,99.72953113443754,99.72953113443754,184.18416690826416,0.0,0.0,278.10431814193726,0.0,0.0,0.0,0.0,0.0,0.0,0.0
2,J105 → FT003 → FT01,1,C2025_J105_7.0_7.5,J105,FT003;FT01,3219.757496956736,3219.757496956736,64.90078574897552,1741.2879816144705,0.09136980978744676,0.009172708609921925,99.5339611348699,99.63816132465008,99.63816132465008,3219.757496956736,1463.1836634725332,0.3032872332313749,0.0,278.10431814193726,0.6556021745841571,0.12492519946637523,0.3032872332313749,0.3032872332313749,0.6556021745841578,0.30328723323137297
2,J105 → FT003 → FT01,2,C2025_FT003_9.1_10.0,FT003,FT01,462.2884850502014,3682.0459820069373,74.21915396484887,1278.999496564269,0.06711235703296276,0.0,99.55821858762438,99.66241877740457,99.66241877740457,184.18416690826416,1278.999496564269,0.26510972497922525,278.10431814193726,0.0,0.7468506406612512,0.11527389144640024,0.26510972497922525,0.26510972497922525,0.7468506406612512,0.2651097249792258
2,J105 → FT003 → FT01,3,C2025_FT01_19.6_20.0,FT01,NONE,1278.999496564269,4961.045478571206,100.0,0.0,0.0,0.0,99.62533094465734,99.72953113443754,99.72953113443754,1278.999496564269,0.0,0.0,0.0,0.0,0.0,0.0,0.0,0.0,0.0,0.0
3,FT01 → J105 → FT003,1,C2025_FT01_19.6_20.0,FT01,FT003;J105,1278.999496564269,1278.999496564269,25.78084603515113,3682.0459820069373,0.19320631886098505,0.009182093290593165,99.43212462579636,99.53632481557655,99.53632481557655,1278.999496564269,3403.941663865,0.7055655930879644,0.0,278.10431814193726,0.7036980406944808,0.29893831463335263,0.7055655930879644,0.7055655930879644,0.7036980406944816,0.7055655930879681
3,FT01 → J105 → FT003,2,C2025_J105_7.0_7.5,J105,FT003,3219.757496956736,4498.756993521005,90.68163178412665,462.2884850502014,0.024257452754484005,0.009166534391924653,99.60107349190285,99.70527368168305,99.70527368168305,3219.757496956736,184.18416690826416,0.03817750825214965,0.0,278.10431814193726,0.45418846253893286,0.021208959040018543,0.045863116215131304,0.045863116215131304,0.4541884625388888,0.04586311621513062
3,FT01 → J105 → FT003,3,C2025_FT003_9.1_10.0,FT003,NONE,462.2884850502014,4961.045478571206,100.0,0.0,0.0,0.0,99.62533094465734,99.72953113443754,99.72953113443754,184.18416690826416,0.0,0.0,278.10431814193726,0.0,0.0,0.0,0.0,0.0,0.0,0.0
4,FT01 → FT003 → J105,1,C2025_FT01_19.6_20.0,FT01,FT003;J105,1278.999496564269,1278.999496564269,25.78084603515113,3682.0459820069373,0.19320631886098505,0.009182093290593165,99.43212462579636,99.53632481557655,99.53632481557655,1278.999496564269,3403.941663865,0.7055655930879644,0.0,278.10431814193726,0.7036980406944808,0.29893831463335263,0.7055655930879644,0.7055655930879644,0.7036980406944816,0.7055655930879681
4,FT01 → FT003 → J105,2,C2025_FT003_9.1_10.0,FT003,J105,462.2884850502014,1741.2879816144705,35.09921425102448,3219.757496956736,0.16894886610650106,0.0,99.45638207855085,99.56058226833103,99.56058226833103,184.18416690826416,3219.757496956736,0.6673880848358148,278.10431814193726,0.0,0.7468506406612512,0.2901908696484571,0.6673880848358148,0.6673880848358148,0.7468506406612512,0.6673880848358209
4,FT01 → FT003 → J105,3,C2025_J105_7.0_7.5,J105,NONE,3219.757496956736,4961.045478571206,100.0,0.0,0.0,0.0,99.62533094465734,99.72953113443754,99.72953113443754,3219.757496956736,0.0,0.0,0.0,0.0,0.0,0.0,0.0,0.0,0.0,0.0
5,FT003 → J105 → FT01,1,C2025_FT003_9.1_10.0,FT003,FT01;J105,462.2884850502014,462.2884850502014,9.318368215873354,4498.756993521005,0.23606122313946382,0.0,99.38926972151788,99.49346991129808,99.49346991129808,184.18416690826416,4498.756993521005,0.93249780981504,278.10431814193726,0.0,0.7468506406612512,0.4054647610948573,0.93249780981504,0.93249780981504,0.7468506406612512,0.9324978098150467
5,FT003 → J105 → FT01,2,C2025_J105_7.0_7.5,J105,FT01,3219.757496956736,3682.0459820069373,74.21915396484887,1278.999496564269,0.06711235703296276,0.0,99.55821858762438,99.66241877740457,99.66241877740457,3219.757496956736,1278.999496564269,0.26510972497922525,0.0,0.0,0.7468506406612512,0.11527389144640024,0.26510972497922525,0.26510972497922525,0.7468506406612512,0.2651097249792258
5,FT003 → J105 → FT01,3,C2025_FT01_19.6_20.0,FT01,NONE,1278.999496564269,4961.045478571206,100.0,0.0,0.0,0.0,99.62533094465734,99.72953113443754,99.72953113443754,1278.999496564269,0.0,0.0,0.0,0.0,0.0,0.0,0.0,0.0,0.0,0.0
6,FT003 → FT01 → J105,1,C2025_FT003_9.1_10.0,FT003,FT01;J105,462.2884850502014,462.2884850502014,9.318368215873354,4498.756993521005,0.23606122313946382,0.0,99.38926972151788,99.49346991129808,99.49346991129808,184.18416690826416,4498.756993521005,0.93249780981504,278.10431814193726,0.0,0.7468506406612512,0.4054647610948573,0.93249780981504,0.93249780981504,0.7468506406612512,0.9324978098150467
6,FT003 → FT01 → J105,2,C2025_FT01_19.6_20.0,FT01,J105,1278.999496564269,1741.2879816144705,35.09921425102448,3219.757496956736,0.16894886610650106,0.0,99.45638207855085,99.56058226833103,99.56058226833103,1278.999496564269,3219.757496956736,0.6673880848358148,0.0,0.0,0.7468506406612512,0.2901908696484571,0.6673880848358148,0.6673880848358148,0.7468506406612512,0.6673880848358209
6,FT003 → FT01 → J105,3,C2025_J105_7.0_7.5,J105,NONE,3219.757496956736,4961.045478571206,100.0,0.0,0.0,0.0,99.62533094465734,99.72953113443754,99.72953113443754,3219.757496956736,0.0,0.0,0.0,0.0,0.0,0.0,0.0,0.0,0.0,0.0
