order_id,order,stage,restored_road,subdistrict,population,newly_unreachable_population,newly_unreachable_pct_subdistrict,baseline_30min_pct,scenario_30min_pct,coverage30_loss_pp
1,J105 → FT01 → FT003,1,J105,Bandar Johor Bahru,207420.12850077078,0.0,0.0,99.67927954917475,99.67927954917475,0.0
1,J105 → FT01 → FT003,1,J105,Bandar Tebrau,369.8173522949219,0.0,0.0,100.0,100.0,0.0
1,J105 → FT01 → FT003,1,J105,Mukim Jelutong,27446.888267802075,0.0,0.0,99.62020495233762,99.62020495233762,0.0
1,J105 → FT01 → FT003,1,J105,Mukim Plentong,606379.027620858,278.10431814193726,0.045863116215131304,99.70602839138729,99.66016527517216,0.04586311621513062
1,J105 → FT01 → FT003,1,J105,Mukim Pulai,495673.2936638985,0.0,0.0,99.67051187718366,99.67051187718366,0.0
1,J105 → FT01 → FT003,1,J105,Mukim Sungai Tiram,39171.378846266074,0.0,0.0,94.62388702643086,94.62388702643086,0.0
1,J105 → FT01 → FT003,1,J105,Mukim Tanjung Kupang,46856.47567711212,0.0,0.0,99.89977113576309,99.89977113576309,0.0
1,J105 → FT01 → FT003,1,J105,Mukim Tebrau,482441.56138161104,1463.1836634725332,0.3032872332313749,99.83372518021032,99.53043794697895,0.30328723323137297
1,J105 → FT01 → FT003,2,FT01,Bandar Johor Bahru,207420.12850077078,0.0,0.0,99.67927954917475,99.67927954917475,0.0
1,J105 → FT01 → FT003,2,FT01,Bandar Tebrau,369.8173522949219,0.0,0.0,100.0,100.0,0.0
1,J105 → FT01 → FT003,2,FT01,Mukim Jelutong,27446.888267802075,0.0,0.0,99.62020495233762,99.62020495233762,0.0
1,J105 → FT01 → FT003,2,FT01,Mukim Plentong,606379.027620858,278.10431814193726,0.045863116215131304,99.70602839138729,99.66016527517216,0.04586311621513062
1,J105 → FT01 → FT003,2,FT01,Mukim Pulai,495673.2936638985,0.0,0.0,99.67051187718366,99.67051187718366,0.0
1,J105 → FT01 → FT003,2,FT01,Mukim Sungai Tiram,39171.378846266074,0.0,0.0,94.62388702643086,94.62388702643086,0.0
1,J105 → FT01 → FT003,2,FT01,Mukim Tanjung Kupang,46856.47567711212,0.0,0.0,99.89977113576309,99.89977113576309,0.0
1,J105 → FT01 → FT003,2,FT01,Mukim Tebrau,482441.56138161104,184.18416690826416,0.03817750825214965,99.83372518021032,99.79554767195816,0.038177508252161374
1,J105 → FT01 → FT003,3,FT003,Bandar Johor Bahru,207420.12850077078,0.0,0.0,99.67927954917475,99.67927954917475,0.0
1,J105 → FT01 → FT003,3,FT003,Bandar Tebrau,369.8173522949219,0.0,0.0,100.0,100.0,0.0
1,J105 → FT01 → FT003,3,FT003,Mukim Jelutong,27446.888267802075,0.0,0.0,99.62020495233762,99.62020495233762,0.0
1,J105 → FT01 → FT003,3,FT003,Mukim Plentong,606379.027620858,0.0,0.0,99.70602839138729,99.70602839138729,0.0
1,J105 → FT01 → FT003,3,FT003,Mukim Pulai,495673.2936638985,0.0,0.0,99.67051187718366,99.67051187718366,0.0
1,J105 → FT01 → FT003,3,FT003,Mukim Sungai Tiram,39171.378846266074,0.0,0.0,94.62388702643086,94.62388702643086,0.0
1,J105 → FT01 → FT003,3,FT003,Mukim Tanjung Kupang,46856.47567711212,0.0,0.0,99.89977113576309,99.89977113576309,0.0
1,J105 → FT01 → FT003,3,FT003,Mukim Tebrau,482441.56138161104,0.0,0.0,99.83372518021032,99.83372518021032,0.0
2,J105 → FT003 → FT01,1,J105,Bandar Johor Bahru,207420.12850077078,0.0,0.0,99.67927954917475,99.67927954917475,0.0
2,J105 → FT003 → FT01,1,J105,Bandar Tebrau,369.8173522949219,0.0,0.0,100.0,100.0,0.0
2,J105 → FT003 → FT01,1,J105,Mukim Jelutong,27446.888267802075,0.0,0.0,99.62020495233762,99.62020495233762,0.0
2,J105 → FT003 → FT01,1,J105,Mukim Plentong,606379.027620858,278.10431814193726,0.045863116215131304,99.70602839138729,99.66016527517216,0.04586311621513062
2,J105 → FT003 → FT01,1,J105,Mukim Pulai,495673.2936638985,0.0,0.0,99.67051187718366,99.67051187718366,0.0
2,J105 → FT003 → FT01,1,J105,Mukim Sungai Tiram,39171.378846266074,0.0,0.0,94.62388702643086,94.62388702643086,0.0
2,J105 → FT003 → FT01,1,J105,Mukim Tanjung Kupang,46856.47567711212,0.0,0.0,99.89977113576309,99.89977113576309,0.0
2,J105 → FT003 → FT01,1,J105,Mukim Tebrau,482441.56138161104,1463.1836634725332,0.3032872332313749,99.83372518021032,99.53043794697895,0.30328723323137297
2,J105 → FT003 → FT01,2,FT003,Bandar Johor Bahru,207420.12850077078,0.0,0.0,99.67927954917475,99.67927954917475,0.0
2,J105 → FT003 → FT01,2,FT003,Bandar Tebrau,369.8173522949219,0.0,0.0,100.0,100.0,0.0
2,J105 → FT003 → FT01,2,FT003,Mukim Jelutong,27446.888267802075,0.0,0.0,99.62020495233762,99.62020495233762,0.0
2,J105 → FT003 → FT01,2,FT003,Mukim Plentong,606379.027620858,0.0,0.0,99.70602839138729,99.70602839138729,0.0
2,J105 → FT003 → FT01,2,FT003,Mukim Pulai,495673.2936638985,0.0,0.0,99.67051187718366,99.67051187718366,0.0
2,J105 → FT003 → FT01,2,FT003,Mukim Sungai Tiram,39171.378846266074,0.0,0.0,94.62388702643086,94.62388702643086,0.0
2,J105 → FT003 → FT01,2,FT003,Mukim Tanjung Kupang,46856.47567711212,0.0,0.0,99.89977113576309,99.89977113576309,0.0
2,J105 → FT003 → FT01,2,FT003,Mukim Tebrau,482441.56138161104,1278.999496564269,0.26510972497922525,99.83372518021032,99.5686154552311,0.2651097249792258
2,J105 → FT003 → FT01,3,FT01,Bandar Johor Bahru,207420.12850077078,0.0,0.0,99.67927954917475,99.67927954917475,0.0
2,J105 → FT003 → FT01,3,FT01,Bandar Tebrau,369.8173522949219,0.0,0.0,100.0,100.0,0.0
2,J105 → FT003 → FT01,3,FT01,Mukim Jelutong,27446.888267802075,0.0,0.0,99.62020495233762,99.62020495233762,0.0
2,J105 → FT003 → FT01,3,FT01,Mukim Plentong,606379.027620858,0.0,0.0,99.70602839138729,99.70602839138729,0.0
2,J105 → FT003 → FT01,3,FT01,Mukim Pulai,495673.2936638985,0.0,0.0,99.67051187718366,99.67051187718366,0.0
2,J105 → FT003 → FT01,3,FT01,Mukim Sungai Tiram,39171.378846266074,0.0,0.0,94.62388702643086,94.62388702643086,0.0
2,J105 → FT003 → FT01,3,FT01,Mukim Tanjung Kupang,46856.47567711212,0.0,0.0,99.89977113576309,99.89977113576309,0.0
2,J105 → FT003 → FT01,3,FT01,Mukim Tebrau,482441.56138161104,0.0,0.0,99.83372518021032,99.83372518021032,0.0
3,FT01 → J105 → FT003,1,FT01,Bandar Johor Bahru,207420.12850077078,0.0,0.0,99.67927954917475,99.67927954917475,0.0
3,FT01 → J105 → FT003,1,FT01,Bandar Tebrau,369.8173522949219,0.0,0.0,100.0,100.0,0.0
3,FT01 → J105 → FT003,1,FT01,Mukim Jelutong,27446.888267802075,0.0,0.0,99.62020495233762,99.62020495233762,0.0
3,FT01 → J105 → FT003,1,FT01,Mukim Plentong,606379.027620858,278.10431814193726,0.045863116215131304,99.70602839138729,99.66016527517216,0.04586311621513062
3,FT01 → J105 → FT003,1,FT01,Mukim Pulai,495673.2936638985,0.0,0.0,99.67051187718366,99.67051187718366,0.0
3,FT01 → J105 → FT003,1,FT01,Mukim Sungai Tiram,39171.378846266074,0.0,0.0,94.62388702643086,94.62388702643086,0.0
3,FT01 → J105 → FT003,1,FT01,Mukim Tanjung Kupang,46856.47567711212,0.0,0.0,99.89977113576309,99.89977113576309,0.0
3,FT01 → J105 → FT003,1,FT01,Mukim Tebrau,482441.56138161104,3403.941663865,0.7055655930879644,99.83372518021032,99.12815958712235,0.7055655930879681
3,FT01 → J105 → FT003,2,J105,Bandar Johor Bahru,207420.12850077078,0.0,0.0,99.67927954917475,99.67927954917475,0.0
3,FT01 → J105 → FT003,2,J105,Bandar Tebrau,369.8173522949219,0.0,0.0,100.0,100.0,0.0
3,FT01 → J105 → FT003,2,J105,Mukim Jelutong,27446.888267802075,0.0,0.0,99.62020495233762,99.62020495233762,0.0
3,FT01 → J105 → FT003,2,J105,Mukim Plentong,606379.027620858,278.10431814193726,0.045863116215131304,99.70602839138729,99.66016527517216,0.04586311621513062
3,FT01 → J105 → FT003,2,J105,Mukim Pulai,495673.2936638985,0.0,0.0,99.67051187718366,99.67051187718366,0.0
3,FT01 → J105 → FT003,2,J105,Mukim Sungai Tiram,39171.378846266074,0.0,0.0,94.62388702643086,94.62388702643086,0.0
3,FT01 → J105 → FT003,2,J105,Mukim Tanjung Kupang,46856.47567711212,0.0,0.0,99.89977113576309,99.89977113576309,0.0
3,FT01 → J105 → FT003,2,J105,Mukim Tebrau,482441.56138161104,184.18416690826416,0.03817750825214965,99.83372518021032,99.79554767195816,0.038177508252161374
3,FT01 → J105 → FT003,3,FT003,Bandar Johor Bahru,207420.12850077078,0.0,0.0,99.67927954917475,99.67927954917475,0.0
3,FT01 → J105 → FT003,3,FT003,Bandar Tebrau,369.8173522949219,0.0,0.0,100.0,100.0,0.0
3,FT01 → J105 → FT003,3,FT003,Mukim Jelutong,27446.888267802075,0.0,0.0,99.62020495233762,99.62020495233762,0.0
3,FT01 → J105 → FT003,3,FT003,Mukim Plentong,606379.027620858,0.0,0.0,99.70602839138729,99.70602839138729,0.0
3,FT01 → J105 → FT003,3,FT003,Mukim Pulai,495673.2936638985,0.0,0.0,99.67051187718366,99.67051187718366,0.0
3,FT01 → J105 → FT003,3,FT003,Mukim Sungai Tiram,39171.378846266074,0.0,0.0,94.62388702643086,94.62388702643086,0.0
3,FT01 → J105 → FT003,3,FT003,Mukim Tanjung Kupang,46856.47567711212,0.0,0.0,99.89977113576309,99.89977113576309,0.0
3,FT01 → J105 → FT003,3,FT003,Mukim Tebrau,482441.56138161104,0.0,0.0,99.83372518021032,99.83372518021032,0.0
4,FT01 → FT003 → J105,1,FT01,Bandar Johor Bahru,207420.12850077078,0.0,0.0,99.67927954917475,99.67927954917475,0.0
4,FT01 → FT003 → J105,1,FT01,Bandar Tebrau,369.8173522949219,0.0,0.0,100.0,100.0,0.0
4,FT01 → FT003 → J105,1,FT01,Mukim Jelutong,27446.888267802075,0.0,0.0,99.62020495233762,99.62020495233762,0.0
4,FT01 → FT003 → J105,1,FT01,Mukim Plentong,606379.027620858,278.10431814193726,0.045863116215131304,99.70602839138729,99.66016527517216,0.04586311621513062
4,FT01 → FT003 → J105,1,FT01,Mukim Pulai,495673.2936638985,0.0,0.0,99.67051187718366,99.67051187718366,0.0
4,FT01 → FT003 → J105,1,FT01,Mukim Sungai Tiram,39171.378846266074,0.0,0.0,94.62388702643086,94.62388702643086,0.0
4,FT01 → FT003 → J105,1,FT01,Mukim Tanjung Kupang,46856.47567711212,0.0,0.0,99.89977113576309,99.89977113576309,0.0
4,FT01 → FT003 → J105,1,FT01,Mukim Tebrau,482441.56138161104,3403.941663865,0.7055655930879644,99.83372518021032,99.12815958712235,0.7055655930879681
4,FT01 → FT003 → J105,2,FT003,Bandar Johor Bahru,207420.12850077078,0.0,0.0,99.67927954917475,99.67927954917475,0.0
4,FT01 → FT003 → J105,2,FT003,Bandar Tebrau,369.8173522949219,0.0,0.0,100.0,100.0,0.0
4,FT01 → FT003 → J105,2,FT003,Mukim Jelutong,27446.888267802075,0.0,0.0,99.62020495233762,99.62020495233762,0.0
4,FT01 → FT003 → J105,2,FT003,Mukim Plentong,606379.027620858,0.0,0.0,99.70602839138729,99.70602839138729,0.0
4,FT01 → FT003 → J105,2,FT003,Mukim Pulai,495673.2936638985,0.0,0.0,99.67051187718366,99.67051187718366,0.0
4,FT01 → FT003 → J105,2,FT003,Mukim Sungai Tiram,39171.378846266074,0.0,0.0,94.62388702643086,94.62388702643086,0.0
4,FT01 → FT003 → J105,2,FT003,Mukim Tanjung Kupang,46856.47567711212,0.0,0.0,99.89977113576309,99.89977113576309,0.0
4,FT01 → FT003 → J105,2,FT003,Mukim Tebrau,482441.56138161104,3219.757496956736,0.6673880848358148,99.83372518021032,99.1663370953745,0.6673880848358209
4,FT01 → FT003 → J105,3,J105,Bandar Johor Bahru,207420.12850077078,0.0,0.0,99.67927954917475,99.67927954917475,0.0
4,FT01 → FT003 → J105,3,J105,Bandar Tebrau,369.8173522949219,0.0,0.0,100.0,100.0,0.0
4,FT01 → FT003 → J105,3,J105,Mukim Jelutong,27446.888267802075,0.0,0.0,99.62020495233762,99.62020495233762,0.0
4,FT01 → FT003 → J105,3,J105,Mukim Plentong,606379.027620858,0.0,0.0,99.70602839138729,99.70602839138729,0.0
4,FT01 → FT003 → J105,3,J105,Mukim Pulai,495673.2936638985,0.0,0.0,99.67051187718366,99.67051187718366,0.0
4,FT01 → FT003 → J105,3,J105,Mukim Sungai Tiram,39171.378846266074,0.0,0.0,94.62388702643086,94.62388702643086,0.0
4,FT01 → FT003 → J105,3,J105,Mukim Tanjung Kupang,46856.47567711212,0.0,0.0,99.89977113576309,99.89977113576309,0.0
4,FT01 → FT003 → J105,3,J105,Mukim Tebrau,482441.56138161104,0.0,0.0,99.83372518021032,99.83372518021032,0.0
5,FT003 → J105 → FT01,1,FT003,Bandar Johor Bahru,207420.12850077078,0.0,0.0,99.67927954917475,99.67927954917475,0.0
5,FT003 → J105 → FT01,1,FT003,Bandar Tebrau,369.8173522949219,0.0,0.0,100.0,100.0,0.0
5,FT003 → J105 → FT01,1,FT003,Mukim Jelutong,27446.888267802075,0.0,0.0,99.62020495233762,99.62020495233762,0.0
5,FT003 → J105 → FT01,1,FT003,Mukim Plentong,606379.027620858,0.0,0.0,99.70602839138729,99.70602839138729,0.0
5,FT003 → J105 → FT01,1,FT003,Mukim Pulai,495673.2936638985,0.0,0.0,99.67051187718366,99.67051187718366,0.0
5,FT003 → J105 → FT01,1,FT003,Mukim Sungai Tiram,39171.378846266074,0.0,0.0,94.62388702643086,94.62388702643086,0.0
5,FT003 → J105 → FT01,1,FT003,Mukim Tanjung Kupang,46856.47567711212,0.0,0.0,99.89977113576309,99.89977113576309,0.0
5,FT003 → J105 → FT01,1,FT003,Mukim Tebrau,482441.56138161104,4498.756993521005,0.93249780981504,99.83372518021032,98.90122737039528,0.9324978098150467
5,FT003 → J105 → FT01,2,J105,Bandar Johor Bahru,207420.12850077078,0.0,0.0,99.67927954917475,99.67927954917475,0.0
5,FT003 → J105 → FT01,2,J105,Bandar Tebrau,369.8173522949219,0.0,0.0,100.0,100.0,0.0
5,FT003 → J105 → FT01,2,J105,Mukim Jelutong,27446.888267802075,0.0,0.0,99.62020495233762,99.62020495233762,0.0
5,FT003 → J105 → FT01,2,J105,Mukim Plentong,606379.027620858,0.0,0.0,99.70602839138729,99.70602839138729,0.0
5,FT003 → J105 → FT01,2,J105,Mukim Pulai,495673.2936638985,0.0,0.0,99.67051187718366,99.67051187718366,0.0
5,FT003 → J105 → FT01,2,J105,Mukim Sungai Tiram,39171.378846266074,0.0,0.0,94.62388702643086,94.62388702643086,0.0
5,FT003 → J105 → FT01,2,J105,Mukim Tanjung Kupang,46856.47567711212,0.0,0.0,99.89977113576309,99.89977113576309,0.0
5,FT003 → J105 → FT01,2,J105,Mukim Tebrau,482441.56138161104,1278.999496564269,0.26510972497922525,99.83372518021032,99.5686154552311,0.2651097249792258
5,FT003 → J105 → FT01,3,FT01,Bandar Johor Bahru,207420.12850077078,0.0,0.0,99.67927954917475,99.67927954917475,0.0
5,FT003 → J105 → FT01,3,FT01,Bandar Tebrau,369.8173522949219,0.0,0.0,100.0,100.0,0.0
5,FT003 → J105 → FT01,3,FT01,Mukim Jelutong,27446.888267802075,0.0,0.0,99.62020495233762,99.62020495233762,0.0
5,FT003 → J105 → FT01,3,FT01,Mukim Plentong,606379.027620858,0.0,0.0,99.70602839138729,99.70602839138729,0.0
5,FT003 → J105 → FT01,3,FT01,Mukim Pulai,495673.2936638985,0.0,0.0,99.67051187718366,99.67051187718366,0.0
5,FT003 → J105 → FT01,3,FT01,Mukim Sungai Tiram,39171.378846266074,0.0,0.0,94.62388702643086,94.62388702643086,0.0
5,FT003 → J105 → FT01,3,FT01,Mukim Tanjung Kupang,46856.47567711212,0.0,0.0,99.89977113576309,99.89977113576309,0.0
5,FT003 → J105 → FT01,3,FT01,Mukim Tebrau,482441.56138161104,0.0,0.0,99.83372518021032,99.83372518021032,0.0
6,FT003 → FT01 → J105,1,FT003,Bandar Johor Bahru,207420.12850077078,0.0,0.0,99.67927954917475,99.67927954917475,0.0
6,FT003 → FT01 → J105,1,FT003,Bandar Tebrau,369.8173522949219,0.0,0.0,100.0,100.0,0.0
6,FT003 → FT01 → J105,1,FT003,Mukim Jelutong,27446.888267802075,0.0,0.0,99.62020495233762,99.62020495233762,0.0
6,FT003 → FT01 → J105,1,FT003,Mukim Plentong,606379.027620858,0.0,0.0,99.70602839138729,99.70602839138729,0.0
6,FT003 → FT01 → J105,1,FT003,Mukim Pulai,495673.2936638985,0.0,0.0,99.67051187718366,99.67051187718366,0.0
6,FT003 → FT01 → J105,1,FT003,Mukim Sungai Tiram,39171.378846266074,0.0,0.0,94.62388702643086,94.62388702643086,0.0
6,FT003 → FT01 → J105,1,FT003,Mukim Tanjung Kupang,46856.47567711212,0.0,0.0,99.89977113576309,99.89977113576309,0.0
6,FT003 → FT01 → J105,1,FT003,Mukim Tebrau,482441.56138161104,4498.756993521005,0.93249780981504,99.83372518021032,98.90122737039528,0.9324978098150467
6,FT003 → FT01 → J105,2,FT01,Bandar Johor Bahru,207420.12850077078,0.0,0.0,99.67927954917475,99.67927954917475,0.0
6,FT003 → FT01 → J105,2,FT01,Bandar Tebrau,369.8173522949219,0.0,0.0,100.0,100.0,0.0
6,FT003 → FT01 → J105,2,FT01,Mukim Jelutong,27446.888267802075,0.0,0.0,99.62020495233762,99.62020495233762,0.0
6,FT003 → FT01 → J105,2,FT01,Mukim Plentong,606379.027620858,0.0,0.0,99.70602839138729,99.70602839138729,0.0
6,FT003 → FT01 → J105,2,FT01,Mukim Pulai,495673.2936638985,0.0,0.0,99.67051187718366,99.67051187718366,0.0
6,FT003 → FT01 → J105,2,FT01,Mukim Sungai Tiram,39171.378846266074,0.0,0.0,94.62388702643086,94.62388702643086,0.0
6,FT003 → FT01 → J105,2,FT01,Mukim Tanjung Kupang,46856.47567711212,0.0,0.0,99.89977113576309,99.89977113576309,0.0
6,FT003 → FT01 → J105,2,FT01,Mukim Tebrau,482441.56138161104,3219.757496956736,0.6673880848358148,99.83372518021032,99.1663370953745,0.6673880848358209
6,FT003 → FT01 → J105,3,J105,Bandar Johor Bahru,207420.12850077078,0.0,0.0,99.67927954917475,99.67927954917475,0.0
6,FT003 → FT01 → J105,3,J105,Bandar Tebrau,369.8173522949219,0.0,0.0,100.0,100.0,0.0
6,FT003 → FT01 → J105,3,J105,Mukim Jelutong,27446.888267802075,0.0,0.0,99.62020495233762,99.62020495233762,0.0
6,FT003 → FT01 → J105,3,J105,Mukim Plentong,606379.027620858,0.0,0.0,99.70602839138729,99.70602839138729,0.0
6,FT003 → FT01 → J105,3,J105,Mukim Pulai,495673.2936638985,0.0,0.0,99.67051187718366,99.67051187718366,0.0
6,FT003 → FT01 → J105,3,J105,Mukim Sungai Tiram,39171.378846266074,0.0,0.0,94.62388702643086,94.62388702643086,0.0
6,FT003 → FT01 → J105,3,J105,Mukim Tanjung Kupang,46856.47567711212,0.0,0.0,99.89977113576309,99.89977113576309,0.0
6,FT003 → FT01 → J105,3,J105,Mukim Tebrau,482441.56138161104,0.0,0.0,99.83372518021032,99.83372518021032,0.0
