event_id,location_name_raw,evidence_role,source_id,reported_total_mbjb_affected_areas,public_list_completeness,geocode_status,notes
JB-FLD-20250319-01,Pandan,AFFECTED_AREA_NAMED_BY_MBJB,SRC_A02,27,PARTIAL_NAMED_SUBSET_ONLY,PENDING_D07C_GAZETTEER_SPATIAL_MATCH,Do not treat this named subset as the complete 27-area MBJB list.
JB-FLD-20250319-01,Kangkar Tebrau,AFFECTED_AREA_NAMED_BY_MBJB,SRC_A02,27,PARTIAL_NAMED_SUBSET_ONLY,PENDING_D07C_GAZETTEER_SPATIAL_MATCH,Do not treat this named subset as the complete 27-area MBJB list.
JB-FLD-20250319-01,Taman Desa Mutiara,AFFECTED_AREA_NAMED_BY_MBJB,SRC_A02,27,PARTIAL_NAMED_SUBSET_ONLY,PENDING_D07C_GAZETTEER_SPATIAL_MATCH,Do not treat this named subset as the complete 27-area MBJB list.
JB-FLD-20250319-01,Taman Tampoi Utama,AFFECTED_AREA_NAMED_BY_MBJB,SRC_A02,27,PARTIAL_NAMED_SUBSET_ONLY,PENDING_D07C_GAZETTEER_SPATIAL_MATCH,Do not treat this named subset as the complete 27-area MBJB list.
JB-FLD-20250319-01,Kampung Pasir,AFFECTED_AREA_NAMED_BY_MBJB,SRC_A02,27,PARTIAL_NAMED_SUBSET_ONLY,PENDING_D07C_GAZETTEER_SPATIAL_MATCH,Do not treat this named subset as the complete 27-area MBJB list.
JB-FLD-20250319-01,Kampung Seri Serdang,AFFECTED_AREA_NAMED_BY_MBJB,SRC_A02,27,PARTIAL_NAMED_SUBSET_ONLY,PENDING_D07C_GAZETTEER_SPATIAL_MATCH,Do not treat this named subset as the complete 27-area MBJB list.
JB-FLD-20250319-01,Kampung Melayu Pandan,AFFECTED_AREA_NAMED_BY_MBJB,SRC_A02,27,PARTIAL_NAMED_SUBSET_ONLY,PENDING_D07C_GAZETTEER_SPATIAL_MATCH,Do not treat this named subset as the complete 27-area MBJB list.
JB-FLD-20250319-01,Kampung Belantik,AFFECTED_AREA_NAMED_BY_MBJB,SRC_A02,27,PARTIAL_NAMED_SUBSET_ONLY,PENDING_D07C_GAZETTEER_SPATIAL_MATCH,Do not treat this named subset as the complete 27-area MBJB list.
JB-FLD-20250319-01,Taman Tampoi Indah,SEVERELY_AFFECTED_AREA_HIGHLIGHTED_BY_MBJB,SRC_A02,27,PARTIAL_NAMED_SUBSET_ONLY,PENDING_D07C_GAZETTEER_SPATIAL_MATCH,Do not treat this named subset as the complete 27-area MBJB list.
JB-FLD-20250319-01,Kampung Kangkar Tebrau,PPS_ORIGIN_COMMUNITY,SRC_A03,27,PARTIAL_NAMED_SUBSET_ONLY,PENDING_D07C_GAZETTEER_SPATIAL_MATCH,Do not treat this named subset as the complete 27-area MBJB list.
JB-FLD-20250319-01,Kampung Ulu Pandan,PPS_ORIGIN_COMMUNITY,SRC_A03,27,PARTIAL_NAMED_SUBSET_ONLY,PENDING_D07C_GAZETTEER_SPATIAL_MATCH,Do not treat this named subset as the complete 27-area MBJB list.
JB-FLD-20250319-01,Kampung Bunga Ros,PPS_ORIGIN_COMMUNITY,SRC_A03,27,PARTIAL_NAMED_SUBSET_ONLY,PENDING_D07C_GAZETTEER_SPATIAL_MATCH,Do not treat this named subset as the complete 27-area MBJB list.
JB-FLD-20250319-01,Kampung Paya Kenangan,PPS_ORIGIN_COMMUNITY,SRC_A03,27,PARTIAL_NAMED_SUBSET_ONLY,PENDING_D07C_GAZETTEER_SPATIAL_MATCH,Do not treat this named subset as the complete 27-area MBJB list.
JB-FLD-20250319-01,Kampung Pasir Tebrau,PPS_ORIGIN_COMMUNITY,SRC_A03,27,PARTIAL_NAMED_SUBSET_ONLY,PENDING_D07C_GAZETTEER_SPATIAL_MATCH,Do not treat this named subset as the complete 27-area MBJB list.
JB-FLD-20250319-01,Kampung Laut Skudai,EVACUATION_OPERATION_SITE,SRC_A03,27,PARTIAL_NAMED_SUBSET_ONLY,PENDING_D07C_GAZETTEER_SPATIAL_MATCH,Do not treat this named subset as the complete 27-area MBJB list.
