hotspot_id,policy_order,source_name_raw,canonical_name,source_id,official_hotspot_2025_policy,hotspot_definition,osm_match_status,osm_name_candidate,osm_candidate_count,longitude,latitude,spatial_use_rule
JB-HS-001,1,Wisma Persekutuan,Wisma Persekutuan,SRC_POL2025,True,Flood frequency >=3 times in latest 3 years (policy definition),EXACT_OSM,Wisma Persekutuan,3,103.757818,1.4607782,Only EXACT_OSM / EXACT_ALIAS_OSM coordinates may be used without further manual verification.
JB-HS-002,2,Kg. Bukit Dagang,Kg. Bukit Dagang,SRC_POL2025,True,Flood frequency >=3 times in latest 3 years (policy definition),FUZZY_REVIEW_86,Bukit Batok,0,,,Only EXACT_OSM / EXACT_ALIAS_OSM coordinates may be used without further manual verification.
JB-HS-003,3,Kg. Baru Gelang Patah,Kg. Baru Gelang Patah,SRC_POL2025,True,Flood frequency >=3 times in latest 3 years (policy definition),EXACT_OSM,Kampung Baru Gelang Patah,1,103.59375006520335,1.4384130499999999,Only EXACT_OSM / EXACT_ALIAS_OSM coordinates may be used without further manual verification.
JB-HS-004,4,Kg. Paya Mengkuang,Kg. Paya Mengkuang,SRC_POL2025,True,Flood frequency >=3 times in latest 3 years (policy definition),EXACT_OSM,Kampung Paya Mengkuang,4,103.5837539,1.3861739000000002,Only EXACT_OSM / EXACT_ALIAS_OSM coordinates may be used without further manual verification.
JB-HS-005,5,Kg. Mohd Amin,Kg. Mohd Amin,SRC_POL2025,True,Flood frequency >=3 times in latest 3 years (policy definition),EXACT_OSM,Kampung Mohd Amin,2,103.7354126,1.4673637000000002,Only EXACT_OSM / EXACT_ALIAS_OSM coordinates may be used without further manual verification.
JB-HS-006,6,Jln. Ayer Molek,Jln. Ayer Molek,SRC_POL2025,True,Flood frequency >=3 times in latest 3 years (policy definition),EXACT_OSM,Jalan Ayer Molek,15,103.7587117,1.4594963,Only EXACT_OSM / EXACT_ALIAS_OSM coordinates may be used without further manual verification.
JB-HS-007,7,Jln. Kolam Air,Jln. Kolam Air,SRC_POL2025,True,Flood frequency >=3 times in latest 3 years (policy definition),EXACT_OSM,Jalan Kolam Air,3,103.7220526,1.4823854,Only EXACT_OSM / EXACT_ALIAS_OSM coordinates may be used without further manual verification.
JB-HS-008,8,Kg. Laut Skudai,Kg. Laut Skudai,SRC_POL2025,True,Flood frequency >=3 times in latest 3 years (policy definition),FUZZY_REVIEW_90,Skudai,0,,,Only EXACT_OSM / EXACT_ALIAS_OSM coordinates may be used without further manual verification.
JB-HS-009,9,Kg. Tuah Jaya,Kg. Tuah Jaya,SRC_POL2025,True,Flood frequency >=3 times in latest 3 years (policy definition),EXACT_OSM,Kampung Tuah Jaya,1,103.67629150500503,1.47868675,Only EXACT_OSM / EXACT_ALIAS_OSM coordinates may be used without further manual verification.
JB-HS-010,10,Jln. Gelang Patah – Lima Kedai,Jln. Gelang Patah – Lima Kedai,SRC_POL2025,True,Flood frequency >=3 times in latest 3 years (policy definition),FUZZY_REVIEW_90,Gelang Patah,0,,,Only EXACT_OSM / EXACT_ALIAS_OSM coordinates may be used without further manual verification.
JB-HS-011,11,"Kg. Melayu, Kangkar Pulai","Kg. Melayu, Kangkar Pulai",SRC_POL2025,True,Flood frequency >=3 times in latest 3 years (policy definition),EXACT_OSM,Kampung Melayu Kangkar Pulai,1,103.58664132190387,1.55863325,Only EXACT_OSM / EXACT_ALIAS_OSM coordinates may be used without further manual verification.
JB-HS-012,12,Taman Damai Jaya,Taman Damai Jaya,SRC_POL2025,True,Flood frequency >=3 times in latest 3 years (policy definition),EXACT_OSM,Taman Damai Jaya,3,103.6483307,1.502593,Only EXACT_OSM / EXACT_ALIAS_OSM coordinates may be used without further manual verification.
JB-HS-013,13,Kg. Pasir,Kg. Pasir,SRC_POL2025,True,Flood frequency >=3 times in latest 3 years (policy definition),EXACT_OSM,Kampung Pasir,1,103.6969651,1.4955303000000002,Only EXACT_OSM / EXACT_ALIAS_OSM coordinates may be used without further manual verification.
JB-HS-014,14,Kg. Pulai,Kg. Pulai,SRC_POL2025,True,Flood frequency >=3 times in latest 3 years (policy definition),EXACT_OSM,Kampung Pulai,1,103.56773070000001,1.4749375,Only EXACT_OSM / EXACT_ALIAS_OSM coordinates may be used without further manual verification.
JB-HS-015,15,Kg. Sentosa Barat,Kg. Sentosa Barat,SRC_POL2025,True,Flood frequency >=3 times in latest 3 years (policy definition),FUZZY_REVIEW_90,Sentosa,0,,,Only EXACT_OSM / EXACT_ALIAS_OSM coordinates may be used without further manual verification.
JB-HS-016,16,Kg. Sentosa Damai,Kg. Sentosa Damai,SRC_POL2025,True,Flood frequency >=3 times in latest 3 years (policy definition),FUZZY_REVIEW_90,Damai,0,,,Only EXACT_OSM / EXACT_ALIAS_OSM coordinates may be used without further manual verification.
JB-HS-017,17,Jln. Masai Kong Kong,Jln. Masai Kong Kong,SRC_POL2025,True,Flood frequency >=3 times in latest 3 years (policy definition),FUZZY_REVIEW_95,Jalan Kong Kong,0,,,Only EXACT_OSM / EXACT_ALIAS_OSM coordinates may be used without further manual verification.
JB-HS-018,18,Kg. Sri Serdang,Kg. Sri Serdang,SRC_POL2025,True,Flood frequency >=3 times in latest 3 years (policy definition),EXACT_OSM,Kampung Sri Serdang,1,103.6919335,1.5017487,Only EXACT_OSM / EXACT_ALIAS_OSM coordinates may be used without further manual verification.
JB-HS-019,19,Kg. Maju Jaya,Kg. Maju Jaya,SRC_POL2025,True,Flood frequency >=3 times in latest 3 years (policy definition),EXACT_OSM,Kampung Maju Jaya,1,103.71591810000001,1.5810921,Only EXACT_OSM / EXACT_ALIAS_OSM coordinates may be used without further manual verification.
JB-HS-020,20,FT17 Lebuhraya Pasir Gudang (Persimpangan Bertingkat Bandar Seri Alam/Taman Rinting),FT17 Lebuhraya Pasir Gudang (Persimpangan Bertingkat Bandar Seri Alam/Taman Rinting),SRC_POL2025,True,Flood frequency >=3 times in latest 3 years (policy definition),FUZZY_REVIEW_90,Pasir Gudang,0,,,Only EXACT_OSM / EXACT_ALIAS_OSM coordinates may be used without further manual verification.
JB-HS-021,21,Kg. Dato Sulaiman Menteri,Kg. Dato Sulaiman Menteri,SRC_POL2025,True,Flood frequency >=3 times in latest 3 years (policy definition),EXACT_OSM,Kampung Dato Sulaiman Menteri,1,103.76664770000001,1.5075913,Only EXACT_OSM / EXACT_ALIAS_OSM coordinates may be used without further manual verification.
JB-HS-022,22,Kg. Melayu Pandan,Kg. Melayu Pandan,SRC_POL2025,True,Flood frequency >=3 times in latest 3 years (policy definition),EXACT_OSM,Kampung Melayu Pandan,1,103.77385834642078,1.52264915,Only EXACT_OSM / EXACT_ALIAS_OSM coordinates may be used without further manual verification.
JB-HS-023,23,Kg. Plentong Baru,Kg. Plentong Baru,SRC_POL2025,True,Flood frequency >=3 times in latest 3 years (policy definition),EXACT_OSM,Kampung Plentong Baru,2,103.81668850000001,1.5179158000000001,Only EXACT_OSM / EXACT_ALIAS_OSM coordinates may be used without further manual verification.
JB-HS-024,24,Kg. Sg. Tiram,Kg. Sg. Tiram,SRC_POL2025,True,Flood frequency >=3 times in latest 3 years (policy definition),EXACT_OSM,Kampung Sungai Tiram,1,103.8806315,1.5843974,Only EXACT_OSM / EXACT_ALIAS_OSM coordinates may be used without further manual verification.
JB-HS-025,25,Kg. Batu 20,Kg. Batu 20,SRC_POL2025,True,Flood frequency >=3 times in latest 3 years (policy definition),FUZZY_REVIEW_90,20,0,,,Only EXACT_OSM / EXACT_ALIAS_OSM coordinates may be used without further manual verification.
JB-HS-026,26,Kg. Oren,Kg. Oren,SRC_POL2025,True,Flood frequency >=3 times in latest 3 years (policy definition),FUZZY_REVIEW_90,"Jalan Kempas, Kampung Oren",0,,,Only EXACT_OSM / EXACT_ALIAS_OSM coordinates may be used without further manual verification.
JB-HS-027,27,Kg. Paya Kenangan,Kg. Paya Kenangan,SRC_POL2025,True,Flood frequency >=3 times in latest 3 years (policy definition),FUZZY_REVIEW_86,Paya Lebar,0,,,Only EXACT_OSM / EXACT_ALIAS_OSM coordinates may be used without further manual verification.
JB-HS-028,28,Kg. Kangkar Tebrau,Kg. Kangkar Tebrau,SRC_POL2025,True,Flood frequency >=3 times in latest 3 years (policy definition),EXACT_OSM,Kampung Kangkar Tebrau,1,103.75660417305872,1.531815,Only EXACT_OSM / EXACT_ALIAS_OSM coordinates may be used without further manual verification.
JB-HS-029,29,Kg. Pasir Tebrau,Kg. Pasir Tebrau,SRC_POL2025,True,Flood frequency >=3 times in latest 3 years (policy definition),FUZZY_REVIEW_90,Tebrau,0,,,Only EXACT_OSM / EXACT_ALIAS_OSM coordinates may be used without further manual verification.
JB-HS-030,30,Kg. Baru Muafakat,Kg. Baru Muafakat,SRC_POL2025,True,Flood frequency >=3 times in latest 3 years (policy definition),EXACT_OSM,Kampung Baru Muafakat,1,103.59511800196867,1.44300435,Only EXACT_OSM / EXACT_ALIAS_OSM coordinates may be used without further manual verification.
JB-HS-031,31,Taman Syed Idrus,Taman Syed Idrus,SRC_POL2025,True,Flood frequency >=3 times in latest 3 years (policy definition),FUZZY_REVIEW_86,Opposite Taman Jurong Greens,0,,,Only EXACT_OSM / EXACT_ALIAS_OSM coordinates may be used without further manual verification.
JB-HS-032,32,Persimpangan Jln Bandar & Jln Nikel,Persimpangan Jln Bandar & Jln Nikel,SRC_POL2025,True,Flood frequency >=3 times in latest 3 years (policy definition),FUZZY_REVIEW_90,Simpang,0,,,Only EXACT_OSM / EXACT_ALIAS_OSM coordinates may be used without further manual verification.
JB-HS-033,33,Taman Lily Jasmine / Taman Tampoi Indah,Taman Lily Jasmine / Taman Tampoi Indah,SRC_POL2025,True,Flood frequency >=3 times in latest 3 years (policy definition),EXACT_ALIAS_OSM,Taman Tampoi Indah,1,103.68188860000001,1.5104756000000001,Only EXACT_OSM / EXACT_ALIAS_OSM coordinates may be used without further manual verification.
JB-HS-034,34,Kg. Usaha Jaya,Kg. Usaha Jaya,SRC_POL2025,True,Flood frequency >=3 times in latest 3 years (policy definition),EXACT_OSM,Kampung Usaha Jaya,1,103.70717945131776,1.4903650000000002,Only EXACT_OSM / EXACT_ALIAS_OSM coordinates may be used without further manual verification.
JB-HS-035,35,Kg. Syahbandar,Kg. Syahbandar,SRC_POL2025,True,Flood frequency >=3 times in latest 3 years (policy definition),FUZZY_REVIEW_86,Kampung Kembangan Community Club,0,,,Only EXACT_OSM / EXACT_ALIAS_OSM coordinates may be used without further manual verification.
JB-HS-036,36,Kg. Ubi Baru,Kg. Ubi Baru,SRC_POL2025,True,Flood frequency >=3 times in latest 3 years (policy definition),EXACT_OSM,Kampung Ubi Baru,1,103.75693061154315,1.51926785,Only EXACT_OSM / EXACT_ALIAS_OSM coordinates may be used without further manual verification.
JB-HS-037,37,Kg. SC,Kg. SC,SRC_POL2025,True,Flood frequency >=3 times in latest 3 years (policy definition),FUZZY_REVIEW_86,Kampung Pengkalan Rinting,0,,,Only EXACT_OSM / EXACT_ALIAS_OSM coordinates may be used without further manual verification.
JB-HS-038,38,Kg. Paya Sg Reda,Kg. Paya Sg Reda,SRC_POL2025,True,Flood frequency >=3 times in latest 3 years (policy definition),FUZZY_REVIEW_90,Red,0,,,Only EXACT_OSM / EXACT_ALIAS_OSM coordinates may be used without further manual verification.
JB-HS-039,39,Kg. Desa Pinggitan,Kg. Desa Pinggitan,SRC_POL2025,True,Flood frequency >=3 times in latest 3 years (policy definition),FUZZY_REVIEW_90,DES,0,,,Only EXACT_OSM / EXACT_ALIAS_OSM coordinates may be used without further manual verification.
JB-HS-040,40,Kg. Sg Penderam,Kg. Sg Penderam,SRC_POL2025,True,Flood frequency >=3 times in latest 3 years (policy definition),FUZZY_REVIEW_90,Sungai Penderam,0,,,Only EXACT_OSM / EXACT_ALIAS_OSM coordinates may be used without further manual verification.
JB-HS-041,41,Kg. Perigi Acheh,Kg. Perigi Acheh,SRC_POL2025,True,Flood frequency >=3 times in latest 3 years (policy definition),EXACT_OSM,Kampung Perigi Acheh,1,103.9899659,1.4370639,Only EXACT_OSM / EXACT_ALIAS_OSM coordinates may be used without further manual verification.
JB-HS-042,42,Kg. Wawasan,Kg. Wawasan,SRC_POL2025,True,Flood frequency >=3 times in latest 3 years (policy definition),FUZZY_REVIEW_90,SA,0,,,Only EXACT_OSM / EXACT_ALIAS_OSM coordinates may be used without further manual verification.
JB-HS-043,43,Kg. Melayu Baru,Kg. Melayu Baru,SRC_POL2025,True,Flood frequency >=3 times in latest 3 years (policy definition),EXACT_ALIAS_OSM,Kampung Melayu Baru Wawasan,1,103.5806097451823,1.44860455,Only EXACT_OSM / EXACT_ALIAS_OSM coordinates may be used without further manual verification.
JB-HS-044,44,Kg. Bukit Tempurung,Kg. Bukit Tempurung,SRC_POL2025,True,Flood frequency >=3 times in latest 3 years (policy definition),FUZZY_REVIEW_90,Tempur,0,,,Only EXACT_OSM / EXACT_ALIAS_OSM coordinates may be used without further manual verification.
JB-HS-045,45,Kg. Pok,Kg. Pok,SRC_POL2025,True,Flood frequency >=3 times in latest 3 years (policy definition),EXACT_OSM,Kampung Pok,2,103.5800832,1.3576568,Only EXACT_OSM / EXACT_ALIAS_OSM coordinates may be used without further manual verification.
JB-HS-046,46,Kg. Pekajang,Kg. Pekajang,SRC_POL2025,True,Flood frequency >=3 times in latest 3 years (policy definition),EXACT_OSM,Kampung Pekajang,2,103.5605139,1.3587937,Only EXACT_OSM / EXACT_ALIAS_OSM coordinates may be used without further manual verification.
JB-HS-047,47,Kg. Tiram Duku,Kg. Tiram Duku,SRC_POL2025,True,Flood frequency >=3 times in latest 3 years (policy definition),EXACT_OSM,Kampung Tiram Duku,5,103.56678860000001,1.3818375,Only EXACT_OSM / EXACT_ALIAS_OSM coordinates may be used without further manual verification.
JB-HS-048,48,Kg. Pendas Baru,Kg. Pendas Baru,SRC_POL2025,True,Flood frequency >=3 times in latest 3 years (policy definition),EXACT_OSM,Kampung Pendas Baru,2,103.63507670000001,1.3761326,Only EXACT_OSM / EXACT_ALIAS_OSM coordinates may be used without further manual verification.
JB-HS-049,49,Kg. Sepakat,Kg. Sepakat,SRC_POL2025,True,Flood frequency >=3 times in latest 3 years (policy definition),EXACT_OSM,Kampung Sepakat,1,103.6541095,1.5818571000000001,Only EXACT_OSM / EXACT_ALIAS_OSM coordinates may be used without further manual verification.
JB-HS-050,50,Kg. Sg. Rinting,Kg. Sg. Rinting,SRC_POL2025,True,Flood frequency >=3 times in latest 3 years (policy definition),EXACT_OSM,Kampung Sungai Rinting,1,103.87430400000001,1.4805444,Only EXACT_OSM / EXACT_ALIAS_OSM coordinates may be used without further manual verification.
JB-HS-051,51,Taman Rinting,Taman Rinting,SRC_POL2025,True,Flood frequency >=3 times in latest 3 years (policy definition),EXACT_OSM,Taman Rinting,1,103.86684330000001,1.4915580000000002,Only EXACT_OSM / EXACT_ALIAS_OSM coordinates may be used without further manual verification.
JB-HS-052,52,Kg. Bukit Pulai,Kg. Bukit Pulai,SRC_POL2025,True,Flood frequency >=3 times in latest 3 years (policy definition),FUZZY_REVIEW_95,Kampung Pulai,0,,,Only EXACT_OSM / EXACT_ALIAS_OSM coordinates may be used without further manual verification.
