closure_id,subedge_idx,osm_way_id,from_node,to_node,highway,road_class,edge_length_m,closure_overlap_m,overlap_fraction,requires_graph_split,d08_edge_action,geometry
C2025_FT01_19.6_20.0,1134,83505399,133465,133327,trunk,TRUNK,61.75451553269799,18.11335004921113,0.2933121552807003,True,SPLIT_THEN_CLOSE_OVERLAP,"LINESTRING (629137.55 171795.88, 629124.55 171735.51)"
C2025_FT01_19.6_20.0,1133,83505399,133580,133465,trunk,TRUNK,60.27416377940282,60.274163779402784,0.9999999999999994,False,CLOSE_SUBEDGE,"LINESTRING (629147.53 171855.33, 629137.55 171795.88)"
C2025_FT01_19.6_20.0,1132,83505399,133644,133580,trunk,TRUNK,59.48978999450144,59.48978999450139,0.9999999999999992,False,CLOSE_SUBEDGE,"LINESTRING (629153.38 171914.53, 629147.53 171855.33)"
C2025_FT01_19.6_20.0,1131,83505399,133784,133644,trunk,TRUNK,151.96135899806168,151.96135899806166,0.9999999999999998,False,CLOSE_SUBEDGE,"LINESTRING (629164.1 172066.11, 629153.38 171914.53)"
C2025_FT01_19.6_20.0,1130,83505399,133858,133784,trunk,TRUNK,104.54251112992551,104.54251112992551,1.0,False,CLOSE_SUBEDGE,"LINESTRING (629170.73 172170.44, 629164.1 172066.11)"
C2025_FT01_19.6_20.0,274515,769687376,134067,133858,trunk,TRUNK,92.79700425952628,5.6188260488975175,0.0605496491371994,True,SPLIT_THEN_CLOSE_OVERLAP,"LINESTRING (629189.7 172261.28, 629170.73 172170.44)"
C2025_J105_7.0_7.5,389563,1184511613,182689,182922,primary,PRIMARY,78.39183476105318,22.872992309532872,0.2917777390879068,True,SPLIT_THEN_CLOSE_OVERLAP,"LINESTRING (635622.26 173402.63, 635652.58 173474.92)"
C2025_J105_7.0_7.5,389564,1184511613,182922,183100,primary,PRIMARY,47.6376975665177,47.63867861306396,1.0,False,CLOSE_SUBEDGE,"LINESTRING (635652.58 173474.92, 635669.69 173519.38)"
C2025_J105_7.0_7.5,389565,1184511613,183100,183251,primary,PRIMARY,46.81703249214353,46.81282089342063,0.9999100413140536,False,CLOSE_SUBEDGE,"LINESTRING (635669.69 173519.38, 635685.7 173563.37)"
C2025_J105_7.0_7.5,425817,1435818718,183154,183043,primary,PRIMARY,25.19067713507719,22.352142067918017,0.8873180323046336,True,SPLIT_THEN_CLOSE_OVERLAP,"LINESTRING (635675.67 173453.17, 635664.99 173430.36)"
C2025_J105_7.0_7.5,425816,1435818718,183233,183154,primary,PRIMARY,23.354334088755497,23.35248594900824,0.9999208652346824,False,CLOSE_SUBEDGE,"LINESTRING (635683.36 173475.22, 635675.67 173453.17)"
C2025_J105_7.0_7.5,389566,1184511613,183251,183334,primary,PRIMARY,29.418709758105503,29.421633197355103,1.0,False,CLOSE_SUBEDGE,"LINESTRING (635685.7 173563.37, 635696.57 173590.71)"
C2025_J105_7.0_7.5,425815,1435818718,183302,183233,primary,PRIMARY,27.336048692879736,27.34374151429576,1.0,False,CLOSE_SUBEDGE,"LINESTRING (635692.67 173500.93, 635683.36 173475.22)"
C2025_J105_7.0_7.5,389567,1184511613,183334,183455,primary,PRIMARY,33.30435825623902,33.30454173235035,1.0,False,CLOSE_SUBEDGE,"LINESTRING (635696.57 173590.71, 635708.87 173621.66)"
C2025_J105_7.0_7.5,425814,1435818718,183397,183302,primary,PRIMARY,21.532372155984355,21.526181732943424,0.9997125062210478,False,CLOSE_SUBEDGE,"LINESTRING (635702.9 173519.87, 635692.67 173500.93)"
C2025_J105_7.0_7.5,389568,1184511613,183455,183579,primary,PRIMARY,36.954485033729306,36.95009742882623,0.999881270029901,False,CLOSE_SUBEDGE,"LINESTRING (635708.87 173621.66, 635722.76 173655.9)"
C2025_J105_7.0_7.5,425813,1435818718,183478,183397,primary,PRIMARY,21.85195842068253,21.85553019258469,1.0,False,CLOSE_SUBEDGE,"LINESTRING (635711.69 173539.88, 635702.9 173519.87)"
C2025_J105_7.0_7.5,425812,1435818718,183557,183478,primary,PRIMARY,23.10009725242064,23.09429583252995,0.9997488573391144,False,CLOSE_SUBEDGE,"LINESTRING (635719.08 173561.76, 635711.69 173539.88)"
C2025_J105_7.0_7.5,389569,1184511613,183579,183612,primary,PRIMARY,11.57965913099714,11.580345417990186,1.0,False,CLOSE_SUBEDGE,"LINESTRING (635722.76 173655.9, 635726.38 173666.9)"
C2025_J105_7.0_7.5,425811,1435818718,183593,183557,primary,PRIMARY,32.63658432899276,32.64476987207455,1.0,False,CLOSE_SUBEDGE,"LINESTRING (635724.51 173593.95, 635719.08 173561.76)"
C2025_J105_7.0_7.5,389570,1184511613,183612,183663,primary,PRIMARY,14.940564986663103,14.938038693229664,0.999830910448454,False,CLOSE_SUBEDGE,"LINESTRING (635726.38 173666.9, 635731.67 173680.87)"
C2025_J105_7.0_7.5,425810,1435818718,183621,183593,primary,PRIMARY,32.05318353958783,32.05426024726562,1.0,False,CLOSE_SUBEDGE,"LINESTRING (635728.21 173625.79, 635724.51 173593.95)"
C2025_J105_7.0_7.5,389571,1184511613,183663,184353,primary,PRIMARY,143.22465220419028,143.230545624873,1.0,False,CLOSE_SUBEDGE,"LINESTRING (635731.67 173680.87, 635784.93 173813.83)"
C2025_J105_7.0_7.5,425809,1435818718,183682,183621,primary,PRIMARY,24.202261329355977,24.201623912473348,0.9999736629204208,False,CLOSE_SUBEDGE,"LINESTRING (635733.16 173649.48, 635728.21 173625.79)"
C2025_J105_7.0_7.5,425808,1435818718,183760,183682,primary,PRIMARY,25.587344863524,25.5829044480954,0.9998264604845762,False,CLOSE_SUBEDGE,"LINESTRING (635741.31 173673.73, 635733.16 173649.48)"
C2025_J105_7.0_7.5,425807,1435818718,183864,183760,primary,PRIMARY,23.41051405081969,23.409692437053927,0.999964904069856,False,CLOSE_SUBEDGE,"LINESTRING (635749.2 173695.77, 635741.31 173673.73)"
C2025_J105_7.0_7.5,425806,1435818718,184047,183864,primary,PRIMARY,41.24675584381526,41.24292545397226,0.9999071347609132,False,CLOSE_SUBEDGE,"LINESTRING (635763.1 173734.6, 635749.2 173695.77)"
C2025_J105_7.0_7.5,425805,1435818718,184265,184047,primary,PRIMARY,34.663556892799434,34.6665905448049,1.0,False,CLOSE_SUBEDGE,"LINESTRING (635777.64 173766.07, 635763.1 173734.6)"
C2025_J105_7.0_7.5,425804,1435818718,184302,184265,primary,PRIMARY,6.258364148284508,6.25768327735062,0.9998912062453136,False,CLOSE_SUBEDGE,"LINESTRING (635780.33 173771.72, 635777.64 173766.07)"
C2025_J105_7.0_7.5,389572,1184511613,184353,184618,primary,PRIMARY,66.48301674187489,66.48352728309222,1.0,False,CLOSE_SUBEDGE,"LINESTRING (635784.93 173813.83, 635809.06 173875.78)"
C2025_J105_7.0_7.5,389573,1184511613,184618,184699,primary,PRIMARY,13.29351714499008,13.287682265869314,0.9995610733369412,False,CLOSE_SUBEDGE,"LINESTRING (635809.06 173875.78, 635815.34 173887.49)"
C2025_J105_7.0_7.5,389574,1184511613,184699,184812,primary,PRIMARY,19.77535495878332,19.782355774821102,1.0,False,CLOSE_SUBEDGE,"LINESTRING (635815.34 173887.49, 635824.64 173904.95)"
C2025_J105_7.0_7.5,425803,1435818718,184774,184302,primary,PRIMARY,107.2146653567347,107.21620120114672,1.0,False,CLOSE_SUBEDGE,"LINESTRING (635821.66 173870.65, 635780.33 173771.72)"
C2025_J105_7.0_7.5,389575,1184511613,184812,185003,primary,PRIMARY,31.284259426824114,13.697607974580578,0.4378434466898652,True,SPLIT_THEN_CLOSE_OVERLAP,"LINESTRING (635824.64 173904.95, 635840.98 173931.63)"
C2025_J105_7.0_7.5,425802,1435818718,184926,184774,primary,PRIMARY,29.198662290232345,29.19859756905202,0.9999977834196758,False,CLOSE_SUBEDGE,"LINESTRING (635834.75 173896.75, 635821.66 173870.65)"
C2025_J105_7.0_7.5,425801,1435818718,184934,184926,primary,PRIMARY,1.2722981014873254,1.2745587471644677,1.0,False,CLOSE_SUBEDGE,"LINESTRING (635835.32 173897.89, 635834.75 173896.75)"
C2025_J105_7.0_7.5,425800,1435818718,185062,184934,primary,PRIMARY,20.07986235392502,2.7260868069380044,0.1357622258005735,True,SPLIT_THEN_CLOSE_OVERLAP,"LINESTRING (635845.31 173915.31, 635835.32 173897.89)"
C2025_J46_2.0_2.3,281849,771347961,24445,24491,secondary,SECONDARY,21.27498131246947,5.426034049111195,0.2550429525374456,True,SPLIT_THEN_CLOSE_OVERLAP,"LINESTRING (618800.6 164004.24, 618821.86 164005.22)"
C2025_J46_2.0_2.3,281850,771347961,24406,24445,secondary,SECONDARY,18.968577120419337,18.96857712041924,0.9999999999999948,False,CLOSE_SUBEDGE,"LINESTRING (618781.65 164005.12, 618800.6 164004.24)"
C2025_J46_2.0_2.3,281851,771347961,24357,24406,secondary,SECONDARY,21.573030941773634,21.573030941773595,0.9999999999999982,False,CLOSE_SUBEDGE,"LINESTRING (618760.33 164008.36, 618781.65 164005.12)"
C2025_J46_2.0_2.3,281852,771347961,24263,24357,secondary,SECONDARY,44.421019524232456,44.42101952423264,1.000000000000004,False,CLOSE_SUBEDGE,"LINESTRING (618717.67 164020.76, 618760.33 164008.36)"
C2025_J46_2.0_2.3,281853,771347961,24109,24263,secondary,SECONDARY,90.34008258260364,90.34008258260384,1.000000000000002,False,CLOSE_SUBEDGE,"LINESTRING (618631.15 164046.76, 618717.67 164020.76)"
C2025_J46_2.0_2.3,281854,771347961,24036,24109,secondary,SECONDARY,44.84402641272243,44.84402641272254,1.0000000000000024,False,CLOSE_SUBEDGE,"LINESTRING (618588.64 164061.04, 618631.15 164046.76)"
C2025_J46_2.0_2.3,281855,771347961,23938,24036,secondary,SECONDARY,37.68398635616037,37.6839863561604,1.0000000000000009,False,CLOSE_SUBEDGE,"LINESTRING (618552.42 164071.43, 618588.64 164061.04)"
C2025_J46_2.0_2.3,281856,771347961,23765,23938,secondary,SECONDARY,119.7674173464365,36.74324301297656,0.3067883054261235,True,SPLIT_THEN_CLOSE_OVERLAP,"LINESTRING (618437.32 164104.54, 618552.42 164071.43)"
C2025_FT003_9.1_10.0,262331,765798577,248540,249562,trunk,TRUNK,126.83505272603468,28.35554010861597,0.2235623315414572,True,SPLIT_THEN_CLOSE_OVERLAP,
C2025_FT003_9.1_10.0,213682,667269452,249562,249885,trunk,TRUNK,45.19640693678716,45.19640676199651,0.9999999961326428,False,CLOSE_SUBEDGE,
C2025_FT003_9.1_10.0,374325,1066605438,249885,250151,trunk,TRUNK,35.54324127039405,35.54326815974946,1.0000007565251352,False,CLOSE_SUBEDGE,
C2025_FT003_9.1_10.0,213681,667269451,250151,250400,trunk,TRUNK,39.45383378073322,39.45384623967311,1.0000003157852786,False,CLOSE_SUBEDGE,
C2025_FT003_9.1_10.0,262250,765779576,250400,250641,trunk,TRUNK,28.15603132543498,28.15602035124357,0.9999996102365676,False,CLOSE_SUBEDGE,
C2025_FT003_9.1_10.0,262251,765779576,250641,250678,trunk,TRUNK,4.618051537137498,4.618051434787958,0.9999999778370727,False,CLOSE_SUBEDGE,
C2025_FT003_9.1_10.0,262252,765779576,250678,251248,trunk,TRUNK,69.27028944651802,69.270241355488,0.9999993057481006,False,CLOSE_SUBEDGE,
C2025_FT003_9.1_10.0,262253,765779576,251248,251290,trunk,TRUNK,7.202867484616079,7.202864988950751,0.9999996535178061,False,CLOSE_SUBEDGE,
C2025_FT003_9.1_10.0,262254,765779576,251290,252168,trunk,TRUNK,107.99730829970409,107.99736993605075,1.0000005707211377,False,CLOSE_SUBEDGE,
C2025_FT003_9.1_10.0,262255,765779576,252168,252250,trunk,TRUNK,8.58156745593745,8.58156732563657,0.9999999848161912,False,CLOSE_SUBEDGE,
C2025_FT003_9.1_10.0,262256,765779576,252250,252495,trunk,TRUNK,27.551960002895207,27.552107682393398,1.0000053600360257,False,CLOSE_SUBEDGE,
C2025_FT003_9.1_10.0,262257,765779576,252495,252815,trunk,TRUNK,37.51273117221045,37.51273116599987,0.9999999998344407,False,CLOSE_SUBEDGE,
C2025_FT003_9.1_10.0,262208,765779568,252815,253230,trunk,TRUNK,48.525080113300405,48.52539737794541,1.0000065381580878,False,CLOSE_SUBEDGE,
C2025_FT003_9.1_10.0,262209,765779568,253230,253484,trunk,TRUNK,32.17768481414055,32.177822353352894,1.0000042743663238,False,CLOSE_SUBEDGE,
C2025_FT003_9.1_10.0,262210,765779568,253484,253727,trunk,TRUNK,30.47766723358004,30.4776480526034,0.9999993706546996,False,CLOSE_SUBEDGE,
C2025_FT003_9.1_10.0,262211,765779568,253727,254528,trunk,TRUNK,91.16655581950825,91.16660284267527,1.0000005157940497,False,CLOSE_SUBEDGE,
C2025_FT003_9.1_10.0,274112,769476228,254528,255049,trunk,TRUNK,56.61638632060709,56.61638630920061,0.9999999997985304,False,CLOSE_SUBEDGE,
C2025_FT003_9.1_10.0,274113,769476228,255049,255113,trunk,TRUNK,7.522300180139974,7.522291960718576,0.9999989073260571,False,CLOSE_SUBEDGE,
C2025_FT003_9.1_10.0,262244,765779575,255113,255332,trunk,TRUNK,27.994622697894116,27.99462250802935,0.9999999932178131,False,CLOSE_SUBEDGE,
C2025_FT003_9.1_10.0,262245,765779575,255332,255447,trunk,TRUNK,11.343059551988139,11.343074397716919,1.0000013087940438,False,CLOSE_SUBEDGE,
C2025_FT003_9.1_10.0,262246,765779575,255447,255566,trunk,TRUNK,11.882844777268236,11.882831933669877,0.9999989191478472,False,CLOSE_SUBEDGE,
C2025_FT003_9.1_10.0,262247,765779575,255566,255726,trunk,TRUNK,21.023027850465677,21.02298282308766,0.9999978581877769,False,CLOSE_SUBEDGE,
C2025_FT003_9.1_10.0,262248,765779575,255726,255835,trunk,TRUNK,10.69596652949998,10.695966299852444,0.9999999785295199,False,CLOSE_SUBEDGE,
C2025_FT003_9.1_10.0,262249,765779575,255835,255914,trunk,TRUNK,11.037218852564433,11.037173059248744,0.9999958510095432,False,CLOSE_SUBEDGE,
C2025_FT003_9.1_10.0,262239,765779574,255914,256101,trunk,TRUNK,20.41566555368621,20.41521404708692,0.9999778843066319,False,CLOSE_SUBEDGE,
C2025_FT003_9.1_10.0,262240,765779574,256101,256231,trunk,TRUNK,19.380923610625825,19.38092317817609,0.9999999776868356,False,CLOSE_SUBEDGE,
C2025_FT003_9.1_10.0,262241,765779574,256231,256331,trunk,TRUNK,18.61489994594474,18.614598663807556,0.9999838150009907,False,CLOSE_SUBEDGE,
C2025_FT003_9.1_10.0,262242,765779574,256331,256481,trunk,TRUNK,21.709060320542253,21.709059844199146,0.9999999780578661,False,CLOSE_SUBEDGE,
C2025_FT003_9.1_10.0,262243,765779574,256481,256690,trunk,TRUNK,23.023120987432776,19.977388838044135,0.8677098491098943,True,SPLIT_THEN_CLOSE_OVERLAP,
C2025_FT003_9.1_10.0,265431,767356816,249555,249296,trunk,TRUNK,34.97204169046261,21.365997072362006,0.6109450875494303,True,SPLIT_THEN_CLOSE_OVERLAP,
C2025_FT003_9.1_10.0,262300,765791570,249819,249555,trunk,TRUNK,34.384492143940555,34.384502208806225,1.0000002927152634,False,CLOSE_SUBEDGE,
C2025_FT003_9.1_10.0,213683,667269453,250178,249819,trunk,TRUNK,51.61790580803918,51.617763745724005,0.9999972478093996,False,CLOSE_SUBEDGE,
C2025_FT003_9.1_10.0,213684,667269454,250467,250178,trunk,TRUNK,42.05361339997401,42.05361317630559,0.9999999946813507,False,CLOSE_SUBEDGE,
C2025_FT003_9.1_10.0,262302,765791571,250779,250467,trunk,TRUNK,35.57793136206121,35.577936269422935,1.0000001379327448,False,CLOSE_SUBEDGE,
C2025_FT003_9.1_10.0,262301,765791571,251160,250779,trunk,TRUNK,46.18533316975265,46.185327918818984,0.9999998863073338,False,CLOSE_SUBEDGE,
C2025_FT003_9.1_10.0,262234,765779572,251645,251160,trunk,TRUNK,65.81632928080353,65.81632928073213,0.9999999999989152,False,CLOSE_SUBEDGE,
C2025_FT003_9.1_10.0,262233,765779572,251858,251645,trunk,TRUNK,30.65866598527745,30.658642604000306,0.9999992373680852,False,CLOSE_SUBEDGE,
C2025_FT003_9.1_10.0,262232,765779572,252054,251858,trunk,TRUNK,21.016938406942813,21.01693838072788,0.9999999987526759,False,CLOSE_SUBEDGE,
C2025_FT003_9.1_10.0,262231,765779572,252238,252054,trunk,TRUNK,18.209821525720123,18.209836128440656,1.0000008019145334,False,CLOSE_SUBEDGE,
C2025_FT003_9.1_10.0,262230,765779572,252438,252238,trunk,TRUNK,22.258007547851673,22.257908796266747,0.9999955633232349,False,CLOSE_SUBEDGE,
C2025_FT003_9.1_10.0,262273,765787171,252672,252438,trunk,TRUNK,26.81243181813126,26.81243516048471,1.000000124656856,False,CLOSE_SUBEDGE,
C2025_FT003_9.1_10.0,262272,765787171,252853,252672,trunk,TRUNK,20.64335728506495,20.643357138739702,0.9999999929117513,False,CLOSE_SUBEDGE,
C2025_FT003_9.1_10.0,262271,765787171,252970,252853,trunk,TRUNK,15.197289231951736,15.197553204090582,1.000017369685792,False,CLOSE_SUBEDGE,
C2025_FT003_9.1_10.0,262270,765787171,253113,252970,trunk,TRUNK,16.806695094547994,16.806743342584014,1.0000028707628565,False,CLOSE_SUBEDGE,
C2025_FT003_9.1_10.0,262269,765787171,253232,253113,trunk,TRUNK,13.153649683672924,13.15351314097461,0.9999896194058989,False,CLOSE_SUBEDGE,
C2025_FT003_9.1_10.0,262268,765787171,253319,253232,trunk,TRUNK,10.575764747745005,10.575771317562612,1.0000006212144241,False,CLOSE_SUBEDGE,
C2025_FT003_9.1_10.0,388338,1176293999,253699,253319,trunk,TRUNK,48.90350703173607,48.90350693122309,0.9999999979446673,False,CLOSE_SUBEDGE,
C2025_FT003_9.1_10.0,388339,1176294000,254194,253699,trunk,TRUNK,62.48121077570733,62.481404967269555,1.0000031079993459,False,CLOSE_SUBEDGE,
C2025_FT003_9.1_10.0,262212,765779569,254858,254194,trunk,TRUNK,66.30914341174929,66.3091433814734,0.9999999995434131,False,CLOSE_SUBEDGE,
C2025_FT003_9.1_10.0,411675,1351096012,255075,254858,trunk,TRUNK,24.877751104116463,24.877857263940314,1.0000042672596654,False,CLOSE_SUBEDGE,
C2025_FT003_9.1_10.0,262219,765779570,255678,255075,trunk,TRUNK,72.206638199052,72.20651109658138,0.9999982397398108,False,CLOSE_SUBEDGE,
C2025_FT003_9.1_10.0,262218,765779570,255816,255678,trunk,TRUNK,11.904629351540505,11.904625761204443,0.9999996984084127,False,CLOSE_SUBEDGE,
C2025_FT003_9.1_10.0,262217,765779570,255903,255816,trunk,TRUNK,11.588343281129022,11.588441224066628,1.0000084518498658,False,CLOSE_SUBEDGE,
C2025_FT003_9.1_10.0,262216,765779570,256007,255903,trunk,TRUNK,12.491036786381196,12.4911828747845,1.0000116954585758,False,CLOSE_SUBEDGE,
C2025_FT003_9.1_10.0,262215,765779570,256154,256007,trunk,TRUNK,15.175457159592323,15.175384511589073,0.9999952127963931,False,CLOSE_SUBEDGE,
C2025_FT003_9.1_10.0,262214,765779570,256241,256154,trunk,TRUNK,14.221550548339295,14.221621417398637,1.0000049832160778,False,CLOSE_SUBEDGE,
C2025_FT003_9.1_10.0,262213,765779570,256318,256241,trunk,TRUNK,13.864638473431146,13.864510554636581,0.9999907737374609,False,CLOSE_SUBEDGE,
C2025_FT003_9.1_10.0,262229,765779571,256534,256318,trunk,TRUNK,26.972232017397474,26.972214235045612,0.9999993407163393,False,CLOSE_SUBEDGE,
C2025_FT003_9.1_10.0,262228,765779571,256816,256534,trunk,TRUNK,30.408840819782395,26.669426894743083,0.877028725060554,True,SPLIT_THEN_CLOSE_OVERLAP,
