scenario,hospital_id,hospital_name,origin_count,population,population_pct_total,baseline_population,population_change_vs_baseline
D06R_CORRECTED_BASELINE,HOSP_001,Hospital Sultanah Aminah Johor Bahru,1016,43374.965371869504,2.2759947679017922,43374.965371869504,0.0
D06R_CORRECTED_BASELINE,HOSP_002,Hospital Sultan Ismail Johor Bahru,13420,333896.04550517147,17.520374853964167,333896.04550517147,0.0
D06R_CORRECTED_BASELINE,HOSP_003,Hospital Pasir Gudang,2578,50300.7832757947,2.6394100508335763,50300.7832757947,0.0
D06R_CORRECTED_BASELINE,PRIV_001,Columbia Asia Hospital Tebrau,3906,160024.32648989744,8.396883471962912,160024.32648989744,0.0
D06R_CORRECTED_BASELINE,PRIV_002,Columbia Asia Hospital Iskandar Puteri,6668,200067.16357540758,10.498032992595643,200067.16357540758,0.0
D06R_CORRECTED_BASELINE,PRIV_003,Gleneagles Hospital Johor,8650,85024.68073420227,4.461461279207563,85024.68073420227,0.0
D06R_CORRECTED_BASELINE,PRIV_004,KPJ Johor Specialist Hospital,437,20265.442577132024,1.063379322134977,20265.442577132024,0.0
D06R_CORRECTED_BASELINE,PRIV_005,Hospital Penawar,6868,138611.8580609311,7.273316785641216,138611.8580609311,0.0
D06R_CORRECTED_BASELINE,PRIV_006,Kempas Medical Centre,6956,263512.7403545417,13.827183795548706,263512.7403545417,0.0
D06R_CORRECTED_BASELINE,PRIV_007,Kensington Hospital Johor,6457,181924.9647209174,9.546065669577725,181924.9647209174,0.0
D06R_CORRECTED_BASELINE,PRIV_008,KPJ Bandar Dato' Onn Specialist Hospital,6525,128505.23510117829,6.742996570274045,128505.23510117829,0.0
D06R_CORRECTED_BASELINE,PRIV_009,KPJ Puteri Specialist Hospital,2988,127730.50003642496,6.702344250698195,127730.50003642496,0.0
D06R_CORRECTED_BASELINE,PRIV_010,KPJ Pasir Gudang Specialist Hospital,5595,96397.50814710435,5.05822246313239,96397.50814710435,0.0
D06R_CORRECTED_BASELINE,PRIV_011,Regency Specialist Hospital,2104,70967.87377185747,3.7238648609646283,70967.87377185747,0.0
MAR20_OBSERVED,HOSP_001,Hospital Sultanah Aminah Johor Bahru,1016,43374.965371869504,2.2759947679017922,43374.965371869504,0.0
MAR20_OBSERVED,HOSP_002,Hospital Sultan Ismail Johor Bahru,13916,343439.3187188132,18.021134675134938,333896.04550517147,9543.273213641718
MAR20_OBSERVED,HOSP_003,Hospital Pasir Gudang,2578,50300.7832757947,2.6394100508335763,50300.7832757947,0.0
MAR20_OBSERVED,PRIV_001,Columbia Asia Hospital Tebrau,3330,146296.7635678798,7.676563326028737,160024.32648989744,-13727.562922017649
MAR20_OBSERVED,PRIV_002,Columbia Asia Hospital Iskandar Puteri,6668,200067.16357540758,10.498032992595643,200067.16357540758,0.0
MAR20_OBSERVED,PRIV_003,Gleneagles Hospital Johor,8650,85024.68073420227,4.461461279207563,85024.68073420227,0.0
MAR20_OBSERVED,PRIV_004,KPJ Johor Specialist Hospital,437,20265.442577132024,1.063379322134977,20265.442577132024,0.0
MAR20_OBSERVED,PRIV_005,Hospital Penawar,6868,138611.8580609311,7.273316785641216,138611.8580609311,0.0
MAR20_OBSERVED,PRIV_006,Kempas Medical Centre,6866,262780.38830246404,13.788755420459514,263512.7403545417,-732.352052077651
MAR20_OBSERVED,PRIV_007,Kensington Hospital Johor,6457,181924.9647209174,9.546065669577725,181924.9647209174,0.0
MAR20_OBSERVED,PRIV_008,KPJ Bandar Dato' Onn Specialist Hospital,6151,128460.83138306066,6.740666594232687,128505.23510117829,-44.40371811762452
MAR20_OBSERVED,PRIV_009,KPJ Puteri Specialist Hospital,2988,127730.50003642496,6.702344250698195,127730.50003642496,0.0
MAR20_OBSERVED,PRIV_010,KPJ Pasir Gudang Specialist Hospital,5595,96397.50814710435,5.05822246313239,96397.50814710435,0.0
MAR20_OBSERVED,PRIV_011,Regency Specialist Hospital,2104,70967.87377185747,3.7238648609646283,70967.87377185747,0.0
MAR21_OBSERVED,HOSP_001,Hospital Sultanah Aminah Johor Bahru,1016,43374.965371869504,2.2759947679017922,43374.965371869504,0.0
MAR21_OBSERVED,HOSP_002,Hospital Sultan Ismail Johor Bahru,13420,333896.04550517147,17.520374853964167,333896.04550517147,0.0
MAR21_OBSERVED,HOSP_003,Hospital Pasir Gudang,2578,50300.7832757947,2.6394100508335763,50300.7832757947,0.0
MAR21_OBSERVED,PRIV_001,Columbia Asia Hospital Tebrau,3906,160024.32648989744,8.396883471962912,160024.32648989744,0.0
MAR21_OBSERVED,PRIV_002,Columbia Asia Hospital Iskandar Puteri,6668,200067.16357540758,10.498032992595643,200067.16357540758,0.0
MAR21_OBSERVED,PRIV_003,Gleneagles Hospital Johor,8650,85024.68073420227,4.461461279207563,85024.68073420227,0.0
MAR21_OBSERVED,PRIV_004,KPJ Johor Specialist Hospital,437,20265.442577132024,1.063379322134977,20265.442577132024,0.0
MAR21_OBSERVED,PRIV_005,Hospital Penawar,6868,138611.8580609311,7.273316785641216,138611.8580609311,0.0
MAR21_OBSERVED,PRIV_006,Kempas Medical Centre,6956,263512.7403545417,13.827183795548706,263512.7403545417,0.0
MAR21_OBSERVED,PRIV_007,Kensington Hospital Johor,6457,181924.9647209174,9.546065669577725,181924.9647209174,0.0
MAR21_OBSERVED,PRIV_008,KPJ Bandar Dato' Onn Specialist Hospital,6525,128505.23510117829,6.742996570274045,128505.23510117829,0.0
MAR21_OBSERVED,PRIV_009,KPJ Puteri Specialist Hospital,2988,127730.50003642496,6.702344250698195,127730.50003642496,0.0
MAR21_OBSERVED,PRIV_010,KPJ Pasir Gudang Specialist Hospital,5595,96397.50814710435,5.05822246313239,96397.50814710435,0.0
MAR21_OBSERVED,PRIV_011,Regency Specialist Hospital,2104,70967.87377185747,3.7238648609646283,70967.87377185747,0.0
EVENT_FOOTPRINT_UNION,HOSP_001,Hospital Sultanah Aminah Johor Bahru,1016,43374.965371869504,2.2759947679017922,43374.965371869504,0.0
EVENT_FOOTPRINT_UNION,HOSP_002,Hospital Sultan Ismail Johor Bahru,13916,343439.3187188132,18.021134675134938,333896.04550517147,9543.273213641718
EVENT_FOOTPRINT_UNION,HOSP_003,Hospital Pasir Gudang,2578,50300.7832757947,2.6394100508335763,50300.7832757947,0.0
EVENT_FOOTPRINT_UNION,PRIV_001,Columbia Asia Hospital Tebrau,3330,146296.7635678798,7.676563326028737,160024.32648989744,-13727.562922017649
EVENT_FOOTPRINT_UNION,PRIV_002,Columbia Asia Hospital Iskandar Puteri,6668,200067.16357540758,10.498032992595643,200067.16357540758,0.0
EVENT_FOOTPRINT_UNION,PRIV_003,Gleneagles Hospital Johor,8650,85024.68073420227,4.461461279207563,85024.68073420227,0.0
EVENT_FOOTPRINT_UNION,PRIV_004,KPJ Johor Specialist Hospital,437,20265.442577132024,1.063379322134977,20265.442577132024,0.0
EVENT_FOOTPRINT_UNION,PRIV_005,Hospital Penawar,6868,138611.8580609311,7.273316785641216,138611.8580609311,0.0
EVENT_FOOTPRINT_UNION,PRIV_006,Kempas Medical Centre,6866,262780.38830246404,13.788755420459514,263512.7403545417,-732.352052077651
EVENT_FOOTPRINT_UNION,PRIV_007,Kensington Hospital Johor,6457,181924.9647209174,9.546065669577725,181924.9647209174,0.0
EVENT_FOOTPRINT_UNION,PRIV_008,KPJ Bandar Dato' Onn Specialist Hospital,6151,128460.83138306066,6.740666594232687,128505.23510117829,-44.40371811762452
EVENT_FOOTPRINT_UNION,PRIV_009,KPJ Puteri Specialist Hospital,2988,127730.50003642496,6.702344250698195,127730.50003642496,0.0
EVENT_FOOTPRINT_UNION,PRIV_010,KPJ Pasir Gudang Specialist Hospital,5595,96397.50814710435,5.05822246313239,96397.50814710435,0.0
EVENT_FOOTPRINT_UNION,PRIV_011,Regency Specialist Hospital,2104,70967.87377185747,3.7238648609646283,70967.87377185747,0.0
