order_id,order,stage,restored_road,remaining_newly_unreachable_population,subdistrict_weighted_gini_unreachable_rate,subdistrict_weighted_sd_unreachable_rate_pct,subdistrict_max_unreachable_rate_pct,subdistrict_rate_range_pp,subdistrict_weighted_gini_30min_coverage_loss,subdistrict_max_30min_coverage_loss_pp,Tebrau_newly_unreachable_population,Tebrau_newly_unreachable_pct
1,J105 → FT01 → FT003,0,NONE,4961.045478571206,0.7148231460520785,0.4140331666511359,0.9706753180671897,0.9706753180671897,0.7148231460520791,0.9706753180671939,4682.941160429269,0.9706753180671897
1,J105 → FT01 → FT003,1,J105,1741.2879816144705,0.6556021745841571,0.12492519946637523,0.3032872332313749,0.3032872332313749,0.6556021745841578,0.30328723323137297,1463.1836634725332,0.3032872332313749
1,J105 → FT01 → FT003,2,FT01,462.2884850502014,0.45418846253893286,0.021208959040018543,0.045863116215131304,0.045863116215131304,0.4541884625388888,0.04586311621513062,184.18416690826416,0.03817750825214965
1,J105 → FT01 → FT003,3,FT003,0.0,0.0,0.0,0.0,0.0,0.0,0.0,0.0,0.0
2,J105 → FT003 → FT01,0,NONE,4961.045478571206,0.7148231460520785,0.4140331666511359,0.9706753180671897,0.9706753180671897,0.7148231460520791,0.9706753180671939,4682.941160429269,0.9706753180671897
2,J105 → FT003 → FT01,1,J105,1741.2879816144705,0.6556021745841571,0.12492519946637523,0.3032872332313749,0.3032872332313749,0.6556021745841578,0.30328723323137297,1463.1836634725332,0.3032872332313749
2,J105 → FT003 → FT01,2,FT003,1278.999496564269,0.7468506406612512,0.11527389144640024,0.26510972497922525,0.26510972497922525,0.7468506406612512,0.2651097249792258,1278.999496564269,0.26510972497922525
2,J105 → FT003 → FT01,3,FT01,0.0,0.0,0.0,0.0,0.0,0.0,0.0,0.0,0.0
3,FT01 → J105 → FT003,0,NONE,4961.045478571206,0.7148231460520785,0.4140331666511359,0.9706753180671897,0.9706753180671897,0.7148231460520791,0.9706753180671939,4682.941160429269,0.9706753180671897
3,FT01 → J105 → FT003,1,FT01,3682.0459820069373,0.7036980406944808,0.29893831463335263,0.7055655930879644,0.7055655930879644,0.7036980406944816,0.7055655930879681,3403.941663865,0.7055655930879644
3,FT01 → J105 → FT003,2,J105,462.2884850502014,0.45418846253893286,0.021208959040018543,0.045863116215131304,0.045863116215131304,0.4541884625388888,0.04586311621513062,184.18416690826416,0.03817750825214965
3,FT01 → J105 → FT003,3,FT003,0.0,0.0,0.0,0.0,0.0,0.0,0.0,0.0,0.0
4,FT01 → FT003 → J105,0,NONE,4961.045478571206,0.7148231460520785,0.4140331666511359,0.9706753180671897,0.9706753180671897,0.7148231460520791,0.9706753180671939,4682.941160429269,0.9706753180671897
4,FT01 → FT003 → J105,1,FT01,3682.0459820069373,0.7036980406944808,0.29893831463335263,0.7055655930879644,0.7055655930879644,0.7036980406944816,0.7055655930879681,3403.941663865,0.7055655930879644
4,FT01 → FT003 → J105,2,FT003,3219.757496956736,0.7468506406612512,0.2901908696484571,0.6673880848358148,0.6673880848358148,0.7468506406612512,0.6673880848358209,3219.757496956736,0.6673880848358148
4,FT01 → FT003 → J105,3,J105,0.0,0.0,0.0,0.0,0.0,0.0,0.0,0.0,0.0
5,FT003 → J105 → FT01,0,NONE,4961.045478571206,0.7148231460520785,0.4140331666511359,0.9706753180671897,0.9706753180671897,0.7148231460520791,0.9706753180671939,4682.941160429269,0.9706753180671897
5,FT003 → J105 → FT01,1,FT003,4498.756993521005,0.7468506406612512,0.4054647610948573,0.93249780981504,0.93249780981504,0.7468506406612512,0.9324978098150467,4498.756993521005,0.93249780981504
5,FT003 → J105 → FT01,2,J105,1278.999496564269,0.7468506406612512,0.11527389144640024,0.26510972497922525,0.26510972497922525,0.7468506406612512,0.2651097249792258,1278.999496564269,0.26510972497922525
5,FT003 → J105 → FT01,3,FT01,0.0,0.0,0.0,0.0,0.0,0.0,0.0,0.0,0.0
6,FT003 → FT01 → J105,0,NONE,4961.045478571206,0.7148231460520785,0.4140331666511359,0.9706753180671897,0.9706753180671897,0.7148231460520791,0.9706753180671939,4682.941160429269,0.9706753180671897
6,FT003 → FT01 → J105,1,FT003,4498.756993521005,0.7468506406612512,0.4054647610948573,0.93249780981504,0.93249780981504,0.7468506406612512,0.9324978098150467,4498.756993521005,0.93249780981504
6,FT003 → FT01 → J105,2,FT01,3219.757496956736,0.7468506406612512,0.2901908696484571,0.6673880848358148,0.6673880848358148,0.7468506406612512,0.6673880848358209,3219.757496956736,0.6673880848358148
6,FT003 → FT01 → J105,3,J105,0.0,0.0,0.0,0.0,0.0,0.0,0.0,0.0,0.0
