relative_path,size_bytes,sha256
00_README/README_STEP5A2_v0.1.md,1611,35b69a0b6d0eb8b7c39f01b13cd467c89ddb53c0dd469eb8d0d3cd74c44014f4
00_README/STEP5A2_ACQUISITION_FREEZE.txt,724,b02c3d79633322f2c798fa8ac1062781d17508c2bb8dcaf5a1ec4274feffb225
01_LONG_TERM_RAINFALL/IMERG_Acquisition_Spec.csv,678,30c29b0b966bd55cd0604c7ae4e1fd1205bf9877a92cb865d8ca3928015d35c5
01_LONG_TERM_RAINFALL/README_IMERG_ACQUISITION.md,1025,1ceffb8abbad9e443942c106695e3b1ffbfebf18c84dfab313c48ecfbcf6f273
01_LONG_TERM_RAINFALL/verify_imerg_download_inventory.py,853,06105c284472d099c4fcdcfdd1825f9e6a156a701148c5fe246f0954c574dd20
02_IMPERVIOUS_BUILTUP/WORLDCOVER_USE_RULE.txt,518,2a400695204483db72277915e7a9c4a742422e75aac7e80ab5231b56f0eb6aec
02_IMPERVIOUS_BUILTUP/WorldCover_JB_Source_Lock.csv,478,ed81fe0a23b95b6397f29b6d0696cee1859fcf444b509699e93f25233ee18cf3
02_IMPERVIOUS_BUILTUP/download_worldcover_jb.py,1490,b59d0fb5bd4d7842b407f613e590254f04e1e6eafa079b4a7eda4385afc7a2d7
03_DRAINAGE_HYDROGRAPHY/JPS_Drainage_Data_Request_Spec.txt,1198,70a82dc62ca13b6f1ea8113f04918e92de34a0bb6690d917faed38082ba500ab
03_DRAINAGE_HYDROGRAPHY/OSM_Hydrography_Tag_Spec.csv,304,9aa7ef89ef403c24a51e0270e1cfd4061cdf75edd828d08d59ec550bdbd6cf31
03_DRAINAGE_HYDROGRAPHY/extract_osm_hydrography.sh,524,6a180959868b9267c02581e5ef10ab421bb6c02b7166e817ce32aff2ba66ee8c
04_RIVER_TIDE_WATERLEVEL/JB_SPHTN_WaterLevel_Target_Stations.csv,1404,8997b079b1c21c552fe51a1aaaa60703d47eb4038c5fc0a7dd02d70d8d12c499
04_RIVER_TIDE_WATERLEVEL/RIVER_TIDE_MODEL_USE_RULE.txt,656,38b8077bc459f65bd7e37e997a259895b1b2b1c5fed89ef1c4f668117208e104
04_RIVER_TIDE_WATERLEVEL/River_Tide_Data_Source_Plan.csv,870,52dabda3e4c97feac52daa1c70fcae48a2cfc609b69dafaf964f3db7e1ecacca
05_SOURCE_LOCK/Step5A2_Acquisition_Status.csv,1935,b390f4a1a3e7e86847f9233e4e0096f95904204941c56458c8e8574567a3b36c
05_SOURCE_LOCK/Step5A2_Public_Source_Lock.csv,1396,20ce989644ba9ac3c0ae6027311aeadfeeaf86a73560563b6eb7af3f756efdff
06_METADATA/Step5A2_Summary.json,622,c143598a2b4b9c2d3b363987d0050528c3876d6b2a08ea2c0429130d30a3fb15
